Date,Offence Category,Offence,Victim Tally,County,Specific Area,Victim Gender,Victim Age,Perpetrator Tally,Perpetrator Gender,Perpetrator Age,Motive,Weapon,Source,Case Summary,Year,Month,Quarter
2025-01-01,Homicide & Unlawful Killing,Murder,1,Nakuru,,Female,,2.0,Male and Female,,Unknown,Unknown,Daily Nation Pg 15,"A man and his lover linked to the gruesome murder of a woman in Bahati on Christmas Day will be detained for 21 days pending police investigations. The two, believed to be lovers, are suspected of killing Ms Tabitha Wambui, stashing her mutilated body in a gunny bag on December 25, and fleeing. Police stated Ms Njoki was seen with Ms Wambui at a bar in the Ngomongo area of Mawanga estate on Christmas morning.",2025,2025-01,2025 Q1
2025-01-01,Homicide & Unlawful Killing,Murder,1,Tana River,,Male,,20.0,Unknown,,Harassment,Firearm,The Standard Pg 16,"A family from Kone village in Garsen constituency, Tana River County, is seeking justice for its kin who was allegedly shot dead by Kenya Wildlife Service (KWS) officers at his home. Isack Jarso, was shot at close range by people believed to be KWS officers after he allegedly refused to give them unknown number of goats as gifts. The alleged officers numbering about 20 stormed his home and started searching for him before spraying him with bullets and sped off.",2025,2025-01,2025 Q1
2025-01-02,Fraud & Financial Crimes,Fraud,309,Embu,,Male and Female,,,Unknown,,Land resource gain,Unknown,Daily Nation Pg 15,"A bitter row has erupted at a vast group ranch in Iloodokilani in Kajiado West Sub-County after it emerged that more than 60 per cent of the original members have died. The members say the administration officers have been on a grabbing spree using one of the officials following the failing health of his two top colleagues. Chairman of the ranch, Maimpi Ole Katie, and his treasurer, who have been acting in the position since 1989, were taken ill five years ago after losing their eyesight due to old age. The health concerns of the two officials have now become a major cause of unrest among the members, a gap they say has left the members exposed to fraudulent dealings at the vast ranch.",2025,2025-01,2025 Q1
2025-01-02,Assault & Bodily Harm,Assault,1,Busia,,Male and Female,,1.0,Male,,Retaliation,Tear gas,Daily Nation Pg 16,"A police officer accused of throwing tear gas at a public event in Shamata triggered chaos and was later violently attacked by a mob, leading to an ongoing investigation into assault, public disturbance, and improper police conduct.",2025,2025-01,2025 Q1
2025-01-02,Environmental & Wildlife Crimes,Poaching,1,Bomet,,Unknown,,3.0,Male,,Financial gain,Unknown,Daily Nation Pg 16,"Three suspects including a KDF sergeant were arrested in Homa Bay for possessing and transporting a rhino horn valued at KSh 2.9 million, believed to have been illegally obtained from Ruma National Park.",2025,2025-01,2025 Q1
2025-01-02,Abduction & Kidnapping,Abduction,1,Kirinyaga,,Male,,3.0,Male,,Intimidation,Unknown,The Standard Pg 10,"Billy Mwangi, a 24-year-old Kenyan student and government critic, was abducted by four unidentified men from a barbershop in Embu town on December 21, 2024, held in a dark room where he was tortured, and released traumatized on January 6, 2025, amid national protests.",2025,2025-01,2025 Q1
2025-01-02,Homicide & Unlawful Killing,Homicide,1,Nakuru,,Female,,1.0,Female,,Punishment,Unknown,The Standard Pg 10,"A 14-year-old Kenyan girl, Varshti Hainyi, died after being physically beaten by her mother at their home in Limara Village, Teso South, Busia County, allegedly as punishment for returning home intoxicated, prompting the father to seek justice.",2025,2025-01,2025 Q1
2025-01-02,Abduction & Kidnapping,Abduction,2,Bomet,,Male,,,Unknown,,Unknown,Vehicle,The Standard Pg 10,"Two young men from Bomet County were forcibly abducted while traveling to Nairobi on 5 December 2024 and remain missing weeks later, with perpetrators unknown and motive unverified.",2025,2025-01,2025 Q1
2025-01-03,"Robbery, Theft & Burglary",Stealing,1,Uasin Gishu,,Male,,2.0,Male,,Financial gain,Unknown,The Standard Pg 3,"Two suspects accused of stealing money and items from the house of Eldoret High Court presiding judge Reuben Nyakundi have been arraigned. The Judge is said to have entrusted Crispus Namwalto and Lameck Ondiek with moving his belongings from his house on the outskirts of Eldoret town to a new residence. It was later discovered that his watches and other personal items, including an undis-closed amount of cash, were missing.",2025,2025-01,2025 Q1
2025-01-03,Homicide & Unlawful Killing,Murder,3,Elgeyo Marakwet,,Male,,,Unknown,,Land resource gain,Firearm,The Standard Pg 5,"Three men were shot dead in a fierce battle over disputed land. The Kasui and Kiptakitwa clans, which have been embroiled in a long-standing dispute over a piece of land in Mogil, Kerio Valley, Elgeyo Marakwet County, faced off in a morning gun battle. According to police reports, the battle began at 6am. By 10am, when the gunfire subsided, three young men were dead.",2025,2025-01,2025 Q1
2025-01-03,Homicide & Unlawful Killing,Murder,1,Kirinyaga,,Female,,1.0,Male,,Unknown,Unknown,Daily Nation Pg 19,"Purity Makena, a housewife, woke up as usual after celebrating Christmas and went about her daily work in Mahigaini village, Kirinyaga County. That evening, Makena mysteriously disappeared, only to be found the following day, December 27, brutally murdered and dumped on the banks of the Thiba River. Her husband turned himself in at Wang’uru Police Station after enraged residents destroyed his house and threatened to lynch him. He confessed to have murdered his wife.",2025,2025-01,2025 Q1
2025-01-04,Homicide & Unlawful Killing,Murder,1,Bomet,,Male,,1.0,Male,,Anger,Screw Driver,The Standard Pg 3,"The Nyumba kumi elder,Benard Koros was stabbed with a screwdriver in the neck when he was trying to solve a family dispute where the suspect was threatening to kill his parents.",2025,2025-01,2025 Q1
2025-01-04,Abduction & Kidnapping,Abduction,2,Nakuru,,Male,,4.0,Male,,Intimidation,Unknown,The Standard Pg 5,The two brothers were picked up by four men driving a toyota probox and claimed to be police officers.,2025,2025-01,2025 Q1
2025-01-04,Homicide & Unlawful Killing,Murder,2,Nandi,,Male,,,Unknown,,Anger,Unknown,The Standard pg 7,Two suspects were murded at Cheswerta police station by angry locals with the allegations that they killed Enock kiplangat a resident of their area.,2025,2025-01,2025 Q1
2025-01-04,Assault & Bodily Harm,Assault,1,Murang'a,,Male,,1.0,Male,,Harm,Spear,The Standard Pg 7,Police constable Jamleck Mutua had gone to the suspects home to make inquiries about the injured sheep before the suspect fired a spear that hit his left thigh.,2025,2025-01,2025 Q1
2025-01-04,Assault & Bodily Harm,Attempted Assault,1,Nyandarua,,Male,,1.0,Male,,Intimidation,Tear gas,Daily Nation Pg 4,A police constable attacked Rigathi's Gachaguas prayer rally by throwing a teargas canister near the podium causing chaos.,2025,2025-01,2025 Q1
2025-01-05,Homicide & Unlawful Killing,Murder,1,Busia,,Male,,,Unknown,,Anger,Unknown,Daily Nation Pg 11,"A middle-aged man, Mr Jotham Oduor was attacked and killed by a mob after being accused of stabbing to death Mt Naman Ochieng.",2025,2025-01,2025 Q1
2025-01-05,Homicide & Unlawful Killing,Murder,1,Nairobi,,Male,,,Unknown,,Unknown,Unknown,Daily Nation Pg 5,"The lifeless body of Ian Sangoe, an engineer, was found in Mwiki, Kasarani after a search by family, relatives and friends under unclear circumstances. The 26 year old had been missing for four days",2025,2025-01,2025 Q1
2025-01-05,Homicide & Unlawful Killing,Murder,1,Kiambu,,Male,,,Unknown,,Unknown,Unknown,Daily Nation Pg 5,"In Kiambu County, 27-year-old, John Muchiri Muthoni was found dead by the road side in Kawaida area  on Saturday, hours after he had left for the club in the neighborhood with a friend.",2025,2025-01,2025 Q1
2025-01-05,Homicide & Unlawful Killing,Murder,1,Mombasa,,Male,,,Unknown,,Anger,Unknown,Daily Nation Pg 10,"An angry mob lynched a man at Vyemani Grounds in Likoni, Mombasa County after he brandished an AK-47 rifle and fired multiple shots, causing panic in the area.",2025,2025-01,2025 Q1
2025-01-05,Homicide & Unlawful Killing,Murder,1,Busia,,Male,,1.0,Male,,Unknown,Unknown,Daily Nation Pg 11,"Mr Jotham Oduor was accused of stabbing to death Mr Naman Ochieng from Lubanga Village, Matungu sub-county, Kakamega.",2025,2025-01,2025 Q1
2025-01-06,Homicide & Unlawful Killing,Murder,1,Nakuru,,Male,,,Unknown,,Business rivalry,Unknown,The Standard Pg 5,A family in Kinangop are seeking for justice after their son who went missing for four days found dumped in a water pan at MwendaAndu Village. The investigations have been launched.,2025,2025-01,2025 Q1
2025-01-06,Homicide & Unlawful Killing,Murder,1,Kirinyaga,,Male,,,Unknown,,Unknown,Unknown,Daily Nation Pg 17,"A 48 year Old George Githinji who went missing on 19 December 2024 was found brutally murdered and his body dumped in a rice canal. Besides that, he was last seen when he withdrewed money from an M-pesa shop before dissappearing.",2025,2025-01,2025 Q1
2025-01-06,Homicide & Unlawful Killing,Grievous Harm And Murder,2,Mombasa,,Male and Female,,2.0,Male,,Unknown,Crowbar and knife,Daily Nation Pg 17,Two armed men raided the house of Ms. Aisha Aboubakar an IEBC official at 3AM and claimed her life and injured her son while trying to rescue his mum. The Homicides detectives are investigating the matter.,2025,2025-01,2025 Q1
2025-01-07,Traffic & Safety Offences,Reckless Driving,32,Nakuru,,Male and Female,,1.0,Male,,Wreckless driving,Vehicle,The Standard Pg 11,"Another fatal accident was reported along the Nakuru - nairobi Highway involving a matatu and mini-bus, where witnesses accounted the mini-bus overtaking and ramming the matatu head on leaving 32 passangers injured from both vehicles.",2025,2025-01,2025 Q1
2025-01-07,Traffic & Safety Offences,Reckless Driving,3,Murang'a,,Male and Female,,1.0,Male,,Wreckless driving,Vehicle,The Standard Pg 11,"A fatal accident was reported in Murang'a county involving two PSVs- Nakkons sacco and Murang'a shuttle sacco along Kenol road, witnesses reported the Nakkon matatu was at a high speed and ended losing control raming the Murang'a shuttle matatu head on, victims rushed to Murang'a level 5 hsptl, ",2025,2025-01,2025 Q1
2025-01-07,Homicide & Unlawful Killing,Murder,1,Nakuru,,Female,,1.0,Male,,Unknown,Unknown,The Standard Pg 10,"The police in Nakuru are on a man hunt for a suspect-husband after murder of a middle aged woman, 36yr old found dead on her bed in their new rental house in Shalom Estate, Bahati several days after she was reported missing. The suspect left behind his phone and motorbike while the Sub-County Police Commissioner L. Wachira is confident detectives will catch up to the suspected perpetrator.",2025,2025-01,2025 Q1
2025-01-07,Homicide & Unlawful Killing,Murder,1,Laikipia,,Female,,,Unknown,,Unknown,Knife and Panga,The Standard Pg 7,"Reports of murder in Gatundia town left villagers shocked as an elderly woman, Lucy Wanjiru Ndungu was found dead, throat slit with a knife and body hacked lying in a pool of blood where her Husband raised alarm to the neighbours on retreating home from a sunday service in church.",2025,2025-01,2025 Q1
2025-01-07,"Robbery, Theft & Burglary",Stealing,2,Siaya,,Male,,,Unknown,,Financial gain,Unknown,The Standard Pg 7,Residents of Usigu Sub-County in Bondo count heavy losses linked to the rise of scrap metal theft from households to construction sites; Peter Omodni and Daniel Amara are among the victims who've reported theft incidence at Usenge Police station in their homes but no suspect have been uprehended.,2025,2025-01,2025 Q1
2025-01-07,"Robbery, Theft & Burglary",Assault And Robbery,1,Nairobi,,Unknown,,1.0,Male,,Financial gain,Large Stone,Daily Nation Pg 16,"The siblings who were brutally assaulted at Nairobi’s Southern Bypass last week have positively identified the machete-wielding man suspected of executing the attack. The suspect was arrested three days ago by police officers on patrol at the same road, shortly after robbing another family whose car had hit a large stone that he had placed on the road.",2025,2025-01,2025 Q1
2025-01-07,Drugs & Contraband,Drug Possession,1,Kajiado,,Male and Female,,7.0,Male and Female,,Drug Trafficking,Meth,The Standard Pg 8,"Betty Mukami Micheni, Israel Alvarado, Egwu Ogba Mba, Ojukwu Awu - A Kenyan, Mexican, and Nigerian individuals respectively face charges of possessing proceeds of crime, operating a clandestine lab in Namanga, Kajiado county, which produces Meth drug. The Kenyan had two passports one from India where some of the chemical substances originated from, while the Nigerians had no work permits. ",2025,2025-01,2025 Q1
2025-01-07,Homicide & Unlawful Killing,Murder,3,Mombasa,,Male,,1.0,Male,,Wreckless driving,Vehicle,Daily Nation Pg 15,"Tragedy has struck a family that lost two brothers in a road accident on Christmas Day, after their third brother died on New Year’s Eve as burial preparations were ongoing. The family from Jakaba village in Mariakani Ward lost their two sons in a December 25 morning accident at the Dam View area on Kaloleni-Mariakani road. Their third son, Brian Sanya Odeya, 24, succumbed to injuries at the ICU at the Coast General Hospital on December 31 at 1:30pm. Sanya was with his two deceased brothers, Benjamin Dubi, 27, and Oscar Okumu, 25, among other youths who were heading home after attending a Mr and Miss Mariakani Beauty Pageant at Atlantis Hotel when they were hit by a speeding car driven by a Kilifi County government staff member. During the crash, three people were pronounced dead on the spot while a fourth one died while undergoing treatment at Mariakani Health Centre, and others were fighting for their lives after sustaining severe head and body injuries.",2025,2025-01,2025 Q1
2025-01-07,Homicide & Unlawful Killing,Murder And Burglary,1,Mombasa,,Female,,2.0,Male,,Burglary,Unknown,Daily Nation Pg 15,"Reports of murder; Kilifi County elections manager Aisha Abubakar in Mombasa have deepened after it was confirmed that crucial electoral equipment and documents were stolen from the house, indications that the attackers wanted her dead. Her eldest son, Mr Abubakar Salim, yesterday said they were convinced that the two men were out to kill. However, this was not captured in a police report which detailed the incident. According to the report, the items stolen were mobile phones, a 65-inch TV, sound system, and an iPad.",2025,2025-01,2025 Q1
2025-01-07,Fraud & Financial Crimes,Fraud,1,Nairobi,,Unknown,,3.0,Male,,Financial gain,Forged documents,Daily Nation Pg 11,"A Dubai-based firm has sued a gold-trading company seeking a refund of more than Sh63 million it paid for the precious metal in June but was never delivered as agreed. SH Trading DMCC says in court documents that it paid $489,950 for purchase of 700 kilogrammes of gold to be delivered in Dubai on June 5, 2024 by Kerongwe & Sons General Traders Ltd and its Chief Executive Officer John Kerongwe Mwita who were referred through contacts at the Kenyan Ministry of Mining, hence the firm had total confidence when dealing with them or the contacts that they provided. The lawyer said they produced the evaluation certificate dated May 24, 2024 of the gold samples allegedly determined by the Ministry of Mining, Blue Economy and Maritime Affairs. The firm said it demanded from Mr Kerongwe, who was acting together with Bulk Cargo Logistics Ltd, Mr Damian Chacha and Mr Edwin Hadad the gold bars and were physically produced during a meeting the sellers’ offices in Spring Valley.",2025,2025-01,2025 Q1
2025-01-07,Fraud & Financial Crimes,Embezzlement Of Public Funds,1,Unknown,,Male and Female,,,Male and Female,,Financial gain,Unknown,Daily Nation Pg 8,"An audit report released in December last year, reveals serious mismanagement of the National Government-Constituency Development Fund (NG-CDF) bursary kitties, that millions of bursary cash meant for needy learners could be ending up in the pockets of a few corrupt officers and MPs. Bursaries are issued to non-existent learners. Further, no details of names of the learning institutions, bank details, bursary amounts, full names of beneficiaries and their admission numbers or acknowledgement letters or receipts from institutions hosting the learners were presented. The affected constituencies include Sabatia, Rongo, Nakuru East, Narok West and Embakasi North. Others are Webuye East,Turbo, Suba North, Sotik, Nyaribari Chache, Naivasha, Mwingi Central, Mogotio, Olkalou, Nyakach, Malindi and Westlands.",2025,2025-01,2025 Q1
2025-01-07,Abduction & Kidnapping,Abduction,6,Nairobi,,Male,,,Unknown,,Intimidation,Gun and Vehicle,Daily Nation Pg 6,Five of the six young men were released yesterday in a seemingly coordinated manner across the country. The youth all have one thing in common—they have created or posted images and text critical of President Ruto’s administration on social media. Weeks after Inspector-General of Police Douglas Kanja released a statement saying his officers had nothing to do with the abductions—and promising to investigate—questions linger on the squads operating with impunity and with the capacity to track their targets with precision.,2025,2025-01,2025 Q1
2025-01-07,Fraud & Financial Crimes,Embezzlement Of Public Funds,1,Elgeyo Marakwet,,Male and Female,,,Unknown,,Financial gain,Unknown,Daily Nation Pg 2,"According to a 7 January 2025 publication in Daily Nation, the Auditor-General’s report flagged unexplained expenditure of approximately KSh 147.7 million by the Kenya Water Towers Agency on a purported bamboo-planting/forest-conservation project in Kaptagat Forest — a project now described as a “ghost” initiative because there is no verifiable evidence that any meaningful work was done. This strongly suggests that public funds intended for environmental conservation were misused or misappropriated. The lack of delivery combined with absence of transparency points to either gross mismanagement or deliberate diversion of funds. The motive appears to be enrichment or benefit of insiders under the guise of a conservation project, facilitated by weak oversight. Because KWTA was dissolved in December 2024 (after its founding legal instrument expired), the institutional restructuring may muddy the waters in terms of accountability, asset traceability, and follow-up on what happened to funds.",2025,2025-01,2025 Q1
2025-01-07,"Robbery, Theft & Burglary",Assault And Robbery,4,Nairobi,,Male and Female,,1.0,Male,,Financial gain,Machete and Large Stone,Daily Nation Pg 16,"The siblings who were brutally assaulted at Nairobi’s Southern Bypass last week have positively identified the machete-wielding man suspected of executing the attack. The suspect was arrested three days ago by police officers on patrol at the same road, shortly after robbing another family whose car had hit a large stone that he had placed on the road. She, alongside her sister, were the only ones who saw the suspect as their two brothers had passed out after being attacked by the criminal, sustaining injuries to the chest and necks. The victim, who sustained a cut on the face and a fracture, recounted how they were targeted by the robber after she parked their car at the side of the road when their car hit a huge stone and burst two tyres.",2025,2025-01,2025 Q1
2025-01-08,Fraud & Financial Crimes,Fraud,1,Nairobi,,Male and Female,,,Unknown,,Financial gain,Unknown,Daily Nation Pg 8,Investigations by the National Assembly into the Sh21 billion siphoned from the National Health Insurance Fund (NHIF) in fictitious payments through Incurred But Not Reported (IBNR) claims have gone quiet. The investigations arose from a petition filed in the National Assembly by Mr Bernard Muchere – a former internal auditor at the National Treasury – currently a fraud risk assessment consultant.,2025,2025-01,2025 Q1
2025-01-08,Homicide & Unlawful Killing,Murder,1,Mombasa,,Male,,1.0,Male,,Disarm and Uprehend,Firearm,Daily Nation Pg 10,"Hamisi Ibrahim, 14, left his grandmother’s house to join his friends in the Kwadziwe area of Likoni. Moments later, gunshots were heard in the neighbourhood and the teenager was left lying in a pool of blood. His family is now mourning the tragic death of the Grade 9 student at Mrima Primary School, who was fatally shot by police under unclear circumstances. However, the police claimed that the boy was a member of a criminal gang that has been robbing residents while armed with pangas. ",2025,2025-01,2025 Q1
2025-01-08,"Robbery, Theft & Burglary",Armed Robbery,1,Mombasa,,Unknown,,3.0,Male,,Financial gain,Machete,Daily Nation Pg 10,"The police claimed that the boy was a member of a criminal gang that has been robbing residents while armed with pangas. Likoni Sub-County Police Commander Geoffrey Ruheni said a distress call was made to the Inuka Police Station at 9:18am that there were criminals robbing people at Masjid Ghazal village. Mr Ruheni said officers who were dispatched to the scene found three armed juveniles robbing passersby. “When challenged, the said thugs turned against them with pangas, which prompted them to fire a shot in the air but the thugs kept on advancing towards them. Unfortunately, one was shot dead and the others managed to escape by mingling with the public,” he said. Witnesses said the police who shot the teenager in the head were not in uniform.",2025,2025-01,2025 Q1
2025-01-08,Homicide & Unlawful Killing,Murder,1,Nandi,,Male,,2.0,Male and Female,,Organ Harvesting,Knife,Daily Nation Pg 12,"Police in Kapsabet town are holding a former nominated member of the county assembly (MCA) after her son became the prime suspect in a murder committed in Chemase, Nandi County. In the matter suspected to be a case of organ harvesting, the police on Monday said that Ms Carren Atieno Amuga is the mother of the main suspect in the murder of Enock Kipsang, who was beheaded and his private parts chopped off. Meanwhile, a manhunt has been launched for other suspects still at large. The case comes days after the public stormed Chemase Police Post and stoned a murder suspect to death and then burned his body. The suspect, identified as Victor Kimutai, 30, was being held in connection with Kipsang’s murder. Tinderet police boss Johnson Mwariga said that the suspect confessed to committing the crime and even escorted detectives to where he had reportedly hidden Kipsang’s head and other body parts.",2025,2025-01,2025 Q1
2025-01-08,Assault & Bodily Harm,Threat To Life,1,Samburu,,Male,,,Male,,Kill,Firearm,Daily Nation Pg 13,"Former Principal Secretary Richard Lesiyampe yesterday reported to police an alleged plot against his life. Dr Lesiyampe, who served as the Agriculture PS in the Jubilee administration, recorded a statement with the Directorate of Criminal Investigations (DCI) at the Maralal Police Station. He expressed concerns for his safety following a gun attack on a car he had used last week.",2025,2025-01,2025 Q1
2025-01-09,Homicide & Unlawful Killing,Manslaughter,1,Nakuru,,Male,,2.0,Male and Female,,Negligence,Unknown,Daily Nation Pg 20,"Festus Muthui, 26, died in police custody in Nakuru after suffering severe head injuries from blunt trauma, allegedly inflicted by police officers, while also being subjected to unlawful detention and extortion.",2025,2025-01,2025 Q1
2025-01-09,Land & Eviction Offences,Trespass,100,Uasin Gishu,,Unknown,,1.0,Male,,Family property dispute,Unknown,Daily Nation Pg 20,"Amid a multi-billion-shilling succession dispute over Jackson Kibor’s estate, his children unlawfully attempted to evict tenants from a commercial building in Eldoret City, prompting police intervention and charges for trespass and disturbance of the peace.",2025,2025-01,2025 Q1
2025-01-09,"Robbery, Theft & Burglary",Armed Robbery,2,Kajiado,,Unknown,,1.0,Male,,Financial gain,Firearm,Daily Nation Pg 20,"The suspect entered the shop pretending to be a customer, then used a pistol to demand money and steal Sh20,000 from the cash box.",2025,2025-01,2025 Q1
2025-01-09,Organized Crime & Terrorism,Vigilantism,1,Kajiado,,Male,,,Unknown,,Punishment,Unknown,Daily Nation Pg 20,"A 25-year-old man attempted an armed robbery at a mobile shop in Kitengela, Kajiado East, and was overpowered by the public, resulting in his death, highlighting both armed robbery and mob justice as criminal elements.",2025,2025-01,2025 Q1
2025-01-09,Fraud & Financial Crimes,Tax Evasion,1,Nairobi,,Unknown,,1.0,Male,,Financial gain,Unknown,Daily Nation Pg 2,"KRA alleges that political activist Morara Kebaso and his businesses failed to file income tax and VAT returns on Sh186 million earned over three years, potentially committing tax evasion amounting to Sh27 million, while he denies wrongdoing and claims political persecution.",2025,2025-01,2025 Q1
2025-01-09,Sexual & Gender-Based Violence,Defilement,1,Uasin Gishu,,Female,,1.0,Male,,Unknown,Unknown,The Standard Pg 3,"Geoffrey Ouro accused of defiling and impregnating a 16 years old girl, DNA will be tested to check if he is the real father of the unborn chiild.",2025,2025-01,2025 Q1
2025-01-09,Homicide & Unlawful Killing,Abduction And Murder,4,Machakos,,Male,,,Unknown,,Unknown,Vehicle,The Standard Pg 3,"Four men from Mlolongo, Machakos County, were abducted by unknown armed individuals, two were later found dead, and the remaining two remain missing, constituting kidnapping and possible murder.",2025,2025-01,2025 Q1
2025-01-10,Assault & Bodily Harm,Grievous Harm,1,Murang'a,,Female,,1.0,Male,,Emotional outburst,Lighter,The Standard Pg 20,"A mother of four is fighting for her life at Murang'a Level Five Hospital after her live-In boyfriend-doused her with paraffin and set her on fire following a dispute over food. Joyce Wanja, a resident of Maragua Ridge village, was rescued on Wednesday morning and rushed to the hospital She was refered for specialized treatment at Kenyatta National Hospital in Nairobi. Wanja's sister, Mary Wangari said trouble started when the boyfriend demanded to be served with food at Sam, Police are looking for the suspect",2025,2025-01,2025 Q1
2025-01-13,"Robbery, Theft & Burglary",Stealing,1,Kilifi,,Unknown,,2.0,Unknown,,Financial gain,Unknown,The Standard Pg 18,"Kilifi County staffs that is a Driver and a staff at Health Department were arrested after medicines and equipments woth Ksh. 100,000 stolen from Bamba Hospital were recovered from a private chemist.",2025,2025-01,2025 Q1
2025-01-13,Abduction & Kidnapping,Abduction,1,Nairobi,,Female,,3.0,Male,,Unknown,Black Vehicle,Daily Nation Pg 5,"Tanzanian Rights Activist Maria Sarungi was abducted by three armed men in Chaka in Kilimani, Nairobi Kenya  who took her using black vehicle. Besides that, the incident followed after she posted Mr. Tundu Lissu on her instagram account saying that the current regime of Tanzania want to silence Mr. Lissu.",2025,2025-01,2025 Q1
2025-01-13,Abduction & Kidnapping,Child Stealing,1,Nakuru,,Female,,1.0,Female,,Marital satisfaction,Snacks,Daily Nation Pg 15,"The Nakuru family whose daughter went missing for 90 days was found in Maili Kumi, Bahati Sub-County with the woman who was captured stealing her by CCTV. The Landlady of the rents where that woman lived, disclosed the information about the whereabout of Baby Maya Kerubo after contacting her grandmother, the police arrested that woman who later said that, she did all that so that she can please her husband.",2025,2025-01,2025 Q1
2025-01-14,Homicide & Unlawful Killing,Murder,1,Nakuru,,Unknown,,1.0,Female,,Postpartum rage,Unknown,The Standard Pg 2,"A woman escaped being lynched by mob in Kihoto estate Naivasha from fired gun shots which dispersed the angry community, the woman had just given birth and threw the infant inside a latrine toilet and efforts to rescue the baby were unsuccessful.",2025,2025-01,2025 Q1
2025-01-14,Drugs & Contraband,Illicit Trade,1,Bungoma,,Male and Female,,5.0,Male,,Financial gain,Ethanol,The Standard Pg 5,"The Police and KRA bust intricate web of ethanol smuggling from Uganda and counterfeit alcohol production, transported to unlicensed distillers who produce second generation alcohol leading to loss of tax revenues and danger to consumers.",2025,2025-01,2025 Q1
2025-01-14,Homicide & Unlawful Killing,Murder,1,Nakuru,,Male,,2.0,Male and Female,,Unknown,Acid,The Standard Pg 11,"Reports of Murder of Father - Elijah Maina Matoke by Mother and Son - Ruth Chelagat and Godwin Amutamwa in Kaptembwa Nakuru town, the two doused the Man in acid where he succumbed to burns after five days.",2025,2025-01,2025 Q1
2025-01-15,Fraud & Financial Crimes,Forgery,1,Kisumu,,Male and Female,,1.0,Male,,Employment,Forged documents,The Standard Pg 10,"The Ethics and Anti-Corruption Commission (EACC) has arrested former Kisumu County Director of ICT Nick Migot. He is expected to face charges related to forgery of academic certificates. EACC spokesman Erick Ngumbl said Migot was also accused of using the fake academic certificates to secure employment with the county government. ""He defrauded the public through salary received over a period of three (3) years, during which he earned Sh4,656,211, sald Ngumbi. He said Investigations revealed the suspect forged a Bachelor of Science (BSC) In Computer Science degree certificate, falsely attributing It to the Jomo Kenyatta University of Agriculture and Technology.",2025,2025-01,2025 Q1
2025-01-16,Assault & Bodily Harm,Assault,1,Nairobi,,Male,,,Male,,Political retaliation,Unknown,The Standard Pg 13,"Kitsuru MCA Alvin Olando was assaulted by goons in Nairobi CBD on January 14, 2025, blaming senior politicians like Governor Sakaja for political motives, as reported in The Standard on January 16.",2025,2025-01,2025 Q1
2025-01-16,Fraud & Financial Crimes,Forgery And Fraud,1,Nakuru,,Unknown,,7.0,Male,,Resource gain,Unknown,Daily Nation Pg 20,"Hospital directors and collaborators allegedly used forged documents and fraudulent claims to illegally obtain a 50-year lease extension on Nakuru War Memorial Hospital land, committing forgery, fraud, and abuse of office.",2025,2025-01,2025 Q1
2025-01-16,Assault & Bodily Harm,Extortion And Assault,2,Nairobi,,Male and Female,,1.0,Male,,"Financial gain, Anger and confrontation",Unknown,Daily Nation Pg 14,"A Deputy OCS from Machakos County unlawfully deployed himself as a traffic officer in Nairobi, attempted to extort KSh 15,000 from a female motorist, and assaulted a fellow officer who intervened, leading to his arrest.",2025,2025-01,2025 Q1
2025-01-16,"Robbery, Theft & Burglary",Robbery With Violence,3,Kilifi,,Male and Female,,6.0,Male and Female,,Robbery with violence,Firearm,Daily Nation Pg 2,"A coordinated gang carried out a violent, armed robbery at former Kilifi Deputy Governor Kenneth Kamto’s Nyali home, fatally shooting him, and were later linked to the crime through phone records, leading to multiple convictions.",2025,2025-01,2025 Q1
2025-01-17,Homicide & Unlawful Killing,Murder,1,Kiambu,,Male,,1.0,Female,,Love affair,Knife,Daily Nation Pg 10,"The family of Jane Nyabuto received unusual calls from friends and police. The callers informed the family that her son Conrad had died after being stabbed 27 times by his girlfriend Salome Wanjiru. Conrad, who had cleared a course at Cooperative University in Karen in 2020, had visited Ms Wanjiru at her house in Kamakis, Ruiru. His mission was to resolve their differences. Neighbours and friends said things did not go as planned, leading to a confrontation. Neighbours said they heard screams and had to break the door to the house. They found Conrad lying in a pool of blood.",2025,2025-01,2025 Q1
2025-01-17,Assault & Bodily Harm,Torture,1,Nyeri,,Male,,5.0,Male,,Extortion,Batons,Daily Nation Pg 20,"Mr Simon Mwangi Githinji set out for what he thought would be an ordinary day. About a kilometre from home near Solio Ranch, Mr Githinji says he was stopped by five men armed with batons. He was looking for firewood. “They men claimed to be security officers patrolling the ranch and accused me of trespassing. I told them I had not entered the ranch but was on a public road nearby. My explanation fell on deaf ears,” he says. The men, he says, ordered him to follow them to the ranch office “where the management will hear your case”. The rider says he complied. Minutes later, the conversation took a frightening turn. The men reportedly handcuffed Mr Githinji, took his mobile phone and the Sh13,000 he had in the pocket. He says on questioning their intentions, the five men responded with violence and insults.",2025,2025-01,2025 Q1
2025-01-18,Sexual & Gender-Based Violence,Incest,1,Homa Bay,,Female,,1.0,Male,,Infidelity,Unknown,The Standard Pg 3,A senior clergy man(Bishop) was found by a mother of three who had quit her marriage having sex with his biologocal daughter.The locals have been suspecting them to be having a sexual relationship.,2025,2025-01,2025 Q1
2025-01-18,Homicide & Unlawful Killing,Murder,1,Nandi,,Female,,1.0,Male,,Love affair,Knife,The Standard Pg 3,Hanis Juma stabbed his wife Winnie Akusaha to death after having family disagreements.,2025,2025-01,2025 Q1
2025-01-18,Assault & Bodily Harm,Assault,1,Bomet,,Male,,,Unknown,,Love affair,Firearm,Daily Nation Pg 10,Aaron Langat was assaulted by a group of police officers sent by a senior officer and his wife and child taken from him. Aaron and the wife had a dissagreements on the calls the wife was receiving from the senior officer.,2025,2025-01,2025 Q1
2025-01-18,"Robbery, Theft & Burglary",Burglary,1,Kilifi,,Unknown,,,Unknown,,Sabotage,Unknown,Daily Nation Pg 3,The rate of burglary in vipingo ridge residences is rising day by day as a resident was stolen from while in belgium.Residents say they believe its an act of sabotage since there have been wrangles among directors for a while.,2025,2025-01,2025 Q1
2025-01-21,Homicide & Unlawful Killing,Murder,1,Nyeri,,Female,,1.0,Male,,Unknown,Unknown,Daily Nation Pg 18,"26 yr old Jane Wanjiru was reported missing, with her husband, Patrick Waweru, being the last person seen with her. She was discovered on January 15 in a neighbour’s well, sending shockwaves across Kianjue village in Mukurweini sub-county. A farm worker had been hit by an unbearable smell before he encountered a business of flies around the well, leading to the discovery. A body wrapped in a sack was retrived from the well, confirming the worst fears of the family that Wanjiru had been murdered.",2025,2025-01,2025 Q1
2025-01-21,Sexual & Gender-Based Violence,Defilement,2,Kilifi,,Female,,1.0,Male,,Sexual immorality,Unknown,Daily Nation Pg 18,"Biko Owino a teacher in Kilifi county is at large after being accused of defiling two sisters (students) aged nine and seven, The TSC called him out to settle the matter or dismiss him on failure to show up.",2025,2025-01,2025 Q1
2025-01-21,Abduction & Kidnapping,Abduction,3,Outside Kenya,,Male,,,Male,,Randsom gain,Firearm,Daily Nation Pg 12,"He is just one of at least eight other abductees, military and civilian, whose fate lies in the hands of terrorists. Abdullahi Issa Ibrahim had barely been in El Adde for two weeks when AlShabaab militants invaded a Kenya Defence Forces camp and inflicted one of the worst attacks in the military outfit’s post-independence history. He was one of at least three military personnel abducted by the terrorists, and who is seemingly still languishing in an AlShabaab prison following the January 16 release of a video showing him pleading with Kenya’s government to secure his release.",2025,2025-01,2025 Q1
2025-01-21,Homicide & Unlawful Killing,Murder,1,Nandi,,Female,,1.0,Male,,Unknown,Knife,Daily Nation Pg 21,"32-year-old man travelled from Nairobi to Nandi County, and stabbed his estranged wife to death before committing suicide. In what has emerged to be a planned murder-suicide, complete with a written plan, Hanice Simani Juma on January 13, travelled to Kibwareng village in search of his estranged wife, 30yrs old Winnie Akusuha. The two had been living together in Nairobi until early this year when they parted ways. She suffered multiple knife stab wounds. Detectives from Chepatulu Police Station who visited the scene found a written note in the man’s house. The note, which the police are treating as a suicide note, bore the man’s murder plan. In the letter, the man had outlined how he would travel to his estranged wife’s home to attack her and also end his own life.",2025,2025-01,2025 Q1
2025-01-21,Homicide & Unlawful Killing,Murder,1,Kajiado,,Female,,1.0,Male,,Unknown,Unknown,Daily Nation Pg 21,"Lydia Tokesi, a 29-year-old Moi University graduate left her parents’ home in Dagoretti on the night of January 4 to visit her boyfriend in Ongata Rongai. Head over heels in love, last year Lydia took a bank loan to buy her boyfriend a car, which he enlisted with digital taxi hailing apps to eke out a living. Lydia spent the night at her boyfriend’s house making merry, Unlike the previous night when neighbours heard loud music blasting from the house where Lydia was, it was unusually quiet. Back at the family home in Dagoretti, Lydia’s family was desperately trying to reach her on phone. After several failed attempts, the family reported about their daughter missing at the Dagoretti Police Station. seven days after Lydia was last seen, police in Dagoretti were informed about a body that had been found in Gataka forest in Ongata Rongai. Police reached out to Lydia’s family as the description of the body found at the forest matched that of their missing daughter. After forensic investigation of Lydia’s mobile phone, the detectives went to the flat where Lydia and the boyfriend, who is now on the run, were last seen on the night of January 4. Investigators found crucial evidence in the house that could help the Directorate of Criminal Investigations officers nail Lydia’s killers.",2025,2025-01,2025 Q1
2025-01-21,Homicide & Unlawful Killing,Murder,1,Nairobi,,Male,,,Unknown,,Unknown,Knife,The Standard Pg 3,"Residents of Mathare turned into protests, blocking the police from collecting a dead man's body and rather carrying it to the police station,the victim-father was stabbed to death while escorting his son to school on normal morning routine, witnesses cited that similar incidenct took place in the same area.",2025,2025-01,2025 Q1
2025-01-21,Homicide & Unlawful Killing,Murder,1,Kajiado,,Female,,1.0,Male,,Unknown,Knife,Daily Nation Pg 21,"Nancy Bonke Chacha, a 23-yearold woman who lived and worked in Rongai, was also murdered in what police believe is another crime of passion. Her lifeless body was found at Langata Cemetery last Friday by a security guard who was walking home after night shift. The security guard who spotted Nancy’s body alerted the police after stumbling on a bloodstained knife. DCI investigators from Lang’ata arrested a man said to be Nancy’s boyfriend.The suspect, who lives in the same neighbourhood as the murder victim, told the investigators that the two last spoke three days before her body was found. Forensic investigations of Nancy’s phone revealed that the suspect in custody was among the last people to have spoken to her before her mysterious death.",2025,2025-01,2025 Q1
2025-01-22,Homicide & Unlawful Killing,Homicide,2,Kajiado,,Female,,,Unknown,,Unknown,Unknown,Daily Nation Pg 6,"Two 13-year-old friends, Ashley Wairimu and Precious Nderema, went missing after visiting their usual hangout near SGR Ngong Station and were later found dead in a water-filled quarry with injuries, leaving their grieving families convinced they were victims of foul play rather than an accident.",2025,2025-01,2025 Q1
2025-01-22,Homicide & Unlawful Killing,Murder,4,Multiple Counties,,Female,,1.0,Male,,Unknown,Unknown,Daily Nation Pg 7,"A Somali national has been charged with four counts of murder involving women killed and dumped in separate locations in Nairobi and Machakos between October 21 and 30, 2024, though he has pleaded not guilty and the case is ongoing.",2025,2025-01,2025 Q1
2025-01-22,Homicide & Unlawful Killing,Defilement And Murder,1,Kajiado,,Female,,1.0,Male,,Sexual assault,Strangulation,Daily Nation Pg 7,"A middle-aged man in Isinet, Kajiado South, is wanted by police for allegedly defiling and strangling his 14-year-old daughter before fleeing and possibly crossing into Tanzania.",2025,2025-01,2025 Q1
2025-01-22,Homicide & Unlawful Killing,Rape And Murder,1,Kiambu,,Female,,,Male,,Unknown,Unknown,Daily Nation Pg 7,"A woman on a prayer pilgrimage at Thiririka Shrine was raped, assaulted, drugged, and brutally murdered her body decapitated leading police to classify the incident as homicide and launch a full DCI investigation.",2025,2025-01,2025 Q1
2025-01-22,Cybercrime,Cyber Crime,1,Nairobi,,Unknown,,1.0,Male,,Political differences,Online Platform,The Standard Pg 2,A prison warder John Kuria who carried a anti-government placard has been charged with publishing false information on his X account. ,2025,2025-01,2025 Q1
2025-01-22,Homicide & Unlawful Killing,Murder,5,Nakuru,,Female,,1.0,Male,,Unknown,Unknown,The Standard Pg 2,"A Kenyan man, Evans Michori Kebwaro, already serving 28 years for killing several women in the Mawanga area of Nakuru, was sentenced to an additional 10 years in prison after admitting involvement in another murder of a woman there.",2025,2025-01,2025 Q1
2025-01-22,Homicide & Unlawful Killing,Manslaughter,2,Narok,,Male,,,Unknown,,Confrontation,Unknown,The Standard Pg 16,"Two people in Narok County, Kenya, died from severe head injuries sustained during violent clashes between police officers and local residents.",2025,2025-01,2025 Q1
2025-01-23,Fraud & Financial Crimes,Money Laundering,1,Nairobi,,Male,,1.0,Male,,Financial gain,Forged documents,The Standard Pg 13,"Courts issued a greenlight for the recovery of sh. 18 million from two private jet leasing firms (Cullian Private Jet Corp and Glo Jet International Ltd. which are subsidiaries of US-based Private Air Charter) linked to businessman Chris Obure, By Asset Recovery Agency. The sums were ruled to be proceeds of crime and to be forefeited to the governemnt, The move comes after a client, Rondell Fletcher (Carlifonia-based businessman) booked for the shipping of goods from Nairobi to Dubai but later found out the money was diverted for other purpose raising suspicions of money laundering skim. Further the defendant did not produce any supporting documents/ license for carrying out the services.",2025,2025-01,2025 Q1
2025-01-23,Property Destruction & Arson,Arson,1,Kakamega,,Male,,,Male,,Revenge,Fire,The Standard Pg 19,Residents of Khumusalaba village in Kakamega were grippled in panic as gang torched the homes of Asst. Chief Samuel Kataka in claims that he had  conspired with the locals to kil two livestock thieves where they claimed the two were not thieves but traders. The Police continue to carry out investigations into the matter.,2025,2025-01,2025 Q1
2025-01-24,"Robbery, Theft & Burglary",Robbery With Violence,1,Nairobi,,Unknown,,5.0,Unknown,,Unknown,Unknown,Daily Nation Pg 22,"Five suspects wanted for murder and robbery with vio-lence are in police custody at Indus-trial Area police cells after being arrested on Wednesday night in Nairobi's Mukuru-Kayaba slum. According to Makadara Deputy police boss Dennis Omuko, the suspects are believed to have been involved in a robbery at Lengo Medical Clinic",2025,2025-01,2025 Q1
2025-01-24,Homicide & Unlawful Killing,Murder,1,Homa Bay,,Female,,,Unknown,,Unknown,Acid,The Standard Pg 10,"Fear has gripped Kamasengre village in Homa Bay following the discovery of the body of a wom-an at Kiare hill. The body was found in a sorry state; naked, and laid upside down. Her face was deformed and it was believed she was burnt with an acid which permeated in various parts of the body. Her left leg was also chopped off.",2025,2025-01,2025 Q1
2025-01-24,Fraud & Financial Crimes,Fraud,1,Nairobi,,Male,,1.0,Male,,Financial gain,Unknown,The Standard Pg 12,"A man has been arraigned in court for pretending that he was in a position to facilitate another to join the military. All Adam Watako allegedly received Sh106.700 from Collins Taabu who was desperately seeking to be enlisted in Kenya Defense Forces (KDF). The accused was traced and arrested on Monday In Mumlas town by detectives from Langata Police Station before being presented at a Kibra court. He denled the charge and was released on a Sh50,000 cash ball. The case will be mentioned on January 29.",2025,2025-01,2025 Q1
2025-01-25,Homicide & Unlawful Killing,Murder,1,Nakuru,,Male,,1.0,Female,,Rejection,Poison,The Standard Pg 21,Sharon Chemutai was sentenced for 10 yrs in jail for poisoning his 2yr old son Emmanuel Kipkoech due to rejection.,2025,2025-01,2025 Q1
2025-01-25,Abduction & Kidnapping,Abduction,1,Nakuru,,Male,,6.0,Unknown,,Intimidation,Unknown,The Standard Pg 9,"Brian Odhiambo,a 31 year old man was abducted by 6 KWS officers and have been missing for seven days.",2025,2025-01,2025 Q1
2025-01-25,Homicide & Unlawful Killing,Murder,3,Elgeyo Marakwet,,Male and Female,,6.0,Male,,Stealing,Firearm,Daily Nation Pg 11,"Tension is high in Tot, Kerio Valley as 3 people were shot dead and 11 cattles stolen by armed fresh bandits.",2025,2025-01,2025 Q1
2025-01-25,Homicide & Unlawful Killing,Murder,4,Kisii,,Female,,2.0,Male,,Punishment,Machete,The Standard Pg 9,"Jemima Miranga,Agnes Ototo,Sigara Onkware and Sindege Mayaka were killed by Evans Ogeto Okari and Makuoro Okari in kisii county over witchcraft allegations.",2025,2025-01,2025 Q1
2025-01-25,Assault & Bodily Harm,Assault,4,Kisii,,Female,,2.0,Male,,Punishment,Unknown,The Standard Pg 9,Amos Nyakundi and Hesborn Gichana participated in mob justice attack where the four elderly women were killed.,2025,2025-01,2025 Q1
2025-01-26,Homicide & Unlawful Killing,Murder,1,Nairobi,,Female,,1.0,Male,,Revenge,Knife,The Standard Pg 11,"Police are investigating John Kyama Wambua, a man arrested during a morning police patrol carrying plastic bag as he was headed to dispose dismembered body of his 19 yr old wife Joy Fridah Munani, he cited that he took thye action after finding out his wife was involved with another man. Police found more body parts and a stained knife beneath their bed. The lower body parts of Joy Frida were found stashed in a sack and dumped along Mathare River. Her husband John Kiama has been accused of killing his wife.",2025,2025-01,2025 Q1
2025-01-28,Fraud & Financial Crimes,Fraud,1,Mombasa,,Unknown,,1.0,Male,,Financial gain,Forged documents,Daily Nation Pg 13,"A Mombasa businessman accused of forging his late father’s signature in a loan deal worth £80,000 (about Sh12.8 million) is at risk of arrest after a court order was issued against him. Senior Resident Magistrate David Odhiambo issued an arrest warrant after Asif Akbar Mohamed Haji Ali failed to appear in court to plead to the charge on December 9. Asif had secured a police bond but failed to appear in court three times.",2025,2025-01,2025 Q1
2025-01-28,Organized Crime & Terrorism,Terrorism,1,Unknown,,Male and Female,,17.0,Unknown,,Unknown,Missle,Daily Nation Pg 3,"Interpol has arrested 17 Kenyans, two of whom are suspected ISIS members, in a counter-terrorism operation targeting the East African region between November and December, 2024. The operation was conducted simultaneously in eight East African countries, including Kenya, Uganda and Tanzania. Officers from the Association of Police Officers in Africa (Afripol) also took part in the operation. They siezed a missle and anti-tank device.",2025,2025-01,2025 Q1
2025-01-29,Homicide & Unlawful Killing,Murder,1,Nakuru,,Female,,1.0,Male,,Revenge,Knife,Daily Nation Pg 18,"Fredrick Mwonjeria stabbed Valerian Njeri to death after she rejected his sexual advances,inflicting 12 wounds and later hiding her body.",2025,2025-01,2025 Q1
2025-01-29,Public Order & Administration of Justice,Escape From Custody,1,Bomet,,Unknown,,1.0,Male,,Escape,Unknown,The Standard Pg 17,"Joash Cheruiyot,a bughlary suspect escaped from Chesoen Police Station by breaking Through the roof when the duty officer stepped away to order him food.",2025,2025-01,2025 Q1
2025-01-30,Homicide & Unlawful Killing,Arson And Manslaughter,2,Homa Bay,,Male,,,Unknown,,Land Dispute,Fire,Daily Nation Pg 3,"Two children died in a suspected arson attack linked to a family land dispute in Ombok Village, prompting a full police investigation into threats previously made against the family.",2025,2025-01,2025 Q1
2025-01-30,Sexual & Gender-Based Violence,Defilement,1,Kilifi,,Female,,1.0,Male,,Sexual exploitation,Unknown,Daily Nation Pg 14,"A church follower defiled a minor and, with Paul Mackenzie’s intervention, the crime was concealed through a Sh10,000 “forgiveness fine” instead of being reported to police, constituting defilement and obstruction of justice.",2025,2025-01,2025 Q1
2025-01-30,Homicide & Unlawful Killing,Murder,4,Kisii,,Female,,4.0,Male,,Punishment,Beating and Fire,Daily Nation Pg 20,"Four men were convicted of murdering four elderly women in Kisii County after accusing them of witchcraft, beating them, and setting them on fire in October 2021, reflecting a fatal intersection of superstition and violence.",2025,2025-01,2025 Q1
2025-01-30,Homicide & Unlawful Killing,Murder,1,Machakos,,Female,,1.0,Male,,Influence of drugs,Wood,The Standard Pg 8,"A 65-year-old woman, Rose Mary Nduku, was brutally killed by her son in Kiamoni Village, Machakos County, after he allegedly attacked her with a piece of wood while believed to be under the influence of drugs.",2025,2025-01,2025 Q1
2025-01-30,Assault & Bodily Harm,Assault,1,Kiambu,,Male,,,Unknown,,Termination employment,Unknown,The Standard Pg 10,"A security guard was assaulted and burned by individuals connected to Delmonte Kenya Ltd during the termination of his employment, leading the High Court in Nyeri to award him KSh 10.8 million in compensation.",2025,2025-01,2025 Q1
2025-01-30,Drugs & Contraband,Drug Trafficking,1,Migori,,Unknown,,,Unknown,,Unknown,Unknown,The Standard Pg 13,Authorities in Migori destroyed one tonne of bhang worth Sh30 million that had been seized from multiple drug-trafficking operations along the Kenya–Tanzania border between 2023 and 2024.,2025,2025-01,2025 Q1
2025-01-31,Homicide & Unlawful Killing,Murder,1,Meru,,Male,,2.0,Unknown,,Unknown,Knife,Daily Nation Pg 19,"A TUM student who was visiting his girlfriend at Meru University was killed on Monday evening. “The deceased and his girlfriend were attacked while walking to her house at around 10pm. He was stabbed three times, which caused him to bleed to death,” recounted Moses Msando, a student. According to students, the murder suspect used a motorbike to escape, which they identified as belonging to a chief from the neighbouring Munithu/Ngiine location. The incident sparked protests, with youths taking to the streets. They barricaded the Meru-Maua road with bonfires. The students clashed with police in running battles, paralysing traffic for most of the day.",2025,2025-01,2025 Q1
2025-01-31,Property Destruction & Arson,Arson,1,Meru,,Male,,,Male and Female,,Revenge,Lighter,Daily Nation Pg 19,"A TUM student who was visiting his girlfriend at Meru University was killed on Monday evening. According to students, the murder suspect used a motorbike to escape, which they identified as belonging to a chief from the neighbouring Munithu/Ngiine location. On Wednesday, hundreds of rowdy students descended on the home of the Munithu/Ngiine chief, located about six kilometres from the university, and set his house on fire.Meru County Commissioner Jacob Ouma said the chief lost all his property in the arson attack by rogue students. This was due to allegations that his motorbike was involved in the attack that resulted in the death.",2025,2025-01,2025 Q1
2025-01-31,Homicide & Unlawful Killing,Murder,2,Machakos,,Male,,,Unknown,,Unknown,Unknown,The Standard Pg 4,"In a grim and disheartening pattern that has left the nation gripped by anger anger and instilled a sense of helplessness, the search for the missing Mlolongo abductees ended yesterday in a tragic and heart-wrenching discovery. After days of desperate search, the lifeless bodies of Justus Mutumwa and Martin Mwau, two of the abductees, were discovered at the City Mortuary in Nairobi with no one able to offer an explanation for the unfortunate state of affairs, even to the closest kin",2025,2025-01,2025 Q1
2025-02-01,Homicide & Unlawful Killing,Murder,1,Kericho,,Female,,1.0,Male,,Love affair,Knife,The standard pg 21,a 38 year old man from Lelaltich village killed his wife by slashing her multiple times witha a kitchen knife before attempting to take his own life by ingesting a pesticide,2025,2025-02,2025 Q1
2025-02-01,Fraud & Financial Crimes,Fraud,1,Nakuru,,Male,,2.0,Male,,Financial gain,Forged documents,The standard pg 21,"Former Kapkures MCA Paul Kimutai and his friend Richard Kipngeno were found guilty of four counts of fraud and forgery relating to a Ksh 30 million plot of land in Mbarut, Nakuru.",2025,2025-02,2025 Q1
2025-02-03,Homicide & Unlawful Killing,Murder,2,Homa Bay,,Female,,1.0,Male,,Love affair,Knife,Daily nation pg 2,"Awino, a student at Mawego National Polytechnic in Homa Bay County, had been stabbed and rushed to hospital. It was also the first time Ms Atieno was learning that her daughter had a boyfriend who was suspected to be behind the attack.",2025,2025-02,2025 Q1
2025-02-04,Abduction & Kidnapping,Abduction,5,Mandera,,Male,,,Unknown,,Terror,Firearm,Daily nation pg 3,"“We are yet to make any recovery or rescue any of the five chiefs but our security officers continue pursuing the abductors who sped off towards Somalia,” he added. The area lies less than 15 kilometres to the Kenya Somalia border, making it easy for the militants to strike and retreat to Somalia. Mr Gitau said it was possible that the chiefs had been taken to Somalia. “It is very dry here and one does not need to use the main routes to get into Somalia.",2025,2025-02,2025 Q1
2025-02-04,Homicide & Unlawful Killing,Murder,1,Nakuru,,Male,,5.0,Male,,Political differences,Machete,Daily nation pg 3,"Otieno, a youth leader and a fierce critic of the government and Molo MP Kuria Kimani, was hacked to death on January 18, a few metres from Elburgon Police Station. Mr Otieno, popularly known as Molo president, was found murdered two days after he complained that he was being trailed by three unknown persons. He had also reported receiving threats from unknown individuals.",2025,2025-02,2025 Q1
2025-02-04,Sexual & Gender-Based Violence,Rape,1,Mombasa,,Female,,1.0,Male,,Sexual immorality,Unknown,Daily nation pg 15,"A clinical officer at Pandya Memorial Hospital in Mombasa has been charged with raping a patient. Dias Juma Wabwile was on Monday arraigned before a Mombasa court on two charges of rape and committing an indecent act with an adult. The suspect denied the charges when he appeared before Mombasa Chief Magistrate Alex Ithuku. The court heard that the suspect sexually assaulted the victim on January 31, 2025 at the facility at around 5am.",2025,2025-02,2025 Q1
2025-02-05,Homicide & Unlawful Killing,Murder,1,Homa Bay,,Male,,,Unknown,,Unknown,Knife,Daily nation pg 18,"On February 1, several knife attacks were reported in Ndhiwa, Suba South and Mbita sub-counties. In Suba South, a 35-year-old man identified as Benson Ondiala was murdered as he was sleeping in his house in Miramba village.",2025,2025-02,2025 Q1
2025-02-05,Homicide & Unlawful Killing,Murder,1,Homa Bay,,Female,,1.0,Male,,Unknown,Unknown,Daily nation pg 18,"In Ndhiwa, police are looking for two suspects linked to the murder of a 28-year-old woman on Saturday morning.",2025,2025-02,2025 Q1
2025-02-05,Homicide & Unlawful Killing,Murder,1,Homa Bay,,Male,,1.0,Male,,Love affair,Knife,Daily nation pg 18,"In Mbita, a 27-year-old man was stabbed to death by a student from Asumbi Teachers Training College during a fight over a woman. Boas Owino died as he was being rushed to Homa Bay Referral Hospital.",2025,2025-02,2025 Q1
2025-02-05,Homicide & Unlawful Killing,Murder,1,Homa Bay,,Male,,2.0,Male,,Land dispute,Machete,The Standard pg 17,A 60 year old man was hacked to death on Monday in Rachuonyo East over a suspected land dispute. peter Odawo was allegedly killed by two men in the presence of his wife and three children.,2025,2025-02,2025 Q1
2025-02-06,Fraud & Financial Crimes,Forgery,1,Mombasa,,Male,,4.0,Unknown,,Financial gain,Unknown,The Standard pg 13,A clerk has sued three banks linked to Mombasa businessman Ali Punjani illegally used his credetials to transact billions.,2025,2025-02,2025 Q1
2025-02-08,Fraud & Financial Crimes,Fraud,1,Machakos,,Unknown,,1.0,Male,,Scamming,Forged documents,the Standard pg 21,"Two businessmen John Gitau Ndugu and Atek Otech Richard, have been charged with defrauding a prime parcel of land valued at ksh 1.6 billion along Mombasa road.",2025,2025-02,2025 Q1
2025-02-08,Homicide & Unlawful Killing,Attempted Murder,1,Kirinyaga,,Male,,1.0,Male,,Retaliation,Unknown,The Standard pg 3,The police in Kirinyaga county are searching for a butcher who severed his employer's manhood following a disagreement over a Ksh 50 debt.,2025,2025-02,2025 Q1
2025-02-08,Cybercrime,Cyber Bullying,1,Nairobi,,Female,,2.0,Male and Female,,Unknown,Unknown,Daily nation pg 9,"A woman has sued businessman Simon Kabu and Sarah Njoki Nyaga over a home video that went viral, citing a breach of privacy, cyberbullying and mental anguish.",2025,2025-02,2025 Q1
2025-02-08,Environmental & Wildlife Crimes,Wildlife Crime,1,Narok,,Unknown,,5.0,Unknown,,Revenge,Poison,The Standard pg 3,"The police has arrested five herders over the alleged poisoning of lions in the Maasai Mara game reserve, located on the border between Kenya and Tanzania.",2025,2025-02,2025 Q1
2025-02-11,"Robbery, Theft & Burglary",Robbery,1,Laikipia,,Male,,2.0,Male,,Unknown,Unknown,Daily nation pg 22,"Nearly two years after a university student died in police custody in Rumuruti township in Laikipia West, the family is still crying for justice. Geoffrey Otieno Ooko, 31, was arrested on September 9, 2023 for allegedly stealing goods. However, the two police officers who arrested him did not produce the items he was accused of stealing. The police said Geoffrey fell ill while in custody and died while being taken to Nyahururu sub-county hospital.",2025,2025-02,2025 Q1
2025-02-12,Fraud & Financial Crimes,Fraud,1,Nairobi,,Female,,2.0,Male and Female,,Scamming,Unknown,Daily nation pg 12,"A financial expert stunned a court in Nairobi on Monday by detailing how she lost more than Sh7.6 million to an inmate at Kamiti Maximum Security Prison. Ms Purity Karambu said Hesbon Onyango Nyamweya, a man serving term for defilement, and his mother Pamela Akinyi Wara swindled her Sh7,656,500 over five months in 2020 by pretending they were in a position to sell her property.",2025,2025-02,2025 Q1
2025-02-13,Homicide & Unlawful Killing,Murder,1,Murang'a,,Female,,,Unknown,,Sexual immorality,Unknown,Daily nation pg 19,The last time Florence Wanjiku saw her daughter aged three and half years was on February 9 at 4pm before her body was found dumped in a public dam in Maragua town. The attacker had stolen the little girl’s innocence by defiling her before murdering her.,2025,2025-02,2025 Q1
2025-02-13,Homicide & Unlawful Killing,Murder,1,Uasin Gishu,,Male,,,Unknown,,Unknown,Unknown,Daily nation pg 19,"On December 15, 2024, a cancer patient was admitted to Moi Teaching and Referral Hospital (MTRH) in Eldoret for medical attention. His family was optimistic that the 52-year-old was in safe hands. But on January 29, the hospital management reported to Naiberi Police Station that the patient— name withheld as police trace his next of kin— had gone missing from the ward. For the next two weeks, both the police and the hospital could not trace the patient.",2025,2025-02,2025 Q1
2025-02-13,Land & Eviction Offences,Land Grabbing,1,Kiambu,,Male,,1.0,Male,,Resource gain,Unknown,the standard pg 12,A family in kiambu has accused local administrators of forcefully taking their land and orchestrating arrests after the demise of their parents.,2025,2025-02,2025 Q1
2025-02-14,Homicide & Unlawful Killing,Murder,3,Kiambu,,Male and Female,,1.0,Female,,Marital problems,Unknown,Daily nation pg 22,"Monicah Ndung’u, 35, reportedly killed her children before taking her life Tuesday night She had been married to Mr John Mbugua “Junior Wagithogoro” for nearly 10 years and had three sons– Jayden Mbugua (four), Jaxen Ndung’u (two) and one and a half-year-old Jasper Kangethe.",2025,2025-02,2025 Q1
2025-02-14,"Robbery, Theft & Burglary",Stealing,1,Kiambu,,Unknown,,2.0,Male,,Evading bills,Unknown,the standard pg 12,Two people have been arrested in Thika town for allegedly tampering with water meters to steal water.,2025,2025-02,2025 Q1
2025-02-15,Fraud & Financial Crimes,Fraud,1,Nairobi,,Unknown,,3.0,Unknown,,Unknown,Unknown,the standard pg 12,The three staff were prosecuted after officers from the Directorate Criminal Investigations (DCI) launched a probe at the government health facility.,2025,2025-02,2025 Q1
2025-02-17,Fraud & Financial Crimes,Fraud,10,Kilifi,,Unknown,,1.0,Male,,Scamming,Forged documents,Daily nation pg 15,A Kilifi court has established how a man facing a string of fraud cases involving land transactions walked right into the hands of detectives after his wife’s arrest.,2025,2025-02,2025 Q1
2025-02-18,Sexual & Gender-Based Violence,Rape,1,Nakuru,,Female,,2.0,Male,,Sexual immorality,Unknown,Daily nation pg 24,"He became infatuated with a young woman visiting the Wamugunda family. The victims testified in court that the gang subjected them to hours of terror, raping them in different rooms, including the servants’ quarters and the living room, while they lay helpless.",2025,2025-02,2025 Q1
2025-02-18,Homicide & Unlawful Killing,Murder,1,Nyeri,,Female,,1.0,Male,,Unknown,Knife,Daily nation pg 19,"The body of woman lay on the floor in a pool of blood. Besides the body was a blood-stained knife that is believed to have been used to end the woman’s life. The suspect? His roommate, a 25-year-old First Year student, who has since gone underground.",2025,2025-02,2025 Q1
2025-02-18,"Robbery, Theft & Burglary",Robbery With Violence,1,Nakuru,,Unknown,,2.0,Male,,Financial gain,Unknown,Daily nation pg 24,"A convicted gangster who fell in love with his victim has lost his bid to have his death sentence overturned. Kelvin Matundura, 25, was sentenced to death on February 13, 2023, after being convicted of robbery with violence alongside his alleged accomplice Joram Wainaina.",2025,2025-02,2025 Q1
2025-02-19,Homicide & Unlawful Killing,Murder,3,Bomet,,Male,,1.0,Male,,Marital problems,Unknown,Daily nation pg 40,"On the night of March 18, 2019, Sharon Cherono had a disagreement with her husband Benard Kirui Kipkemoi who sent her away from their home in Magutek village, Bomet County. She went with her youngest child, leaving behind three others – Amos Kipngetich, 11, Vincent Kiprotich, 8, and Emmanuel Kiprono,. A day later, Kipkemoi followed Cherono to her parents’ home and left the three children there.",2025,2025-02,2025 Q1
2025-02-19,"Robbery, Theft & Burglary",Stealing,1,Mombasa,,Male,,3.0,Male,,Scamming,Forged documents,the standard pg 17,"Li Changhong, Nzomo Muvengei, Philip Maina have been charged of conspiring to defraud the man of 28,000kilograms of aloe vera gum intended for export to China.",2025,2025-02,2025 Q1
2025-02-20,Human Trafficking & Smuggling,Human Trafficking,46,Outside Kenya,,Unknown,,1.0,Male,,Scamming,Unknown,Daily nation pg 3,Authorities in Myanmar have successfully rescued 46 Kenyans from human trafficking networks operated by a suspected Chinese cartel involved in online scams,2025,2025-02,2025 Q1
2025-02-21,Sexual & Gender-Based Violence,Defilement,1,Mombasa,,Female,,1.0,Male,,Sexual immorality,Unknown,the standard pg 8,"A high Court has jailed a teacher for 25 years for defiling a 10 year old minor at Ufunu Academy in Kisauni, Mombasa.",2025,2025-02,2025 Q1
2025-02-21,Fraud & Financial Crimes,Fraud,1,Nairobi,,Female,,1.0,Female,,Scamming,Forged documents,Daily nation pg 10,"A city businesswoman has been charged with defrauding a parent of Sh9.2 million by falsely claiming she could facilitate her two children in securing places at two US universities. Edith Akinyi Halwenge appeared before Milimani Senior Principal Magistrate Dolphina Alego, charged with defrauding Pauline Njeri Njuguna of Sh9,227,700 over a period of two years",2025,2025-02,2025 Q1
2025-02-21,Drugs & Contraband,Drug Trafficking,1,Kericho,,Unknown,,1.0,Male,,Trafficking,Drugs,the standard pg 6,"The police in Londiani seized 32 bags of bhang worth Ksh 480,000 and arrested one suspect transporting the narcotics from Uganda to Kitengela, Nairobi.",2025,2025-02,2025 Q1
2025-02-21,Homicide & Unlawful Killing,Murder,1,Kakamega,,Male,,1.0,Male,,Frustration,Unknown,the standard pg 8,"A somber mood has engulfed Kilimani village, Lukuyani, Kakamega counter after a man allegedly killed his brother following a disagreemnt over a piece of ugali.",2025,2025-02,2025 Q1
2025-02-21,Homicide & Unlawful Killing,Murder,3,Unknown,,Male,,17.0,Male,,Unknown,Unknown,the standard pg 10,"17 officers from the disbanded Secial Services Unit, National Intelligence Service and the Kenya Wildlife Services were yesterday charged with murder of a Kenyan and two Indian Nationals two years ago.",2025,2025-02,2025 Q1
2025-02-26,Homicide & Unlawful Killing,Murder,1,Nairobi,,Female,,3.0,Male,,Love affair,Unknown,Daily nation pg 12,"Former Migori Governor Okoth Obado and his two co-accused in the murder of his former lover, Sharon Otieno, intend to call 11 defense witnesses in court to challenge the prosecution’s evidence regarding their alleged involvement in the crime.",2025,2025-02,2025 Q1
2025-02-28,Homicide & Unlawful Killing,Murder,1,Nairobi,,Male,,1.0,Male,,Unknown,Unknown,Daily nation pg 2&3,"Campbell Scott intended to mix business with pleasure, much like anyone else, when he arrived in Nairobi for a week-long trip on February 16. The plan was simple: Prepare for business meetings, knock back cold beers, launch a product his company, FICO, developed in conjunction with TransUnion – one of only three licensed credit reference bureaus in Kenya – and then go sightseeing.",2025,2025-02,2025 Q1
2025-03-01,Assault & Bodily Harm,Assault,1,Bomet,,Female,,1.0,Male,,Radicalization,Unknown,Daily Nation pg 8,"The lead pastor of a Bomet church (the accused) was filmed in a video which showed him flogging worshippers, mostly women, who were required to wear white headscarves and long dresses while attending the services held on Wednesdays, Saturdays and Sundays, allegedly to exorcise demons.",2025,2025-03,2025 Q1
2025-03-02,Environmental & Wildlife Crimes,Environmental Crimes,1,Nairobi,,Unknown,,,Unknown,,Unknown,Cigarette,Daily Nation pg 4,"Tourism and wildlife CS Rebecca Miano confirms wild fires at Nairobi National park resulted from discarded cigarette, the fires that started in the evening and contained at night affected 210 of the 28000 acres of the park with no animals reported as casualties, the CS emphasizing on dangers of the wild fires to the environment.",2025,2025-03,2025 Q1
2025-03-02,Cybercrime,Cyber Crime,1,Nairobi,,Unknown,,1.0,Unknown,,Disruption,Unknown,Daily Nation pg 10,"During an online court proceeding, one participant shared pornographic video creating a chaotic situation. The courts has since then decided to restrict access  to online proceedings.",2025,2025-03,2025 Q1
2025-03-02,Homicide & Unlawful Killing,Murder,10,Murang'a,,Male and Female,,,Unknown,,Unknown,Unknown,Daily Nation pg 10,"Panic as Maragua is hit by deadly crime wave, in the report five babies, and five adults were reported to be among the victims who faced cruel murders.",2025,2025-03,2025 Q1
2025-03-02,Environmental & Wildlife Crimes,Environmental Crimes,180,Multiple Counties,,Unknown,,,Unknown,,Unknown,Fire,Daily Nation pg 14,Rising reports of forest fires ranging at 180 incidences within 60 days.,2025,2025-03,2025 Q1
2025-03-02,Corruption & Abuse of Office,Corruption,1,Unknown,,Unknown,,,Unknown,,Greed,Unknown,Daily Nation pg 20,Traffic police collects billions in bribes monthly says anti-graft/ EACC boss.,2025,2025-03,2025 Q1
2025-03-03,Homicide & Unlawful Killing,Murder,22,Elgeyo Marakwet,,Female,,1.0,Male,,Jealousy,Unknown,Daily nation pg 21,The perpetrator was claimed to have murdered her enstraged wife and he went missing when his court hearing regarding the case reaches,2025,2025-03,2025 Q1
2025-03-03,Property Destruction & Arson,Arson,1,Turkana,,Unknown,,,Unknown,,Resource gain,"Firearms, Machetes and Clubs",The Standard pg 3,"The dassanech from Ethiopia attacked people from Turkana at around 2pm alongside the lake shores while fishing. They attacked fishermen, vendors and even some villages. Besides that, those who tried to escaped they were butchered by machetes and clubs.",2025,2025-03,2025 Q1
2025-03-03,Property Destruction & Arson,Arson,1,Elgeyo Marakwet,,Female,,,Unknown,,Revenge,Fire,The Standard pg 3,The mob burnt the two houses of woman who was allegedly last seen with medic who was found dead on friday evening.,2025,2025-03,2025 Q1
2025-03-03,Homicide & Unlawful Killing,Murder,1,Elgeyo Marakwet,,Male,,1.0,Female,,Unknown,Unknown,The Standard pg 3,The mob burnt the two houses of woman who was allegedly last seen with medic who was found dead on friday evening.,2025,2025-03,2025 Q1
2025-03-04,Homicide & Unlawful Killing,Murder,1,Nairobi,,Male,,1.0,Female,,Love affair,Unknown,Daily Nation pg 12,"Former raiiy campion was found murderd at his house at Kileleshwa Nairobi, a crime sceme detective  says that Assad was directed to reconsruct the scene and take photographs of the house",2025,2025-03,2025 Q1
2025-03-04,Homicide & Unlawful Killing,Murder,1,Samburu,,Unknown,,,Unknown,,Financial gain,Firearm,Daily Nation pg 22,Maralal-bound bus which departed from Baringo to Maralal board by appropriately 60 passengers attached by gunmen who killed inocent 2 people and injured eight passengers,2025,2025-03,2025 Q1
2025-03-04,"Robbery, Theft & Burglary",Robbery With Violence,1,Nairobi,,Male,,2.0,Male,,Financial gain,Unknown,Daily Nation pg 3,Money trail in hunt for suspects who stole from murdered Briton. It is suspected that the briton man was murdered in a house belonged to one of the suspect,2025,2025-03,2025 Q1
2025-03-05,Homicide & Unlawful Killing,Murder,1,Nairobi,,Unknown,,1.0,Male,,Political gain,Unknown,The Standard Pg 10,The perpatrator who is the MCA for HUruma in Nairobi County is claimed to have forged self declaration form for clearance to vie for a general elections.,2025,2025-03,2025 Q1
2025-03-05,Homicide & Unlawful Killing,Murder,1,Elgeyo Marakwet,,Male,,,Unknown,,Resource gain,Unknown,Daily Nation Pg 18,The perpatrators who are belived to be from the neighboring community attacked residents of kerio valley leading to death of a 17 year old.,2025,2025-03,2025 Q1
2025-03-05,Homicide & Unlawful Killing,Murder,4,Elgeyo Marakwet,,Male,,,Unknown,,Resource gain,Firearm,The Standard Pg 18,"A fight escalated between herders from marakwet east and Tiaty communities over a grazing land at the kerio valley border which led to stealing of unknown number of livestock, and death of two young brothers, their uncle and a man from theTiaty community.",2025,2025-03,2025 Q1
2025-03-05,"Robbery, Theft & Burglary",Robbery With Violence,1,Elgeyo Marakwet,,Male and Female,,,Unknown,,Community Retaliation,Unknown,The Standard Pg 18,"A fight escalated between herders from marakwet east and Tiaty communities over a grazing land at the kerio valley border which led to stealing of unknown number of livestock,and death of two young brothers ,their uncle and a man from theTiaty community.",2025,2025-03,2025 Q1
2025-03-06,Homicide & Unlawful Killing,Murder,1,Nairobi,,Male,,1.0,Male,,Frustration,Firearm,The Standard pg 2,A high school student was shot in the head by a police officer while coming from the mosque for evening prayers.,2025,2025-03,2025 Q1
2025-03-06,Assault & Bodily Harm,Assault,4,Nairobi,,Male and Female,,,Unknown,,Frustration,Firearm,Daily Nation pg 2,Four journalists were harassed and assaulted  by police officers at Majengo police post who recked the area following the killing of a teenager on Teusday evening,2025,2025-03,2025 Q1
2025-03-06,Homicide & Unlawful Killing,Murder,2,Nakuru,,Male,,1.0,Female,,Anger,Unknown,daily nation pg 19,"Rahab Wanjiru was acquitted of the brutal murder of 2 boys  who vanished one evening from their home in Naivasha Maraigushu area in nakuru county , only for their bodies to be found  floating in a dam",2025,2025-03,2025 Q1
2025-03-07,Assault & Bodily Harm,Assault,4,Kisii,,Unknown,,,Unknown,,Community Retaliation,Arrow,Daily Nation pg6,Atleast 8 people were hospitalised following clashes in Kiango after 3 cows were stolen.,2025,2025-03,2025 Q1
2025-03-07,Assault & Bodily Harm,Assault,4,Nairobi,,Unknown,,,Unknown,,Intimidation,Unknown,Daily Nation pg16,Atleast four journalist were assaulted by police for covering riots in Nairobi Majengo Area following the shooting to death of a teenager.,2025,2025-03,2025 Q1
2025-03-08,Homicide & Unlawful Killing,Murder,1,Nairobi,,Male,,1.0,Female,,Love affair,Unknown,DN Pg 10,"The accused was presented in a court to face murder charges which she denied claiming that the victim assulted her before she escaped and locked herself . After autopsy, the victim is said to have been intoxicated. Some stomach contents of the victim contained traces of Ketamine, a narcotic substance that causes hallucinogenic effects which led to his death.",2025,2025-03,2025 Q1
2025-03-08,"Robbery, Theft & Burglary",Robbery With Violence,1,Turkana,,Unknown,,,Unknown,,Resource gain,Unknown,DN Pg 10,"Suspected Dassenech militia from neighbouring Ethiopia launched an attack on Kenyan pastoralists, fishermen, and traders which left three dead and several missing. Affected families reported to the Kenya Red Cross desk this week that more than 40 people remain unaccounted for since the attack. They also reported the loss of 47 boats, 556 fishing nets and other gear, one motorcycle, and a firearm belonging to a National Police Reservist.",2025,2025-03,2025 Q1
2025-03-08,Sexual & Gender-Based Violence,Child Pornography,1,Kisumu,,Male,,1.0,Female,,Financial gain,Phone,DN Pg 8,The woman who's the mother to the minor is said to be selling child pornographic video to pornograpy sites. Her cover was reportedly blown when she 'mistakenly' sent a video of herself and the boy in the act. This led to condemnation from the residents leading the  her arrest.,2025,2025-03,2025 Q1
2025-03-09,Property Destruction & Arson,Arson,1,Nairobi,,Unknown,,,Unknown,,Retaliation against Police,Fire,DN Pg 16,Angry protesters set a police station on fire following a shooting of a 17 year old boy. They also burned two police vehicles.,2025,2025-03,2025 Q1
2025-03-09,Corruption & Abuse of Office,Corruption,1,Nairobi,,Unknown,,1.0,Male,,Financial gain,Unknown,Daily Nation pg 12,"The field officer for a water company in Central Kenya has been disconnecting water pipes supplying various major residential flats in the county. Besides that, he will connect them after receiving bribes from tenants.",2025,2025-03,2025 Q1
2025-03-09,Corruption & Abuse of Office,Corruption,1,Unknown,,Unknown,,1.0,Male,,Financial gain,Unknown,Daily Nation pg 12,Senior traffic officer has been receiving bribes from his junior officers. He was caught red handed and pleaded that the matter to be kept under wraps.,2025,2025-03,2025 Q1
2025-03-10,Homicide & Unlawful Killing,Murder,1,Makueni,,Male,,2.0,Male,,Robbery,Unknown,Daily Nation pg 3,Mr. Bernard Mbunga Mbusu was last seen with Mr. Campbell Scott leaving the restaurant and later on that night Mr. Scott went missing and his body found dead later at Makongo forest.,2025,2025-03,2025 Q1
2025-03-10,Abduction & Kidnapping,Abduction,1,Nairobi,,Male,,,Unknown,,Abduction,Unknown,Daily Nation pg 11,"Wajir County Assembly Minority Leader Yussuf Ahmed Hussein, who went missing in Nairobi nearly six months ago, was abducted and held in the same torture chambers as three Kitengela activists, the Nation can reveal.",2025,2025-03,2025 Q1
2025-03-10,Homicide & Unlawful Killing,Murder And Robbery With Violence,1,Mombasa,,Male,,2.0,Male,,Robbery,Firearm and ammunation,Daily Nation pg 18,"Gitonga and Joseph Amwayi jailed for 120 years and 80 years, repectively for violenty robbing and shooting former Kilifi deputy governor Kenneth Kamto.",2025,2025-03,2025 Q1
2025-03-11,Sexual & Gender-Based Violence,Sexual Assault,3,Unknown,,Female,,1.0,Male,,Sexual immorality,Unknown,Daily Nation pg2,A primary school teacher who preyed on young after exposing them to pornographic videos has been jailed for 25 years on a defilement case,2025,2025-03,2025 Q1
2025-03-11,Sexual & Gender-Based Violence,Sexual Assault,1,Unknown,,Female,,1.0,Male,,Sexual immorality,Unknown,Daily Nation pg 2,A  court has backed the Teachers Service Commission decision to fire and ban the profession a high school teacher accused of flirting on Instagram with a teenage schoolgirl during the holiday,2025,2025-03,2025 Q1
2025-03-11,Homicide & Unlawful Killing,Murder,2,Nairobi,,Male,,1.0,Male,,Frustration,Firearm,Daily Nation pg 10,"3 police Corporal being among the millions viwers who watched Manchester and Arsenal English Premier League fixture. some patron at the canteen started analysing the match results  while others made merry.one of the officer drew his Ceska pistol and began shooting indiscriminately. In less than 2 minutes, the police canteen which had been filled with fun had become a murder scene",2025,2025-03,2025 Q1
2025-03-12,Homicide & Unlawful Killing,Murder,1,Nakuru,,Female,,1.0,Male,,Accidental shooting,Firearm,DN page 22,"The perpetrator, who is a Police Chief inspector, was leading a team of police officers during a raid of Lakeview Estate to flush out criminals linked to the outlawed gang, allegedly shot and killed Whitney Atieno,19, a secondary school student. He is yet to be arrested for prosecution.",2025,2025-03,2025 Q1
2025-03-12,Organized Crime & Terrorism,Banditry,5,Samburu,,Unknown,,,Unknown,,Cattle rustling,Firearm,The Standard pg 18,The bandits beleived to be from the Turkana community invented and ambushed a village in Samburu North to steal cattle but were however overpowered leaving five dead in the crush.,2025,2025-03,2025 Q1
2025-03-12,Homicide & Unlawful Killing,Murder,6,Samburu,,Unknown,,,Unknown,,Robbery,Firearm,DN page 2,The perpetrators  who are claimed to be heavily armed raiders stormed Kilepoi area and opened fire before driving away an unknown number of livestock.,2025,2025-03,2025 Q1
2025-03-13,"Robbery, Theft & Burglary",Robbery,1,Nairobi,,Unknown,,,Unknown,,Unknown,Unknown,Daily Nation Pg 2,A group of robbers targeted citizens during the president's tour of the Mathare area.,2025,2025-03,2025 Q1
2025-03-13,Homicide & Unlawful Killing,Murder,1,Nairobi,,Female,,,Unknown,,Unknown,Unknown,Daily Nation Pg 10,A Nigerian citizen was found murdered in her apartment. Investigations still ongoing.,2025,2025-03,2025 Q1
2025-03-13,"Robbery, Theft & Burglary",Robbery,1,Kakamega,,Male and Female,,,Male and Female,,Punishment,"Clubs, whips and ropes",Daily Nation Pg 17,"A group of males and females operating an illegal detention center were robbing, beating and detaining people they deemed as criminals.",2025,2025-03,2025 Q1
2025-03-13,Homicide & Unlawful Killing,Murder,1,Murang'a,,Female,,12.0,Male,,Robbery,Unknown,Daily Nation Pg 20,A woman was attacked and murdered by the Ndeera brothers on her way to work in the morning for failing to give them Ksh.100.,2025,2025-03,2025 Q1
2025-03-14,Homicide & Unlawful Killing,Murder,1,Kirinyaga,,Male,,2.0,Male,,Unknown,Unknown,Daily Nation Pg 18,"The victim left his home and went to a nearby market where he enjoyed drinkds with his friends. After having drinks, he was seen leaving the bar at around 11pm while in the company of his friends who are well known in the area. It is not clear how and at what point a fight among the men broke out, in which Mwangi was fatally attacked and his body dumped in a coffee farm. The prime suspects in the gruesome murder are his two close friends. The family said they heard the victim screaming for help and rushed to the scene. They saw two men fleeing and on looking around, saw Mwangi lying dead.",2025,2025-03,2025 Q1
2025-03-14,"Robbery, Theft & Burglary",Robbery,1,Nairobi,,Male and Female,,,Unknown,,Mayhem,Unknown,Daily Nation pg 14,"As the President's convoy made a development tour around Nairobi city, goons were spotted invading every route taken by the executive chair, attacked residents while robbing them of their properties.",2025,2025-03,2025 Q1
2025-03-14,Land & Eviction Offences,Land Grabbing,100,Nakuru,,Male and Female,,,Unknown,,Land grabbing,Unknown,Daily Nation pg 16,"An out-cry from residents of Ndabibi, Naivasha, as they report incidents of land grabbing by officials despite court ordering to stop the process. The residents insist on rightful ownership as they possess the title deeds to the area.",2025,2025-03,2025 Q1
2025-03-14,Homicide & Unlawful Killing,Murder,1,Mombasa,,Female,,,Unknown,,Unknown,Rope and axe,Daily Nation pg 17,"A 26 year old Jane Achieng Omuollo was found dead in Likoni, according to reported evidence and analysis, the lady was strangled before her body was dismembered. The family cries out for the remaining body parts that were not found, while the case still has no prime leads/ suspects.",2025,2025-03,2025 Q1
2025-03-14,Homicide & Unlawful Killing,Murder And Robbery With Violence,6,Samburu,,Unknown,,,Male,,Stealing,Firearm,Daily Nation pg 19,"Residents and local officials of Baragoi, Samburu North accuse security agency over laxity following an alert on impending attack where six residents were murdered while trying to protect their cattles.The cattle rustlers made away with more than 1000 cattles during the raid. The CS ministry of interior K. Murkomen has been called out to form a round table meeting with stakeholders to identify the root cause of the tribal clashes.",2025,2025-03,2025 Q1
2025-03-15,Traffic & Safety Offences,Reckless Driving,1,Nairobi,,Male,,1.0,Male,,Unknown,Vehicle,Daily Nation Pg 4,The victim was reportedly to a mosque for pyaryers when he was hit by one of the speeding vehicles in the presidential escort near adams arcade along ngong road at around 1pm.,2025,2025-03,2025 Q1
2025-03-16,Homicide & Unlawful Killing,Murder,2,Homa Bay,,Male,,,Unknown,,Anger,Unknown,The Standard pg 3,"Mob lynches two suspect over cattle theft in Rachuonyo East Sub-county, Homa Bay. The area faced cattle rustling as perpetrators made way with the livestock transporting them in small cars, as such where the four suspects were spotted by the locals as foreign entities and failed to explain their presence in the area. Two suspects escaped with injuries as the other two got beaten to death and bodies burnt.",2025,2025-03,2025 Q1
2025-03-16,Organized Crime & Terrorism,Terrorism,5,Mandera,,Male,,20.0,Unknown,,Revenge,Firearm,Daily Nation Pg 3,"A group of five Kenyan officers were manning the Kenya-Somalia border in Mandera when the Nisa group, consisting of about 20 personnel, approached and opened fire leading to the death of one police officer and another one left with injuries. They stole a G3 and AK-47 rifles. According to the police in Mandera, the Nisa officers were retaliating against the arrest of two individuals suspected of involvement in an aborted plan to abduct Chinese workers engaged in a sewerage project in Mandera town.",2025,2025-03,2025 Q1
2025-03-17,Organized Crime & Terrorism,Terrorism,1,Lamu,,Unknown,,,Unknown,,Attack plan,Firearm,The Standard pg 7,"The suspected Al-Shabaab militants ransacked the village searching for NPR and othe gorvernment administrators so that they attacked them but after failing, they hostage the residents lecturing them about Quran and later left to unknown destinations.",2025,2025-03,2025 Q1
2025-03-17,Homicide & Unlawful Killing,Murder,1,Nairobi,,Male,,1.0,Male,,Frustration,Physical Assault,Daily Nation pg 3,The passenger was thrown out by Super Metro conductor causing sudden death due to he did not have 30 shillings to top up the 50 shillings he had given already.,2025,2025-03,2025 Q1
2025-03-17,Homicide & Unlawful Killing,Murder,1,Nakuru,,Male,,,Unknown,,Disperse protestors,Firearm,Daily Nation pg 15,"The community members were protesting against the killings of their children and one body was found dumped near the Elburgon Police Station. Besides that, the protest resulted to death of a form 3 student.",2025,2025-03,2025 Q1
2025-03-17,Homicide & Unlawful Killing,Murder,1,Nakuru,,Male,,,Unknown,,Unknown,Unknown,Daily Nation pg 15,Barely two month ago there was activist who was killed later on another mechanic went missing and his body was found dead leading to protests by the community members.,2025,2025-03,2025 Q1
2025-03-18,Sexual & Gender-Based Violence,Rape,1,Nakuru,,Male,,1.0,Male,,Assault,Unknown,Daily Nation pg 21,Christian impact church pastor Peter faces charges for rape case against a 30 year old taxi driver in Nakuru where he had fled and faked identity in Nairobi.,2025,2025-03,2025 Q1
2025-03-18,Public Order & Administration of Justice,Hate Speech,1,Migori,,Unknown,,,Unknown,,Incitement,Unknown,The Standard pg 2,Chaos erupted in Migori stadium between political supporters of Governer Ochilo Ayacko and MP Mark Nyamita forcing police to use teargas and fire into the air to disperse the rowdy crowd which had been causing damage to the stadium facilities as others got injured.,2025,2025-03,2025 Q1
2025-03-18,Fraud & Financial Crimes,Fraud,1,Nairobi,,Unknown,,3.0,Male,,Deciet,Unknown,The Standard pg 2,"Anti-corruption court ordered the detaining of three individuals; former MCA James Mbuvi, Mike Muthami, and Muthoka Kithemba following their arrest where they were found with multiple phones and simcards suspected for defrauding the public as they impersonated EACC investigators.",2025,2025-03,2025 Q1
2025-03-18,Homicide & Unlawful Killing,Murder,1,Nakuru,,Male,,,Unknown,,Disperse protestors,Firearm,The Standard pg 9,A form three student got shot by a stray police bullet while the police were trying to disperse a protest following another murder of a mechanic whose body was found near the police station.,2025,2025-03,2025 Q1
2025-03-19,Organized Crime & Terrorism,Terrorism,1,Lamu,,Unknown,,150.0,Unknown,,Terror,Firearm,The Standard Pg 16,"The outlawed alshabab militants dressed in military combat gear and armed with AK-47 rifles, who had their faces covered with masks raided and terrorised one of the villages in Lamu county. The militants held the village hostage for hours giving jihadist lessons.",2025,2025-03,2025 Q1
2025-03-19,"Robbery, Theft & Burglary",Organ Theft,1,Nairobi,,Male,,,Unknown,,Conceal evidence,Unknown,The Standard Pg 9,The deceased is said to have developed complications and rushed to the hospital where he was pronounced dead on arrival. The family were however suspicious of his cause of death saying he was probably poisoned. They requested for a post mortem and the results did not satisfy them. The requested for a second examination of the heart which however did not happen since the heart and other vital organs were missing.,2025,2025-03,2025 Q1
2025-03-20,Property Destruction & Arson,Arson,4,Nakuru,,Female,,,Unknown,,Invasion and elimination,Fire,The Daily Nation Pg 24,The Confirmed gang in Nakuru has allegedly been involved in malicious home invasions and victim elimination especially households having women since they are considered weak.Elimination is done though burning of the victims after robbing them some items.,2025,2025-03,2025 Q1
2025-03-20,"Robbery, Theft & Burglary",Burglary,1,Kiambu,,Male and Female,,,Unknown,,Robbery,Unknown,The Daily Nation Pg 3,Mr Muhu and his family were having dinner in which they encountered a burglary act on the eve of that night.Fortunately none was harmed by the assailants due to the quick emergency response by the police from Tigani police station which made the assailants disappear.,2025,2025-03,2025 Q1
2025-03-20,Homicide & Unlawful Killing,Murder,1,Outside Kenya,,Male,,,Unknown,,Gang confrontation,Unknown,The Daily Nation Pg 3,"Kenyan Police Contable,Tompoi was killed  during a patrol with the International Security Force in Haitian capital Port-au-Prince during a confrontation with a gang.",2025,2025-03,2025 Q1
2025-03-20,Homicide & Unlawful Killing,Murder,1,Kirinyaga,,Male,,1.0,Female,,Love affair,Knife,Daily Nation Pg 24,A woman stubbed her husband during a heated altercation.,2025,2025-03,2025 Q1
2025-03-21,Abduction & Kidnapping,Abduction,1,Unknown,,Female,,,Unknown,,Unknown,Unknown,The Standard pg 8,"Activist Mumbi Seraki went missing for some days and appeared with injuries on her face. More so, she was battered, bruised, bruised and burnt after she drugged. Besides that, all this happened days after posting a video critising President Ruto's motorcade allegedly causing the death of man during his 3 day tour in Nairobi.",2025,2025-03,2025 Q1
2025-03-22,Homicide & Unlawful Killing,Murder,1,Embu,,Female,,1.0,Male,,Unknown,Unknown,Daily Nation Pg 3,The victim who works for an NGO involved in rescuing and rehabilitating children from poor backgrounds was to travel in company of his supervisor to take a pupil under their organization to a school in Meru. She made a call to her mother telling her to keep praying for the victim since his boss was threatening her.Her phone went of after having a meal with the supervisor and she was never seen again.,2025,2025-03,2025 Q1
2025-03-22,Assault & Bodily Harm,Gang Violence,1,Mombasa,,Unknown,,,Unknown,,Extortion and stealing,Machete,Daily Nation pg 11,Rising cases of gang violence across Mombasa county involving youths and juviniles who storm businesses using machete and carry out robbery in less than two hours before getting away while targeting other hits.,2025,2025-03,2025 Q1
2025-03-22,Fraud & Financial Crimes,Fraud,1,Multiple Counties,,Unknown,,2.0,Unknown,,Fraud,Unknown,Daily Nation pg 21,"The Anti-Counterfeit Authority increases surveilance following increase in circulatiion of fake fertilizers to farmers which results to low yields, an arrest has already been ade for two individuals who were found in possession of 223 bags of fake fertilizer worth 23 million.",2025,2025-03,2025 Q1
2025-03-22,Assault & Bodily Harm,Gang Violence,1,Uasin Gishu,,Unknown,,4.0,Male,,Stealing,Unknown,The Standard pg 18,"Police arrest four members of a notorious gang (Death Niggar Association) which has been robbing residents of Eldoret, Uasin Gishu county.",2025,2025-03,2025 Q1
2025-03-23,Homicide & Unlawful Killing,Murder,1,Kiambu,,Female,,,Unknown,,Love affair,Acid,DN Pg 3,"The victim left her village in gatundu to spend quality time with her boyfriend at thika. After two weeks, she was escorted by her boyfriend to thika town where she informed her boyfriend that she was going to ruiru town to meet her friend. Her body which bore signs of chemical burns was later discovered in a plantation near thika town.",2025,2025-03,2025 Q1
2025-03-23,Organized Crime & Terrorism,Banditry,12,Multiple Counties,,Male and Female,,,Unknown,,Raiding,Firearm,Daily Nation pg 8,The bandits raided the Rift valley region killing an assistant chief and 10 people and the chief of Pura in Samburu,2025,2025-03,2025 Q1
2025-03-24,Homicide & Unlawful Killing,Murder,1,Nakuru,,Male,,1.0,Male,,Stealing,Unknown,Daily Nation pg 3,Mr. Ngetich was promised a good two week deal of verying foreigners by his friend that made him to cut off his plan to visit his mother. He came to Nairobi to secure that deal but it did not went has planned after he went off making her mother and wife feeling unconfortable about his well being. Later on he was pronounced dead after her mother reported his dissapearance to the DCI.,2025,2025-03,2025 Q1
2025-03-24,Organized Crime & Terrorism,Banditry,1,Samburu,,Male,,,Unknown,,Raiding,Firearm,The Standard pg 17,The bandits raided the village and killed former area chief.,2025,2025-03,2025 Q1
2025-03-24,Organized Crime & Terrorism,Banditry,1,Samburu,,Male,,,Unknown,,Raiding,Firearm,The Standard pg 17,The bandits raided Purra village and left one person dead.,2025,2025-03,2025 Q1
2025-03-24,Organized Crime & Terrorism,Banditry,1,Baringo,,Male,,,Unknown,,Raiding,Firearm,The Standard pg 17,The bandits were raiding the village hence claiming the life of area chief.,2025,2025-03,2025 Q1
2025-03-24,Organized Crime & Terrorism,Terrorism,6,Garissa,,Unknown,,,Unknown,,Terror,Firearm,The Standard pg 5,The suspected Al-Shabaab attacked the Police Reservists killed 6 and injured 4 of them.,2025,2025-03,2025 Q1
2025-03-25,Organized Crime & Terrorism,Banditry,1,Multiple Counties,,Unknown,,,Unknown,,Cattle rustling,Unknown,The Standard pg 20,"A report of police arresting suspects of cattle rustling in Kakamega, Busia, and Siaya where they were meant to be slaughtered and the meat ferried from the home of the suspects.",2025,2025-03,2025 Q1
2025-03-25,Corruption & Abuse of Office,Corruption,1,Nairobi,,Unknown,,,Unknown,,Defraud,Unknown,The Standard pg 6 & 7,Courts expose ardhi house land scams fueled by corrupt officials and cartels.,2025,2025-03,2025 Q1
2025-03-25,Assault & Bodily Harm,Hate Crime,1,Nairobi,,Male,,,Male,,Assault,Unknown,The Standard pg 4,A report on how mobs are targeting state critics; a trend of goons being paid and deployed by political figures to attack state critics has been on the rise with the recent attack on Mumias East MP Peter Salasya while he attended an African cup qualifier game between Kenya and Gabon.,2025,2025-03,2025 Q1
2025-03-25,Organized Crime & Terrorism,Arms Possession,1,Nakuru,,Unknown,,2.0,Male,,Mugging,Fake gun and ammunitions,The Standard pg 3,Two suspects were nabbed in Naivasha while in the possession of fake guns and ammunitions. The two were arrested among other several youth belonging to the confirm gang in efforts of maintaining order during the World Rally Championship.,2025,2025-03,2025 Q1
2025-03-25,Environmental & Wildlife Crimes,Environmental Crimes,1,Makueni,,Unknown,,,Unknown,,Dispense,Unknown,Daily Nation pg 22,"Reports of pressure mounted on Kenya Pipeline company as NEMA joins the call for KPC to clean up the oil mess in Thange, Makueni county.",2025,2025-03,2025 Q1
2025-03-25,Cybercrime,Cyber Crime,1,Nationwide,,Unknown,,,Unknown,,Unknown,Social media platforms,Daily Nation pg 10,"Telegram social media platform has been cited to support terrorism related activities, the platform has been recommended to regulate its policies so as to counter organizing of extremists groups.",2025,2025-03,2025 Q1
2025-03-25,Homicide & Unlawful Killing,Murder,2,Nairobi,,Male,,1.0,Male,,Unknown,Firearm,Daily Nation pg 3,Another police constable fires at colleagues killing one and the other gets injured while in Gigiri Police canteen.,2025,2025-03,2025 Q1
2025-03-25,Homicide & Unlawful Killing,Murder,1,Nairobi,,Male,,1.0,Male,,Self - defence,Firearm,The Standard pg 3,"A police constable who claims to serve under state house, shot his friend; a driver, at a local joint in Kawangware. The police officer, Mohammed Yusuf, further claimed that the situation became tense after a quarrel broke out between the two. As Mohammed left the premises, Amos the friend followed on with a stone, where he got shot severally as Mohammed was defensing himself. The mattter persists in court.                                                                                                                                                                            ",2025,2025-03,2025 Q1
2025-03-25,Homicide & Unlawful Killing,Murder,3,Kakamega,,Male and Female,,1.0,Male,,Drug influence,Vehicle,The Standard pg 2,"In Shinyalu - Kakamega county, a man who was intoxicated from alcohol ended up killing three people on the spot; hitting a pendestrian woman and two men who were on bodaboda.",2025,2025-03,2025 Q1
2025-03-25,Homicide & Unlawful Killing,Murder,1,Kirinyaga,,Female,,3.0,Male,,Unknown,Unknown,Daily Nation pg 15,"A 23 year old single mother shifted from her home in Kitale and moved to Ngurubani Kirinyaga county to seek employment and financial growth to support her family and two kids she'd left home. After securing a job as a waitress, she crossed path with a tycoon's son who is the prime suspect to her murder  alongside other two suspect who are claimed to have aided in carrying out the act. The deceased body was dumped in a septic tank and discovered days later.",2025,2025-03,2025 Q1
2025-03-26,Other Offences,Negligence,2,Siaya,,Male,,,Male,,Ignorance,Unknown,DN Pg 17,The school principal is said to have ignored numerours claims about the harzadous state of the septic tank before the fatal accident occoured leading to the death of two students.,2025,2025-03,2025 Q1
2025-03-26,Homicide & Unlawful Killing,Murder,1,Nairobi,,Male,,1.0,Male,,Stealing,Unknown,DN Pg 16,The victim is said to have left westlands with unidentified man before being traced to pipeline estate where the prosecution believes he met his death in a house belonging to the perpetrator. His body was later discovered in Makongo along the Machakos-Wote road.,2025,2025-03,2025 Q1
2025-03-26,Assault & Bodily Harm,Assault,1,Nyamira,,Female,,3.0,Male,,Cultural practice,Unknown,The Standard Pg 3,"The accused are said to have descended to the widow, beating and draging her at the grave side during the burial of her husband for failing to throw soil into the grave which is a  burial rite.",2025,2025-03,2025 Q1
2025-03-27,Homicide & Unlawful Killing,Murder,1,Kilifi,,Male,,2.0,Unknown,,Resource gain,Unknown,The Standard Pg 20,A Somali herder was attacked by farmers over grazing rights in Kilifi county. Two people were arrested by the police suspected to be involved in his murder,2025,2025-03,2025 Q1
2025-03-27,Homicide & Unlawful Killing,Murder,1,Nakuru,,Unknown,,,Unknown,,Land resource gain,Firearm,The Standard Pg 20,A youth was shot dead in Nakuru county while two rival groups were fighting over Muthera Farm.,2025,2025-03,2025 Q1
2025-03-28,Homicide & Unlawful Killing,Murder,1,Baringo,,Female,,1.0,Male,,Jealousy,Machete,Daily Nation pg 10,"Woman hacked to death by ex-husband for ""moving on"".",2025,2025-03,2025 Q1
2025-03-28,Homicide & Unlawful Killing,Attempted Murder,1,Isiolo,,Male,,1.0,Male,,Unknown,Firearm,Daily Nation pg 34,An attempted murder on Isiolo MCA by a lone gunman.,2025,2025-03,2025 Q1
2025-03-28,Corruption & Abuse of Office,Corruption,1,Kakamega,,Unknown,,5.0,Male,,Extortion,Unknown,The Standard pg 14,"Five traffic police officers arrested in Kakamega, The police officers uprehended by EACC officers had been extorting motorists along Kakamega - Bungoma road.",2025,2025-03,2025 Q1
2025-03-29,Organized Crime & Terrorism,Terrorism,3,Multiple Counties,,Male,,2.0,Male,,Terror,Unknown,Daily Nation Pg 2,Albaabab attacks in the North-Eastern Kenya has led to frequent raids and deaths of police reservist and residents but officials has said that everything is under control.,2025,2025-03,2025 Q1
2025-03-29,Homicide & Unlawful Killing,Manslaughter,38,Kilifi,,Male and Female,,1.0,Male,,Radicalization,Religion,Daily Nation Pg 8,Moses Kahindi a victim of the cult recorded the deaths of 38 children from 21 March 2021 referring to them as 'weddings' with their names alongside the parents names. This journal was presented by his son Mr Samule Mwayaye who testified against Mr Paul Mackenzie.,2025,2025-03,2025 Q1
2025-03-29,Drugs & Contraband,Drug Trafficking,1,Outside Kenya,,Female,,,Unknown,,Smuggling drugs,Death by Lethal injection,The Standard Pg 13,Margret Nduta faced a death penalty in Vietnam after being caught in possession of 2kilos of cocaine.,2025,2025-03,2025 Q1
2025-03-29,Fraud & Financial Crimes,Fraud,1,Nairobi,,Unknown,,1.0,Female,,Scamming,Unknown,The Standard Pg 10,Rish Kamunge was arrested on charges of fraud with her alledged victims being scammed over sh200000 with the promise of an oversea job with does not exist.,2025,2025-03,2025 Q1
2025-03-29,Homicide & Unlawful Killing,Murder,1,Nakuru,,Female,,1.0,Male,,Revenge,Knife,The Standard Pg 10,The victim was lured by her assilant where she was stabbed and her body dumped outside the assilant home with blood stains leading upto his room where the weapon and bloodied clothes were recovered.,2025,2025-03,2025 Q1
2025-03-29,Homicide & Unlawful Killing,Murder,1,Uasin Gishu,,Female,,1.0,Male,,Infidelity,Unknown,Daily Nation Pg 10,The perpetrator who is the husband to the deceased had been complaining to his friend about his wife being unfaithful. The accused is said to have gone to pick her wife from her place of work as usual from her work place only for her to be discovered murdered and her body dumped in the forest.,2025,2025-03,2025 Q1
2025-03-30,Assault & Bodily Harm,Assault,2,Nakuru,,Male and Female,,1.0,Male,,Infidelity,Firearm,Daily Nation Pg 3,"A bodaboda rider was approached by a woman at around 10pm and asked him to drop her at her place. Upon arrival at the woman’s destination, another motorcycle rider dropped off a man whom the rider later learnt was the woman’s husband. He demanded to know where the wife had been and why she was late. He pulled out a gun and ordered them to kneel down. He assulted them but the woman escaped leaving the rider with the husband who shot him and tortured him until late in the night .",2025,2025-03,2025 Q1
2025-03-30,Fraud & Financial Crimes,Fraud,1,Multiple Counties,,Unknown,,,Unknown,,Fraud,Unknown,Daily Nation Pg 8,Counties payroll scandal amid report from the Auditor-General.,2025,2025-03,2025 Q1
2025-03-31,Fraud & Financial Crimes,Fraud,1,Nyamira,,Female,,,Male and Female,,Cultural practice,Physical Assault,The Standard pg 3,"Ms Mellen Mogaka was invited by her mother in-law to attend the burial of ex-husband. Mellen came with her two children, she was locked in the room with the body of osoro that night. NMoreso, a group of men approched her instructing her to pour soil to the grave but she refused and that proveked those guys and start beating her as she has is responsible for the death of Mr. Osoro.",2025,2025-03,2025 Q1
2025-03-31,Fraud & Financial Crimes,Fraud,1,Nairobi,,Unknown,,8.0,Male,,Scamming,Forged documents,The Standard pg 3,"The operation followed an intelligence-led sting operation in cooperation with officers from state department of physical planning, which led to the arrest of 8 individuals suspected of ochestrating one of kenya's most widespread scam. They were issueing fake title deeds to land buyers as they also sell the existing land.",2025,2025-03,2025 Q1
2025-04-01,Public Order & Administration of Justice,Contempt Of Court,1,Nakuru,,Male,,1.0,Male,,Oppression,Unknown,The Standard pg 25,"The High court of Nakuru finds and convicts Kenya Railways Managing Director Phillip Mainga over contempt, the court previously ordered for the compensation of Monica Macharia who had sued the state company for demolition of her business.",2025,2025-04,2025 Q2
2025-04-01,"Robbery, Theft & Burglary",Robbery,1,Mombasa,,Male and Female,,50.0,Unknown,,Robbery,Unknown,The Standard pg 25,"A gang of more than 50 youths attacked cruise passengers at Pembe za Ndovu - Moi Avenue, getting away with their valuables leading to the cancellation of their stay in the port city. Security agencies and the department of tourism apologised for the incidence while deploying officers to counter the act.",2025,2025-04,2025 Q2
2025-04-01,Homicide & Unlawful Killing,Murder,1,Kakamega,,Male,,,Unknown,,Family property dispute,Axe and Knife,The Standard pg 25,Jacob a 75 year old man in Malava constintuency in Kakamega county got hacked to death as wife's tongue got chopped off following a hired gang hit by his relatives. Her daughter who was present in the crime scene said the gang went on to look for land documents belonging to his deceaced father. ,2025,2025-04,2025 Q2
2025-04-01,Fraud & Financial Crimes,Fraud,1,Unknown,,Unknown,,,Unknown,,Embezzlement of public funds,Unknown,The Standard pg 6,"Senetors raising alarm over unaccounted 87 Billion shillings by counties following the Auditor - General's 23/24 financial report, lacking records for assets or deeds, yet the counties seek more funding from the exchequer. The senetors look forward in partnering with EACC, DCI, and DPP to trace the exchequers funds.",2025,2025-04,2025 Q2
2025-04-01,Homicide & Unlawful Killing,Murder,1,Kajiado,,Male,,1.0,Female,,Marital issue,Knife,The Standard pg 3,"A boda boda rider got in a confrontation with his wife over her whereabouts and ended up getting stabbed to death while in his sleep, their  child reported. The news left residents of ongata rongai shocked as they hope for swift justice.",2025,2025-04,2025 Q2
2025-04-01,Environmental & Wildlife Crimes,Environmental Crimes,1,Homa Bay,,Male,,,Unknown,,Exploitation of national resources,Shovels,Daily Nation pg 8,"Reports of illegal sand minning in Homa Bay county along Achich beach which is commonly hosts fishing activities. NEMA, and the public locals now cite that the beach topography has changed becoming steeper and dangerous to walk along the lake banks, while existed trees roots weakened and fell off. NEMA calls out Homa Bay county revenue collection officials for collecting from the miners, encouraging their illigal activities. The miners sell of their collection at cheap rates while being sold to construction companies for multiple profits.",2025,2025-04,2025 Q2
2025-04-01,Environmental & Wildlife Crimes,Environmental Crimes,1,West Pokot,,Unknown,,,Unknown,,Exploitation of national resources,Fires and Blades,Daily Nation pg 8,"Alarming reports on 35% depliction of Kamatira forest in West Pokot due to fires, logging for posts and timber, which inturn results to drying up of rivers, low rainfall and natural - resource conflict over water, pasture, food.",2025,2025-04,2025 Q2
2025-04-01,"Robbery, Theft & Burglary",Armed Robbery,3,Meru,,Male,,2.0,Male,,Robbery,Gun and Machette,Daily Nation pg 21,"A criminial gang has been looming in Tigania West, Meru County while targetting to hit churches stealing valuables. Two Pastors and one daughter were caught up in a robbery incidence as the main pastor survived an attempt on his life, the robbers shot at him missing miraculously but hacked on his palm while in defence. The gang stole money and their phones before fleeing away. The area DCI say investigations are underway to nab the perpetrators.",2025,2025-04,2025 Q2
2025-04-01,Fraud & Financial Crimes,Fraud,1,Nairobi,,Unknown,,,Unknown,,Embezzlement of public funds,Unknown,Daily Nation pg 5,"According to the Auditor General's 2022-2023 report on state departments accounts, HELB is alleged to have misused 12 Million shillings in ""Ghost"" cars without listing the entities nor the drivers involved despite the financial challenge being experienced in the department.",2025,2025-04,2025 Q2
2025-04-01,Human Trafficking & Smuggling,Human Trafficking,1,Unknown,,Male and Female,,,Male and Female,,Exploitation of human labour,Unknown,"The Standard pg 4, 5, 6","Lured by the promise of a well - paying job in Thailand, dozens of Kenyans have instead found themselves trafficked into Myanmar's dark digital world of online scamming, those who've escaped scarred and broken.",2025,2025-04,2025 Q2
2025-04-02,Homicide & Unlawful Killing,Manslaughter,1,Nairobi,,Female,,3.0,Male and Female,,Negligence,Unknown,The Standard Pg 3,The suspects are accused of causing death of a patient who underwent a liposuction 360/BBL procedure. The patient died later of compliactions related to the surgery.,2025,2025-04,2025 Q2
2025-04-02,"Robbery, Theft & Burglary",Stealing,1,Nairobi,,Unknown,,1.0,Female,,Financial gain,Unknown,The Standard Pg 17,"The accused who used to work as a househelp is said to have grabbed 2.2 million kenya shillings from her employers bedroom and fled away. The watchman tried to question her but the suspect lied to her which prompted him to call the househelp's boss .Upon coming,the boss found out that the maid was not in the house and the money was missing. The boss reported the matter to the police which led the detectives to fish out the suspect from her hide out.",2025,2025-04,2025 Q2
2025-04-02,Assault & Bodily Harm,Assault,1,Kitui,,Unknown,,1.0,Male,,Impersonation,Police uniform,The Standard Pg 19,The accused is said to have been pursued by the police for assult and threats to kill where police attire was dsicovered in his house raising concerns on security attire falling in the wrong hands.,2025,2025-04,2025 Q2
2025-04-03,Fraud & Financial Crimes,Forgery,1,Nairobi,,Unknown,,7.0,Unknown,,Financial gain,Forged documents,The Standard Pg 8,"Directorate of Criminal Investigations arrested seven suspects including two Ministry of Lands employee, a police and land brokers. They were accused of altering and stealing land documents which were then sold to unsuspecting buyers.",2025,2025-04,2025 Q2
2025-04-03,Homicide & Unlawful Killing,Murder,1,Nakuru,,Male,,2.0,Male,,Unknown,Unknown,Daiy Nation Pg 3,The accused who are brothers are said to have travelled from their respective areas of residence and met at their grandmother's place in Gilgil where they killed their nephew. They both went into hiding after the incidence before one of the suspects was intercepted at the international airport trying to flee the country.,2025,2025-04,2025 Q2
2025-04-03,Homicide & Unlawful Killing,Murder,1,Nairobi,,Unknown,,1.0,Female,,Unknown,Poison,Daily Nation Pg 19,"Police in Makadara are investigating an incident in which a sixyear-old child was poisoned at Mukuru-Hazina slum in South B. The child’s mother, the prime suspect, is fighting for her life in hospital after taking poison. Makadara police boss Judith Nyongesa said the child died, and the police will open murder charges against the mother after she is discharged.",2025,2025-04,2025 Q2
2025-04-04,Property Destruction & Arson,Arson,1,Kisumu,,Unknown,,,Unknown,,Unknown,Fire,Daily Nation pg 14,"The Nuclear Estate of Muhoroni and Miwani Sugar factories has been hit with several fires causing a lot of damages. There has been a lot of reports regarding  what are the causes of the fires but no responce.Besides that, Mr. Kirui stated that, the fire could be sabortaged by individuals seeking to scuttle the lease of the factories to private inve",2025,2025-04,2025 Q2
2025-04-04,Homicide & Unlawful Killing,Manslaughter,1,Nairobi,,Female,,3.0,Male and Female,,Medical negligence,Unknown,Daily Nation pg 8,"A surgeon and owner of the clinic and also Ms lilian Edna Wanjiru were charged with killing a woman while undergoing a liposuction 360/BBL procedure. They are detained waiting for further ivestigation. Besides that Dr. Mutula, Mr. George and Ms Wanjiru have sued the Director of Public Prosecutions, the Directorate of Criminal Investigation and The Attorney General.",2025,2025-04,2025 Q2
2025-04-04,Homicide & Unlawful Killing,Manslaughter,3,Mombasa,,Male and Female,,,Unknown,,Unknown,Oxygen supply shortage,Daily Nation pg 14,Three patients died after oxygen supply was interrupted leading to patients gasping for air. The nurses scrambled to save patients life but they were overwhelmed. The families of deceased are pleading for justice.,2025,2025-04,2025 Q2
2025-04-05,Abduction & Kidnapping,Abduction,1,Uasin Gishu,,Female,,3.0,Male,,Resource gain,Unknown,Daily Nation Pg 2,Mrs Martim a land owner was abducted by 3 men posing as DCI detectives and taken to a forest for 3 days and stole her land documents.,2025,2025-04,2025 Q2
2025-04-05,Fraud & Financial Crimes,Fraud,1,Nairobi,,Unknown,,1.0,Female,,Financial gain,Unknown,Daily Nation Pg 4,EACC investigating a multi-billion shilling fraud involving the properties owned by University of Nairobi .the probe mainly focuses on the unlawful leasing of University land.,2025,2025-04,2025 Q2
2025-04-05,Homicide & Unlawful Killing,Murder,1,Uasin Gishu,,Male,,4.0,Male and Female,,Unknown,Stones and other blunt objects,Daily Nation Pg 5,"The accussed were found guilty of the murder of a KCSE candidate,Ahmad Mohamed Ismael.",2025,2025-04,2025 Q2
2025-04-05,Homicide & Unlawful Killing,Murder,1,Murang'a,,Female,,1.0,Male,,Unknown,Unknown,Daily Nation Pg 11,The family of Purity Njeri are seeking justice for their daughter who was killed and the accused who is currently missing has not been arrigned and no charges have been pressed on him.,2025,2025-04,2025 Q2
2025-04-05,Homicide & Unlawful Killing,Manslaughter,1,Wajir,,Female,,3.0,Male,,Punishment,Unknown,The Standard Pg 17,"Gaala Aden Abdi, ,who was a refugee in wajir was beaten to death by his husband to be  and his two brother for not accepting to marry ,who was a refugee in wajir was beat to death by his to be husband and his two brother for not accepting to marry",2025,2025-04,2025 Q2
2025-04-05,Homicide & Unlawful Killing,Murder,1,Bomet,,Female,,1.0,Male,,Vengeance,Knife,The Standard Pg 9,"Eva Rachaeline Koech was killed by her former lover,Wesley Cheruiyot Koech because of revenge.The perpetrator told the detectives that he had spent alot on the relationship then.",2025,2025-04,2025 Q2
2025-04-05,Fraud & Financial Crimes,Fraud,1,Nairobi,,Female,,1.0,Male,,Financial gain,Unknown,The Standard pg 6,Hesbon Onyango an inmate at Kamiti Maximum Prisons defrauded Purity Karambu 7.6 million over a land deal with the help of her mother Pamela Akinyi.,2025,2025-04,2025 Q2
2025-04-06,Homicide & Unlawful Killing,Murder,1,Trans Nzoia,,Female,,,Unknown,,Medical neglegence,Unknown,The Standard pg 2,Family in Eldoret Trans Nzoia county demands for justice following the death of an expectant mother claiming it was as a result of medical neglegence.,2025,2025-04,2025 Q2
2025-04-06,Assault & Bodily Harm,Assault,2,Kajiado,,Male and Female,,2.0,Male and Female,,Unknown,Poison,Daily Nation pg 2,"A school girl was assaulted by a churchmate who had promised to sponsor her education ,the man used a friend of the girls mother to plan meet ups with the girl where the man ended up assaulting the girl.The woman involved ,was arrested  and held at Rongai police station.",2025,2025-04,2025 Q2
2025-04-06,Environmental & Wildlife Crimes,Environmental Crimes,1,Lamu,,Unknown,,,Unknown,,Unknown,Unknown,Daily Nation pg 35,Abandoned boats left to rot cause pollution and,2025,2025-04,2025 Q2
2025-04-07,"Robbery, Theft & Burglary",Stealing,1,Nairobi,,Unknown,,4.0,Male,,Financial gain,Unknown,The Standard pg 17,"Three motor theft suspects arrested, as police try to dismantle the cartels/ syndicate behind car vehicle theft and cannibalism for spare parts. ",2025,2025-04,2025 Q2
2025-04-07,Assault & Bodily Harm,Assault,1,Nakuru,,Male,,,Unknown,,Torture,Unknown,Daily nation pg 22,"Dennis Kiprotich was locked in remand after lacking a 10,000 cash bail over assault charges where remandees claimed he cried the whole night due to torture at the Central Police Station",2025,2025-04,2025 Q2
2025-04-07,Homicide & Unlawful Killing,Murder,1,Bomet,,Female,,,Male,,Love affair,Knife,Daily Nation pg 23,"Ongoing investigations of the brutal murder of business woman Eva Rachel, where a crashed mobile phone,a wedding ring and a knife were retrieved and the suspect confessed upon being found with the items",2025,2025-04,2025 Q2
2025-04-07,Homicide & Unlawful Killing,Murder,3,Homa Bay,,Male and Female,,1.0,Male,,Marital issue,Poison,The Standard pg 9,"Reported in Kagoga village Homabay county, a Policeman kills his three children and takes away his life following an unresolved domestic conflict.",2025,2025-04,2025 Q2
2025-04-07,Public Order & Administration of Justice,Contempt Of Court,1,Nakuru,,Male,,1.0,Female,,Contempt of court,Unknown,The Standard pg 11,"High court judge Samuel Muhochi summoned Chief Registrar Mokaya in response to a court contempt, where a ruling had earlier been passed for compensation of a man who got injured while being on work duty.",2025,2025-04,2025 Q2
2025-04-08,Assault & Bodily Harm,Armed Violence,7,Multiple Counties,,Unknown,,,Unknown,,Personal gain,Unknown,The Stanadard Pg 10,"There is need to enhance and improve police welfare to ensure maximum work cooperation,need for effective community policing,to dismantle the gangs by engaging the youth in constructive work and settling sreet children in various children's homes.",2025,2025-04,2025 Q2
2025-04-08,Assault & Bodily Harm,Armed Violence,3000,Kwale,,Male and Female,,200.0,Unknown,,Political Intimidation,Crude weapons,The Standard Pg 10,"The demolitions took place just two days after the Senate Committee on Land, Environment and Natural Resources called for a halt to evictions nationwide.The Committee urged landlords and police to stop demolitions until alternative land was provided for displaced residents.",2025,2025-04,2025 Q2
2025-04-08,Assault & Bodily Harm,Assault,6,Nakuru,,Male and Female,,31.0,Unknown,,Political Intimidation,Tear gas,Daily Nation pg 20,6 among the 15 assaulted Journalists fighting for justice. Assault that took place on 8th April by 30 police officers under the command of Njoro police post David Apima while in efforts to arrest former Kakamega senetor Malala.,2025,2025-04,2025 Q2
2025-04-08,Fraud & Financial Crimes,Embezzlement Of Public Funds,1,Nairobi,,Unknown,,1.0,Male,,Fraud,Unknown,The Standard Pg 11,Julius Odera an Executive Officer at KUSSCO has allegedly been involved in fraudulent behavior that has proved unprofessionalism under his management that has also led him facing court charges of the issues at hand.,2025,2025-04,2025 Q2
2025-04-08,Sexual & Gender-Based Violence,Defilement,1,Machakos,,Female,,1.0,Male,,Sexual assault,Unknown,The Standard Pg3,"Francis,a casual labourer confessed his actions at a local bar that led to his arrest. The DNA results proved the contents of the sexual allegations.This led to his jailterm of 15 years.",2025,2025-04,2025 Q2
2025-04-08,Assault & Bodily Harm,Armed Violence,3,Homa Bay,,Male,,,Unknown,,Political Intimidation,Blunt object,The Standard Pg8,"All the bruised and injured victims were treated,there is need to ceate a conducive environment to enable every ODM member excercise their democratic rights by focusing on a formidable party that will clinch power in the 2027 election.",2025,2025-04,2025 Q2
2025-04-08,Homicide & Unlawful Killing,Murder,40,Turkana,,Male,,,Unknown,,Resource gain,Unknown,Daily Nation Pg 15,"The boarder between Kenya and Ethiopia is demarcated,and the attack transpired because of fishing activities and the location where fish is located.Hence there is need to fully equip the boarder patrol unit to enhance safety and security measures.",2025,2025-04,2025 Q2
2025-04-08,Homicide & Unlawful Killing,Murder,3,Homa Bay,,Male and Female,,1.0,Male,,Mental instability,Food Poisoning,Daily Nation Pg 14,"It is not clearly stated what means of suicidal technique that contable  Goga used to take his own life.The officer,might have been suffering from a mental disorder, that is the Post - Traumatic Stress Disorder that is caused by family issues, job related stress that is evident in Constable Goga's case.",2025,2025-04,2025 Q2
2025-04-08,Homicide & Unlawful Killing,Murder,1,Laikipia,,Female,,,Male,,Unknown,Unknown,Daily Nation Pg13,"The case of Agnes Wanjiru was pending legal advice,as the police have wrapped up investigations and forwarded their findings to the Director of Public Prosecutions for review and action.",2025,2025-04,2025 Q2
2025-04-08,Homicide & Unlawful Killing,Murder,1,Nairobi,,Female,,1.0,Male,,Love affair,Physical assault,Daily Nation Pg10,"Kemunto's lifeless body was retrieved from a rooftop water tank. On the other hand, Mutinda was arrested and surrendered to the police for his undully henious actions.",2025,2025-04,2025 Q2
2025-04-08,Organized Crime & Terrorism,Organized Crime,1,Nairobi,,Male and Female,,5.0,Male,,Political Intimidation,"Stone,motorcycles and a gun",Daily Nation Pg 5,"The political goons hired to distrupt the church service at Mwiki church were arrested and the motorcycles they had were taken,later  they were released and the motorcycles returned to their owners.while on the othe hand,the MPs were awaiting their summons by the DCI to record statements of the facts propable.",2025,2025-04,2025 Q2
2025-04-09,Homicide & Unlawful Killing,Murder,1,Trans Nzoia,,Male,,,Unknown,,Eviction,Firearm,The Standard Pg 17,A clash erupted between Kenya forest officers and villagers over a parcel of land which the government claimed to be part of the protected forest. The confrontation left one dead and others with injuries.,2025,2025-04,2025 Q2
2025-04-09,Drugs & Contraband,Smuggling Contraband,1,Baringo,,Unknown,,,Unknown,,Trafficking,Unknown,The Standard Pg 15,"A truck ferrying 7,080 litres of the contraband product valued at over Sh6 million overturned along the Eldama Ravine-Nakuru road. The consignment has been Impounded by police at Eldama Ravine Police Station.",2025,2025-04,2025 Q2
2025-04-09,Homicide & Unlawful Killing,Murder,1,Kisumu,,Male,,,Unknown,,Robbery,Unknown,The Standard Pg 13,A third-year student in Maseno University in Kisumu was killed while working at night as a boda boda rider. This students claim that this is not the first such case to be reported.,2025,2025-04,2025 Q2
2025-04-09,Homicide & Unlawful Killing,Murder,1,Nairobi,,Female,,1.0,Male,,Love affair,Physical assault,The Standard Pg 9,A body of a female Multimedia University student was retrieved from water tank at the rooftop of the female hostels. A autopsy cofirmed that the Multimedia University student was strangled and sustained multiple blunt force injury. The government pathologist who conducted the postmortem stated that the 19-year-old showed clear signs of physical assault. The prime suspect who is a  male student from the same institution is in custody to help in investigations.,2025,2025-04,2025 Q2
2025-04-09,Homicide & Unlawful Killing,Murder,3,Meru,,Unknown,,,Unknown,,Cattle rustling,Firearm,Daily Nation Pg 18,"Heavily armed bandits raided  Mea in Igembe North, Meru County driving away with 87 cattle, 22 goats and seven donkeys. The attack left three police reservist dead and several other reservists injured following the fierce gun battle.
",2025,2025-04,2025 Q2
2025-04-09,Fraud & Financial Crimes,Forgery,1,Nairobi,,Male,,1.0,Male,,Financial gain,Unknown,Daily Nation Pg 2,"A leading publisher, Dhillon Malkiat Singh,is accusing his general manager for stealing over Sh254 million and forging Malkiat’s signature on a letter that promoted him to the position of MD. the accused is said to have previously attempted to flee the country three times, prompting the Directorate of Criminal Investigations (DCI) to obtain court orders requiring the Immigration Department to bar him from leaving Kenya.",2025,2025-04,2025 Q2
2025-04-09,Fraud & Financial Crimes,Fraud,1,Nairobi,,Male,,1.0,Male,,Appointment,Forged documents,Daily Nation Pg 2,"A leading publisher, Dhillon Malkiat Singh,is accusing his general manager for stealing over Sh254 million and forging Malkiat’s signature on a letter that promoted him to the position of MD. the accused is said to have previously attempted to flee the country three times, prompting the Directorate of Criminal Investigations (DCI) to obtain court orders requiring the Immigration Department to bar him from leaving Kenya.",2025,2025-04,2025 Q2
2025-04-09,Organized Crime & Terrorism,Banditry,1,Meru,,Male and Female,,,Unknown,,Cattle rustling,Firearm,Daily Nation Pg 18,"Heavily armed bandits raided  Mea in Igembe North, Meru County driving away with 87 cattle, 22 goats and seven donkeys. The attack left three police reservist dead and several other reservists injured following the fierce gun battle.
",2025,2025-04,2025 Q2
2025-04-10,Political & Electoral Offences,Political Clashes,10,Siaya,,Unknown,,1.0,Male,,Election disruption,"Knives, Tear gas, Pangas",Daily Nation Pg 13,Clashes emerged during the ODM grassroots elections that led to 10 people being injured . Police apprehended a man who is n a gang that were paid to cause the commotion.,2025,2025-04,2025 Q2
2025-04-10,Assault & Bodily Harm,Assault,1,Nairobi,,Female,,1.0,Female,,Political Intimidation,Cup of tea,Daily Nation Pg 6,MP Falhada Iman has been suspended for 90 days from Parliament following an assault on her fellow colleague by throwing a cupof tea on her.,2025,2025-04,2025 Q2
2025-04-10,Corruption & Abuse of Office,Bribery,1,Unknown,,Male,,5.0,Male,,Freedom,Unknown,Daily Nation Pg 12,The 5 accused persons are requesting the removal of Rosalinda Wamaitha- the victims lawyer citing conflict of interest as they alleged that they had met with her and had been offered sh100000 if they pled guilty of the charges agaist them.,2025,2025-04,2025 Q2
2025-04-10,Environmental & Wildlife Crimes,Environmental Crimes,1,Multiple Counties,,Unknown,,1.0,Unknown,,Deforestation,Unknown,Daily Nation Pg 13,The Governors are requesting for the government to intervene on the Chinese company are indiscriminately cutting thousands of trees for the chiniese market leaving environmental havok in the areas and not benefiting the Kenyan citizen. ,2025,2025-04,2025 Q2
2025-04-11,Sexual & Gender-Based Violence,Rape,1,Bomet,,Female,,6.0,Male,,Sexual assault,Unknown,The Starndard pg 8,The girl was lured by two men on a motorcycle at Longisa town where she was sent by her mother and joined other three men who defiled her and took her to Kyogong and met another man who lured her and took her to his home where he also defiled her as the police reports.,2025,2025-04,2025 Q2
2025-04-11,Homicide & Unlawful Killing,Murder,1,Uasin Gishu,,Male,,1.0,Male,,Emotional outburst,Beer bottle glass,The Standard pg 12,"On May 18, 2019 Ngaira was stabbed with a beer bottle glass by Mogaka at Annex Estate during a house party.",2025,2025-04,2025 Q2
2025-04-11,Police Misconduct,Unlawful Detention,1,Nakuru,,Male,,,Unknown,,Trespassing,Unknown,Daily Nation pg 22,"Since January 18, 2025,Brian Odhiambo was reportedly arrested by Kenya Wildlife Service (KWS) rangers for allegedly trespassing into the protected Lake Nakuru National Park.",2025,2025-04,2025 Q2
2025-04-11,Fraud & Financial Crimes,Embezzlement Of Public Funds,1,Unknown,,Unknown,,,Unknown,,Financial gain,Unknown,The Standard Pg 17,Bowen's Construction Firm threatens to sue a financial institution alleging that it has lost atleast 100 million from their bank account through suspicious transactions made by the bank without their consent.,2025,2025-04,2025 Q2
2025-04-11,Homicide & Unlawful Killing,Murder,4,Tharaka Nithi,,Male,,9.0,Male and Female,,Resource gain,"Machete,Stones,Axes,Sticks",Daily Nation pg 10,"Dispute over the use of water at River Thuci at Kamaithi village which lead to killing of 4 people and 9 suspects jailed for 30 years on April 30, 2019.",2025,2025-04,2025 Q2
2025-04-11,Assault & Bodily Harm,Harassement,6,Nakuru,,Male and Female,,,Unknown,,Intimidation,Tear gas,"Daily Nation pg 4,5",Six journalists were roughed up and injured as they as they covered up the arrest of Cleophas Malala which occured when the police officers were interrupting and preventing the play Echoes of War from taking place.,2025,2025-04,2025 Q2
2025-04-11,Fraud & Financial Crimes,Impersonation,1,Nairobi,,Female,,1.0,Male,,Unknown,Unknown,Daily Nation pg 12,"Mr. Samuel Maiga was charged with identity theft of June Ruto- President's daughter on a facebook account on March 20 and April 8, 2025",2025,2025-04,2025 Q2
2025-04-12,"Robbery, Theft & Burglary",Theft,1,Nairobi,,Unknown,,4.0,Male,,Financial gain,Vehicle,The Standard Pg 14,The four perpetrators are being detained in different police stations as DCI investigate the crimes they have commited of forging car number plates and stilling cars and dismantling cars to different parts which are sold in the black market. ,2025,2025-04,2025 Q2
2025-04-12,Fraud & Financial Crimes,Forgery,1,Nairobi,,Unknown,,4.0,Male,,Financial gain,Vehicle,The Standard Pg 14,The four perpetrators are being detained in different police stations as DCI investigate the crimes they have commited of forging car number plates and stilling cars and dismantling cars to different parts which are sold in the black market. ,2025,2025-04,2025 Q2
2025-04-12,Property Destruction & Arson,Arson,1,Nakuru,,Unknown,,,Unknown,,Unknown,Fire,Daily Nation Pg 10,The residents examine that a house was burnt down following a fire whose source was not established.,2025,2025-04,2025 Q2
2025-04-13,Homicide & Unlawful Killing,Murder,1,Nairobi,,Female,,1.0,Male,,Love affair,Unknown,The Standard pg 5,"The Multimedia student was murdered by her felow student on sunday morning,the murderer presented himself at sultan hamud police station .",2025,2025-04,2025 Q2
2025-04-13,Homicide & Unlawful Killing,Murder,2,Bomet,,Unknown,,1.0,Male,,Marital issue,Knife,The Standard pg 2,"A 35 yr old man killed his 2 kids at Bomet while his wife was away ,the man was later arrested by the police.",2025,2025-04,2025 Q2
2025-04-14,Public Order & Administration of Justice,Aiding And Abetting,1,Nairobi,,Male and Female,,,Male,,Content Creation,Unknown,Daily Nation pg 5,The MP recorded two members of parliament fighting in parliament and was sanctioned for exposing the embarrasing spectacle to the public,2025,2025-04,2025 Q2
2025-04-14,Human Trafficking & Smuggling,Organ Trafficking,1,Uasin Gishu,,Male and Female,,,Unknown,,Human exploitation,Unknown,Daily Nation pg 6,The hospital posited illegal trafficking and transplan of human organs with 372 kidney transplants done since 2018 showing no relationship between the organ donor and the recipient.,2025,2025-04,2025 Q2
2025-04-14,Homicide & Unlawful Killing,Massacre,1,Mombasa,,Male and Female,,,Male,,Religious manipulation,Religious indoctrination,Daily Nation pg 15,Pastor Paul was reinstated with 191 more murder cases in relation to the shakahola massacre ,2025,2025-04,2025 Q2
2025-04-14,Organized Crime & Terrorism,Banditry,1,Elgeyo Marakwet,,Male and Female,,,Male,,Cattle rustling,Firearm,Daily Nation pg 16,Kerio Valley had been renewed with banditry attacks killing 10 people over the past two months leading to creation of military camps in Kerio Valley and modern security equipments.,2025,2025-04,2025 Q2
2025-04-15,Fraud & Financial Crimes,Fraud,1,Machakos,,Unknown,,1.0,Male,,Appointment,Forged documents,The Standard Pg 27,"Bruno Oguda Obodha a managing director at EAPCC appointed by the President William Ruto has been arraigned at Mavoko Court Machakos County because fraud, document forgery and radio communication licences.",2025,2025-04,2025 Q2
2025-04-15,Homicide & Unlawful Killing,Murder,1,Wajir,,Female,,3.0,Male,,Punishment,Physical assault and Fire,The Standard Pg 23,"Seveenteen-year old Gaala Aden Abdi was killed for refusing to be married off to a 55- year old man, Her body was set ablaze to destroy evidence.",2025,2025-04,2025 Q2
2025-04-15,Public Order & Administration of Justice,Disorderly Conduct,1,Migori,,Male and Female,,1.0,Male,,Mental instability,Physical assault,The Standard Pg 3,Salom Obise a resident from Rapogi Village whom is said to be partially mentally challenged was spotted hanging from the helicopters landing gear as the helicopter took off. Thus endangering his life and those on board.,2025,2025-04,2025 Q2
2025-04-15,Assault & Bodily Harm,Assault,1,Nairobi,,Male and Female,,700.0,Unknown,,Abuse of office,Handcuffs,The Daily Nation Pg 23,The uniformed Inspectorate officers illegally arrest and harrass the Mfangano Street residents unlawfully and yet they are interns.They possess handcuffs that they use to get hold of the residents.,2025,2025-04,2025 Q2
2025-04-16,Fraud & Financial Crimes,Extortion,1,Uasin Gishu,,Unknown,,1.0,Male,,Extortion,Unknown,Daily Nation Pg 19,A military officer trying to secure a job for his orphaned relatived in the Kenyan Prison Service was conned out of sh400000 by Ezekiel Kipkemboi who claimed to have links to the State house as a GSU officer.,2025,2025-04,2025 Q2
2025-04-16,Drugs & Contraband,Smuggling,1,Nairobi,,Unknown,,4.0,Male,,Smuggling garden ants,Unknown,The Standard pg 3,The four individuals were arraigned in court to be charged with smuggling of 5000 garden ant queen worth Sh 1.2million,2025,2025-04,2025 Q2
2025-04-16,Drugs & Contraband,Smuggling,1,Unknown,,Unknown,,3.0,Male,,Smuggling aloe vera gum,Unknown,The Standard pg 3,The perpetrators were accused of illegally transporting 15 tons of aloeveara gum which they subsequently denied the charges.,2025,2025-04,2025 Q2
2025-04-17,Fraud & Financial Crimes,Fraud,1,Unknown,,Unknown,,,Unknown,,Financial gain,Unknown,Daily Nation Pg3,A group of individuals are manipulating people by charging them a fee for SHA registration yet the registration is free.,2025,2025-04,2025 Q2
2025-04-17,Human Trafficking & Smuggling,Organ Trafficking,1,Uasin Gishu,,Male and Female,,,Unknown,,Human exploitation,Unknown,Daily Nation Pg3/ The Standard pg 7,Mediheal Hospital is harvesting kidneys from impoverished Kenyans and selling them to the Israelites and Germans.,2025,2025-04,2025 Q2
2025-04-17,Fraud & Financial Crimes,Embezzlement Of Public Funds,184,Unknown,,Male and Female,,,Unknown,,Embezzlement of public funds,Unknown,Daily Nation Pg8,Senior State Officials have embezzled 2.7billion meant for the compensation of those evicted to pave way for the construction of SGR.,2025,2025-04,2025 Q2
2025-04-18,Homicide & Unlawful Killing,Murder,2,Homa Bay,,Male,,,Unknown,,Vigilantism,Unknown,The Standard pg 13,Kevin Odero and Bob Ochieng were mistakenly killed by villagers in Ndhiwa after suspecting them to be cattle thieves.,2025,2025-04,2025 Q2
2025-04-18,Fraud & Financial Crimes,Fraud,3,Uasin Gishu,,Male,,,Unknown,,Financial gain,Unknown,Daily Nation pg 12,Families in Uasin Gishu county fell victim to the Finland Scholarship scandle were misled into forking out millions by the senator and other government officials without getting full information from the county government.,2025,2025-04,2025 Q2
2025-04-18,Homicide & Unlawful Killing,Manslaughter,1,Homa Bay,,Unknown,,1.0,Unknown,,Wreckless driving,Vehicle,Daily Nation pg 21,Lorry driver  fled after a fatal accident after a crash that occurred when the lorry veered onto the wrong side and rammed into an oncoming pickup. The pickup driver died on the spot.,2025,2025-04,2025 Q2
2025-04-18,Homicide & Unlawful Killing,Murder,2,Meru,,Male,,,Unknown,,Unknown,Machete,Daily Nation,Brutal killing of two unidentified young men who were found hacked to death and their bodies dumped in a thicket.,2025,2025-04,2025 Q2
2025-04-19,Property Destruction & Arson,Arson,5,Kisii,,Male and Female,,,Unknown,,Retaliation,Fire,Daily Nation Pg 6,Residents of Metembi Village burnt down a house with 5 family members with the accusatiuon that they were involved in the murder of a middled age man and set free because of insufficient evidence linking them to the murder.,2025,2025-04,2025 Q2
2025-04-19,Other Offences,Cannibalism,1,Kilifi,,Male,,1.0,Male,,Unknown,Knife,The Standard Pg 4,"Zacharia Charo killed Ainen Twalibon and removed his intestines,brain and liver,placed them on a plate before starting eating them.The neighbours bursted him eating the body parts was beaten badly before the police intervene and took him to Vipingo Hospital for treatment before taking him to Mtwapa Police Station where he stated complaining of pains and blood coming through his mouth and was rushed to Mtwapa Hospital where he was pronounced dead. ",2025,2025-04,2025 Q2
2025-04-19,Homicide & Unlawful Killing,Murder,1,Kilifi,,Male,,,Unknown,,Vigilantism,Unknown,The Standard Pg 4,"Zacharia Charo killed Ainen Twalibon and removed his intestines,brain and liver,placed them on a plate before starting eating them.The neighbours bursted him eating the body parts was beaten badly before the police intervene and took him to Vipingo Hospital for treatment before taking him to Mtwapa Police Station where he stated complaining of pains and blood coming through his mouth and was rushed to Mtwapa Hospital where he was pronounced dead. ",2025,2025-04,2025 Q2
2025-04-20,Environmental & Wildlife Crimes,Environmental Crimes,1,Kisumu,,Unknown,,,Unknown,,Exploitation of national resources,Unknown,The Standard pg 11,"Kisumu residents engage into illegal mining due to lack of jobs and economic hardships,leading to environmental destruction.leaders condemned the act and urged  the government to enforce stricter and safety measures to prevent further loss.",2025,2025-04,2025 Q2
2025-04-20,Homicide & Unlawful Killing,Murder,1,Samburu,,Male,,,Unknown,,Cattle rustling,Unknown,The Standard pg 6,One person was killed by a bandit who ended up stealing his cows.The operation to track the bandit was underway.The body of the deceased was taken to samburu County Hospital Mortuary.,2025,2025-04,2025 Q2
2025-04-20,Homicide & Unlawful Killing,Murder,5,Kisii,,Male and Female,,,Male,,Vigilantism,Machete and Fire,Daily Nation pg 6,"Lynching of a family in Metembe village Kisii county by resident vigilantes who were said to be revenging criminal acts perpetrated by members of the said family but police saw no link. The vigilante residents hacked the family members, set their house on fire, and set the helping dogs on fire.",2025,2025-04,2025 Q2
2025-04-21,Homicide & Unlawful Killing,Murder,1,Kakamega,,Female,,4.0,Male,,Robbery,Firearm,The Standard pg 6 ,Roselyda Akinyi had gone to withdraw money from the Cooperative bank when she was intercepted by a saloon car with four armed men who struck the bodaboda guy and shot her dead upon resistance.,2025,2025-04,2025 Q2
2025-04-22,"Robbery, Theft & Burglary",Robbery With Violence,2,Multiple Counties,,Female,,,Unknown,,Robbery,Unknown,The Standard Pg15,Insecurity scandals witnessed at various universities as students are robbed off their belongings by unknown persons.,2025,2025-04,2025 Q2
2025-04-22,"Robbery, Theft & Burglary",Robbery With Violence,1,Kakamega,,Male and Female,,,Unknown,,Unknown,Unknown,The Standard Pg 16,Kakamega Airstrip has now become a breeding and hiding grounds for crime steering insecurity around Shinyalu.,2025,2025-04,2025 Q2
2025-04-23,Organized Crime & Terrorism,Banditry,18,Samburu,,Unknown,,,Unknown,,Cattle rustling,Firearm,Daly Nation pg 25,Gunmen terrorising Samburu West communities has left 18 dead and many nursing serious injuries as 175new reservists have been stationed in the area to maintain peace.,2025,2025-04,2025 Q2
2025-04-23,Fraud & Financial Crimes,Impersonation,1,Unknown,,Male,,1.0,Male,,Reputation Damage,Digital platform,The Standard Pg 10," Titus Wekesa Sifuna, a 22 years old man, from Bungoma County brought before the Milimani Law Court for impersonating President William Ruto on social media.",2025,2025-04,2025 Q2
2025-04-23,Organized Crime & Terrorism,Religious Terrorism,2,Migori,,Male,,,Unknown,,Religious manipulation,Religious indoctrination,Daily Nation pg 10,"A cultic church was discovered when several of its members suddenly died one having injuries on the face and mouth foaming on the floor of a prayer room while the other, a police officer was hurriedly buried as his death was linked to another member's death.",2025,2025-04,2025 Q2
2025-04-23,Assault & Bodily Harm,Assault,3,Nairobi,,Male,,,Unknown,,Incapacitation,Firearm,Daily Nation pg 20,Youth led protesters lost their lives as a result of bullet wound inflicted by police officers while some were left with permanent dsabilities and amputations,2025,2025-04,2025 Q2
2025-04-24,"Robbery, Theft & Burglary",Burglary,1,Nakuru,,Unknown,,3.0,Male,,Financial gain,Unknown,The Standard Pg 10,Trouble started when a group of men raided one of the homes and stole cash and personal effects.,2025,2025-04,2025 Q2
2025-04-24,"Robbery, Theft & Burglary",Robbery,1,Mombasa,,Male,,2.0,Male,,Robbery,Unknown,The Standard Pg 10,A life sentence has been upheld by the court of Appeal against Makau and Mativo who robbed a lorry and its trailer.,2025,2025-04,2025 Q2
2025-04-24,Homicide & Unlawful Killing,Murder,1,Nakuru,,Female,,,Unknown,,Unknown,Unknown,Daily Nation Pg 22,Wanjiru Nga'ng'a a 20 year old trainee at a mechanic workshop was allegedly killed and her body dumped at a nearby thicket a kilometre from by unknown assailants.,2025,2025-04,2025 Q2
2025-04-24,Organized Crime & Terrorism,Banditry,1,Baringo,,Unknown,,,Unknown,,Robbery,Firearm,Daily Nation Pg 22,Baringo bandits no longer stage attacks solely for livestock theft but now ambush traders and motorists in broad daylight.Shooting and robbing them off their property.,2025,2025-04,2025 Q2
2025-04-25,Homicide & Unlawful Killing,Murder,9,Siaya,,Male and Female,,,Unknown,,Resource gain,Fire,The Standard pg 8,Nine family mambers burnt to death in a suspected arson attack which is belived to be over land depute.,2025,2025-04,2025 Q2
2025-04-25,Fraud & Financial Crimes,Fraud,1,Elgeyo Marakwet,,Female,,7.0,Male and Female,,Resource gain,Unknown,Daily Nation pg 46,"Cheptanui Sinyei Rotich, a 90-year-old woman from Elgeyo Marakwet County, has spent 48 years fighting to reclaim her 44-acre ancestral land, which was illegally seized in 1978 by seven individuals—including two of her own sons—through coercion and fraud.",2025,2025-04,2025 Q2
2025-04-26,Organized Crime & Terrorism,Religious Terrorism,3,Kilifi,,Unknown,,1.0,Male,,Religious manipulation,Religious indoctrination,Daily Nation Pg 11 / The Standard pg 2,In Malindi several worshippers have died due to starvation as a result of religion.,2025,2025-04,2025 Q2
2025-04-26,Organized Crime & Terrorism,Religious Terrorism,1,Migori,,Unknown,,57.0,Unknown,,Religious manipulation,Religious indoctrination,Daily Nation Pg 11,Members of the Malkio St Joseph  Mission of  Messiah in Africa Church have accused police in Migori for unlawful detention.,2025,2025-04,2025 Q2
2025-04-26,Fraud & Financial Crimes,Fraud,1,Nairobi,,Unknown,,1.0,Male,,Fraudulent activities,Forged documents,The Standard pg 17,"The EACC found Lawrence Barasa, a Nairobi county official guilty of fraud and fraudulent activities as he had forged a diploma certificate issued by Eldoret National Polytechnic claiming to be a holder of Information Technology, the EACC require the official to explain and account for the accumulated salary of 7M under the fraud case.",2025,2025-04,2025 Q2
2025-04-27,Homicide & Unlawful Killing,Murder,7,Mombasa,,Unknown,,1.0,Male,,Terror,Unknown,Daily Nation Pg 20,"Hemed Salim, a respected electrian and an active member of the Islamic muzzin was arrested by the police because of suspected terror,and in which the authorities claimed that  Salim had escaped.",2025,2025-04,2025 Q2
2025-04-28,Fraud & Financial Crimes,Tax Evasion,1,Nairobi,,Unknown,,197.0,Unknown,,Embezzlement of public funds,Forged documents,The Standard Pg 6,Former SG Malala stated in The Standard that the UDA party they were pushing out a payroll to197 workers while 40 people were usually working consistent. ,2025,2025-04,2025 Q2
2025-04-28,Land & Eviction Offences,Illegal Eviction,1,Nairobi,,Male and Female,,1.0,Unknown,,National housing infrastructure,Unknown,The Daily Nation pg 14,Violet Matiru daughter of Amon Matiru and Peris Wambui is fighting for her family 50 acre land in the Kasarani Stadium area where the government wants to build affordable housing.,2025,2025-04,2025 Q2
2025-04-29,Assault & Bodily Harm,Assault,1,Nairobi,,Unknown,,,Unknown,,Control protestors,"Guns,bullets,teargas",The Standard Pg 6,"Armed police officers in uniform respond with a lot of brutality to the anti-tax protesters involving fatal shooting,teargas to disperse the crowd.These is so inhumane.",2025,2025-04,2025 Q2
2025-04-29,Homicide & Unlawful Killing,Murder,6,Narok,,Male and Female,,,Unknown,,Control protestors,Firearm,The Standard Pg 8,"Security officers (Police) opened fire at demonstrators in Angata Barrakoi killing six and leaving ten others with gun shot wounds in a bizzare order to disperse the angered residents who were protesting against attempted grabbing of 6,300 acres of land. The land in Moyoi area has long been at the centre of  simmering disputes between the Kipsigis and Maasai communities. The residents demand clarity from the President in his involvement in the land.",2025,2025-04,2025 Q2
2025-04-29,Homicide & Unlawful Killing,Murder,1,Nakuru,,Male,,1.0,Male,,Vengeance,Machete,The Daily Nation Pg 16,Francis Odero a class six pupil had left school seven years ago due to peer pressure from school fleeing to Nakuru to do work where he met his untimely demise.,2025,2025-04,2025 Q2
2025-04-29,Homicide & Unlawful Killing,Murder,1,Uasin Gishu,,Male,,3.0,Male and Female,,Marital issue,Unknown,The Daily Nation Pg 25,The death of Samson Kandie is suspected to have been curtailed by the wife who allegedly is suspected to have acted in such a manner due to marital differences.,2025,2025-04,2025 Q2
2025-04-30,Homicide & Unlawful Killing,Murder,1,Kakamega,,Female,,4.0,Male,,Robbery,Unknown,Daily Nation pg 23,An inside job between suspected tellers led to the killing of Akinyi who had withdrawn sh 285000. This opened a case where it is belived that customers who withdraw large sums of money become targets.,2025,2025-04,2025 Q2
2025-04-30,Homicide & Unlawful Killing,Murder,6,Narok,,Unknown,,2.0,Male,,Eviction,Firearm,Daily Nation pg 14,Top security officials had to be evacuated as tensions on land grabbing led to thekilling of six Angata residents by GSU Officers leading to residents wanting answers and revenge.,2025,2025-04,2025 Q2
2025-04-30,Assault & Bodily Harm,Assault,1,Nairobi,,Male,,1.0,Unknown,,Brutality,Unknown,Daily Nation pg 35,Chris Omollo a photojournalst was unexpectedly stuck in the head by a police offcer leading him to collapse and needing medical emergency when they went to ask for assistance to enter the stadium for the FKF Premier League match between Gor Mahia and Mara Sugar.,2025,2025-04,2025 Q2
2025-04-30,Sexual & Gender-Based Violence,Sexual Abuse,5,Trans Nzoia,,Female,,1.0,Male,,Sexual exploitation,Threats,Daily Nation pg 10,A father of four girls in Kitale sexually abused his daughters for years by luring them into movie dates which ended with him taking turns with the girls and making them tae abortion pills when they got pregnant. Upon finding this out the mum contacted the police got him arrested.,2025,2025-04,2025 Q2
2025-04-30,Fraud & Financial Crimes,Embezzlement Of Public Funds,200,Nairobi,,Unknown,,4.0,Male and Female,,Extortion,Forged documents,Daily Nation pg 2,"Qhire International Services Company limited was awarded the Qatar- Kenya police deal who contracted Inspocare Health Ltd to do medical sceening of the recrutees. Mr Aden came forward to claim that after paying SH 250,000 for the expenses, he was deported from Qatar without the test resuts from both countries and in no way able to contact Qhire for a refund leading to a speculation that faud has taken place and there was no job.",2025,2025-04,2025 Q2
2025-04-30,Organized Crime & Terrorism,Terrorism,7,Mandera,,Unknown,,,Unknown,,Kill,Firearm,Daily Nation pg 12,Alshabaab miltants attacked a vehicle carrying quarry workers leaving 5 dead and 2 injured. The owner of the quarry and the driver were arrested so they can explan why the van left without security escort and earlier than scheduled.,2025,2025-04,2025 Q2
2025-05-01,Fraud & Financial Crimes,Fraud,1,Trans Nzoia,,Male and Female,,2.0,Male,,Embezzlement of public funds,Unknown,The standard pg 10,Trans Nzoia's county procurement officer and a contractor got ordered by the High Court to refund over 25.3 million after being found guilty of fraudulent tendering to Koyi building contractors for stadium renovations.,2025,2025-05,2025 Q2
2025-05-01,"Robbery, Theft & Burglary",Robbery,1,Trans Nzoia,,Unknown,,1.0,Unknown,,Unknown,Unknown,The Standard pg 12,"Police arrest robbery suspect, seizing 5 illegal guns, 40 rolls of bhang, unknown chemical, and products used to make illegal currency.",2025,2025-05,2025 Q2
2025-05-02,Homicide & Unlawful Killing,Attempt Murder,1,Homa Bay,,Male,,,Unknown,,Intimidation,Firearm,Daily Nation pg 2,"MCA, his sister and his friends were walking in Lucky Summer area where they were confronted by armerd attackers. Mr Bondo sustained head injuries in the incident, and was treated and discharged. The attack may have been aimed at derailing his quest for investigaions in to the death of his father.",2025,2025-05,2025 Q2
2025-05-02,"Robbery, Theft & Burglary",Robbery With Violence,3,Kiambu,,Male and Female,,3.0,Unknown,,Unknown,Firearm,Daily Nation pg 8,"Charles Kamau was driving to his home in Ruiru, Kiambu county. As he approached at the gate he hooted to signal his family to open the gate. As soon as the gate was opened Mr Kamau drove slowly towards the parking area. his wife and first born daughter stayed behind to close the gate where 3 attackers forced their way into the compound and ordered them to lie on the ground. Mr Kamau felt it was his duty to protect his family and confronted the attackers and grabbed one of them. The grabbed attacker pulled out a gun and began firing 13 bullets to him.",2025,2025-05,2025 Q2
2025-05-03,Organized Crime & Terrorism,Terrorism,13,Lamu,,Unknown,,,Unknown,,Kill,Firearm,Daily Nation Pg11,The officers were patrolling the Boni Forest within the Janjana area area searching for suspected terrorist when they were ambushed leading to 5 dead officers and critically injuring 8 others. The suspected terrorist also sustained injuried. ,2025,2025-05,2025 Q2
2025-05-03,Assault & Bodily Harm,Assault,1,Kilifi,,Male,,1.0,Male,,Punishment,Machete,The Standard Pg 3,The Ex prinicpal tabbed a minor with a panga to the neck after he found him grazing goats on his land during his routine checks. In turn the cummunity stoned him and set his car on fire now tthe two are nursing injuries in Marafa Sub-County Hospital.,2025,2025-05,2025 Q2
2025-05-03,Assault & Bodily Harm,Assault,1,Kilifi,,Male,,,Unknown,,Vigilantism,Stones and Fire,The Standard Pg 3,The Ex prinicpal tabbed a minor with a panga to the neck after he found him grazing goats on his land during his routine checks. In turn the cummunity stoned him and set his car on fire now the two are nursing injuries in Marafa Sub-County Hospital.,2025,2025-05,2025 Q2
2025-05-04,Homicide & Unlawful Killing,Murder,1,Nairobi,,Male,,2.0,Male,,Political differences,Firearm,Daily Nation Pg 4,"On April 30, 2025, Kasipul Member of Parliament Charles Were was assassinated in a targeted attack in Nairobi, along the Ngong Road when two assailants on motorcycle approached his vehicle at a traffic light.",2025,2025-05,2025 Q2
2025-05-04,Organized Crime & Terrorism,Banditry,5,Baringo,,Unknown,,,Unknown,,Cattle rustling,Firearm,Daily Nation Pg 8,"“Bandits suspected to be from a neighbouring community attacked Chemoe village at around 2pm and made away with an unconfirmed number of livestock belonging to one of the locals. A police reservist who was among a group that responded has been killed, and four other people injured. Multi-agency teams are engaging the bandits,” said Mr Abdi",2025,2025-05,2025 Q2
2025-05-05,Homicide & Unlawful Killing,Murder,1,Nakuru,,Female,,1.0,Male,,Love affair,Manual Strangulation,Daily Nation pg 3,Nicholas plotted to kill Rhoda over disputes raised by her concerning infidelity suspicions by strangling her and putting her in a bathtub and attempted to influence a pathologist to fake the postmoterm results.,2025,2025-05,2025 Q2
2025-05-05,Organized Crime & Terrorism,Terrorism,10,Mandera,,Unknown,,,Unknown,,Terror,Firearm,Daily Nation pg 12,Terrorist groups identified as Al-Shabaab killed 10 people including 5 quarry workers and 5 officers from an elite unit in Burabor area and Boni forest respectively.,2025,2025-05,2025 Q2
2025-05-06,Abduction & Kidnapping,Abduction,1,Nakuru,,Male,,6.0,Male,,Conceal evidence,Unknown,The Standard Pg 10,Six KWS officers are charged with abducting Brian Odhiambo a fisherman.,2025,2025-05,2025 Q2
2025-05-06,Homicide & Unlawful Killing,Murder,1,Unknown,,Male,,,Unknown,,Conflict escalation,Atomic bomb,The Standard Pg 13,Kenyan pilot killed in Sudan army airstrike.,2025,2025-05,2025 Q2
2025-05-06,Assault & Bodily Harm,Assault,1,Migori,,Male,,3.0,Male,,Unknown,Shoe,The Standard Pg 4,A shoe was hurled at President William Ruto in Kehancha area when he was addressing a rally.,2025,2025-05,2025 Q2
2025-05-06,Homicide & Unlawful Killing,Femicide,1,Bomet,,Female,,1.0,Male,,Marital issue,Unknown,Daily Nation Pg 20,Ms Beatrice Chepkemoi a teacher and mother of two was allegedy murdered by her husband over new reports saying she was pregnant.,2025,2025-05,2025 Q2
2025-05-06,Sexual & Gender-Based Violence,Rape And Torture,34,Kisumu,,Male and Female,,11.0,Male and Female,,Excessive force,Unknown,Daily Nation Pg 10,Senior GSU officers allegedly denying killing baby Pendo and 34 others during the 2017 post-poll violence.,2025,2025-05,2025 Q2
2025-05-06,Homicide & Unlawful Killing,Murder,1,Kisumu,,Female,,11.0,Male and Female,,Excessive force,Unknown,Daily Nation Pg 10,Senior GSU officers allegedly denying killing baby Pendo and 34 others during the 2017 post-poll violence.,2025,2025-05,2025 Q2
2025-05-06,Homicide & Unlawful Killing,Murder,1,Nairobi,,Male,,,Unknown,,Control protestors,Firearm,Daily nation Pg 3,Police have brutally been involved in the extra-judicial killings of the protesters and justice has not yes been achieved.,2025,2025-05,2025 Q2
2025-05-07,Corruption & Abuse of Office,Corruption,1,Nakuru,,Male,,6.0,Male,,Bribe,Financial blackmail,Daily Nation Pg 19,A man identifying himself as Hosea approached Ms Auma asking her to quote a price for her to drop the case regarding the dissappearance of her son who was abducted by KWS officials.,2025,2025-05,2025 Q2
2025-05-07,Abduction & Kidnapping,Abduction,1,Unknown,,Male,,,Unknown,,Kill,Unknown,The Standard Pg 4,Kabiru vanished while in patrol after being abducted by Savein gangs and his whereabout are not known.His family is asking officals to continue to search for him but they are silent on the matter.,2025,2025-05,2025 Q2
2025-05-07,Homicide & Unlawful Killing,Murder,1,Unknown,,Male,,,Unknown,,Kill,Unknown,The Standard Pg 4,He was the first casualty to succum to his injuries in Haiti. He was the breadwinner for his family and wil be missed dearly.,2025,2025-05,2025 Q2
2025-05-07,Homicide & Unlawful Killing,Murder,1,Vihiga,,Unknown,,,Unknown,,Unknown,Unknown,The Standard Pg 16,Two girls of grade eight and six uncovered a dismemberd body after being assigned to clean a latrine.,2025,2025-05,2025 Q2
2025-05-07,Assault & Bodily Harm,Assault,1,Taita Taveta,,Unknown,,,Unknown,,Land resource gain,Unknown,The Standard Pg 16,Disputes over 4800 acre land ownership caused chaos to erupt at the meeting leading to dozens of serious injuries.,2025,2025-05,2025 Q2
2025-05-08,Drugs & Contraband,Smuggling,1,Busia,,Unknown,,1.0,Male,,Smuggling wildlife,Religion,The daily Nation pg 20,"Pastor Fanish Ramsey Maloba,26, was arrested at Kenya-Uganda border with snake.The pastor was arrested and the serpent handed over to officers from the Kenya Wildlife Service. Busia County Police Commander said that they were holding the suspect for being in possession of a snake without a valid permit from the KWS. They were also investigating whether he was smuggling the reptile into the country for sale.",2025,2025-05,2025 Q2
2025-05-08,Fraud & Financial Crimes,Counterfeit Smuggling,1,Nakuru,,Unknown,,,Unknown,,Financial gain,Veterinary products,The standard pg 13,The Kenya Veterinary Paraprofessional Association warned an influx of counterfeit and substandard veterinary products from neighbouring countries.They also called for establishment of Kenya Veterinary Board Offices in all counties to address the challenge.,2025,2025-05,2025 Q2
2025-05-08,Drugs & Contraband,Smuggling,1,Nairobi,,Unknown,,4.0,Unknown,,Financial gain,Syringe,The standard pg 4,"Three foreigners and a Kenyan were fined each one Million Kenyan shillings or serve a one-year jail sentence for ant smuggling. They were arrested by KWS officers as they were found with ant queens in syringes totalling more than 7,200 collecting samples from  in Nakuru,Nairobi and Machakos counties.",2025,2025-05,2025 Q2
2025-05-08,Environmental & Wildlife Crimes,Environmental Crimes,1,Nairobi,,Unknown,,,Unknown,,Negligence,Unknown,Daily Nation Pg 19,"A neglected dumpsite is endangering residents,traders and motorists.Overflowing garbage has spilled onto the road,forcing pedestrians,riders,and vehicles to share a narrow walkway.There is no action that has been taken .",2025,2025-05,2025 Q2
2025-05-08,Fraud & Financial Crimes,Fraud,1,Unknown,,Unknown,,,Unknown,,Financial gain,Unknown,Daily Nation Pg 17,Recruitment agencies have been ripping off Kenyans  seeking jobs abroad.The fraudsters have stolen millions of money from Kenyans. The government has banned 32 agencies while other 153 are being investigated.DCI has taken charge and is in pursuit of the unscrupulous agencies and prosecutions should follow immediately.Labour Cabinet secretary Alfred Mutua has given an assurance that he is cleaning up the system so that innocent Kenyans are not conned.,2025,2025-05,2025 Q2
2025-05-09,Homicide & Unlawful Killing,Murder,5,Narok,,Unknown,,,Unknown,,Control protestors,Firearm,Daily Nation pg 16,"Five protestors were shot dead by the Genaral service unit police  in Transmara south, Narok county",2025,2025-05,2025 Q2
2025-05-09,Assault & Bodily Harm,Gang Violence,12,Narok,,Unknown,,,Unknown,,Unknown,Unknown,The Standard pg 21,Ward representatives of Emurua Dikirr constituency have been cited demanding the arrest of area MP claiming to have been involved in sponsoring gangs. The gang group called 'G12' has involved in creating unlawlessness in the county of Narok with latest attacks leading to the injuries of 12 youths.,2025,2025-05,2025 Q2
2025-05-10,"Robbery, Theft & Burglary",Robbery With Violence,2,Uasin Gishu,,Male,,,Unknown,,Robbery,Knife and Panga,Daily Nation Pg 12,Residents of Munyaka area are being robbed and left injured by a gang called B13 in Eldoret.,2025,2025-05,2025 Q2
2025-05-10,Fraud & Financial Crimes,Impersonation,1,Nakuru,,Unknown,,1.0,Male,,Unknown,Gun and Military uniform,The Standard pg 19,"Report of police in Naivvasha arrested a man who impersonated the Kenyan military forces, the man was dressed in full military uniform claimed to have lost his military ID was arrested while possesing a gun.",2025,2025-05,2025 Q2
2025-05-11,Drugs & Contraband,Smuggling,1,Nairobi,,Unknown,,150.0,Unknown,,Tax evasion,Unknown,Daily Nation Pg 12,"A multi-agency operation has led to the demolition of 150 such illicit fuel dens in Nairobi alone. Police, city county inspectorate and Energy and Petroleum Regulatory Authority officials led the raid against illegal fuel dealers on Nanyuki Road in the Industrial Area. The operation was targeted at knocking down all illegal structures and arresting anyone engaging in unlawful business within the Nairobi oil depots’ gazetted area. These illegal dealers are cheats, who deny the government revenue from licences, taxes and other fees.",2025,2025-05,2025 Q2
2025-05-11,Environmental & Wildlife Crimes,Environmental Crimes,1,Multiple Counties,,Unknown,,,Unknown,,Land resource gain,Unknown,Daily Nation Pg 31,"A growing population and increasing demand for prime land, especially beach plots and housing at the Coast region, have led to the disappearance of some Kaya forests, with others now at risk as land grabbing intensifies. Kaya elders warn that these developments could erase a vital part of their cultural heritage. They say if not controlled, the destruction threatens the existence of these spiritual and cultural hubs, endangers forest cover and wildlife species, and undermines ongoing conservation efforts.",2025,2025-05,2025 Q2
2025-05-11,Fraud & Financial Crimes,Counterfeit,1,Uasin Gishu,,Unknown,,1.0,Male,,Fraud,Unknown,The Standard pg 15,In Eldoret the senior principal magistrate of Iten Law court Gladys Odhiambo issues an arrest warrant for a vendor - Festus Tuitoek who was found in possession of counterfeit KRA stamps on alcoholic beverages leading to financial loss over tax evation.,2025,2025-05,2025 Q2
2025-05-12,Fraud & Financial Crimes,Fraud,1,Unknown,,Unknown,,,Unknown,,Fraudulent activities,Forged documents,Daily Nation pg 12,Fake degrees becoming a worrying trend in the Country as concerns on why police have not unearthed the individuals behind such operations.,2025,2025-05,2025 Q2
2025-05-12,Corruption & Abuse of Office,Corruption,2,Turkana,,Unknown,,2.0,Unknown,,Biased issuance of the mining licences,Abuse of office,Daily Nation pg 8,"Joho dragged into Turkana goldfields battle; Four gold explorers are entangled in a dispute over allocation of mining fields in Turkana County, a fight that has seen Mining Cabinet Secretary Hassan Joho accused of irregular issuance of licences. The court dispute between Mayfox Mining Company Ltd and Lorado Company Ltd involves a disagreement over mining rights in Naduat area of Nakalale ward in Turkana.",2025,2025-05,2025 Q2
2025-05-12,Fraud & Financial Crimes,Fraud,1,Nationwide,,Unknown,,,Unknown,,Extortion,Gas,Daily Nation pg 7,"Lower wholesale cost to dealers hasn't reached consumers, inflating cooking gas prices for huge profits.",2025,2025-05,2025 Q2
2025-05-12,Homicide & Unlawful Killing,Murder,2,Nairobi,,Male,,1.0,Unknown,,Negligence,Unknown,Daily Nation pg 3,"Report of two male deaths following the collapse of a wall from a condemned construction which weakened the foundation of the wall in Parklands, Nairobi. Authorities are following up on the developer of the construction site requiring him to explain why the construction continued despite the law condemning the site.",2025,2025-05,2025 Q2
2025-05-12,Corruption & Abuse of Office,Corruption,1,Unknown,,Male and Female,,,Unknown,,Extortion,Levies,Daily Nation pg 2,"Reports following an investigation by the Nation media on public schools recieving fat bribes for the enrollment of new learners, where parents are subjected to pay a fee to secure a slot and further make more payments through a raft of levies.",2025,2025-05,2025 Q2
2025-05-13,Homicide & Unlawful Killing,Murder,2,Trans Nzoia,,Male,,1.0,Male,,Land dispute,Machete,The Standard pg 13,Dispute over sale of land led to a confrontation between two men.,2025,2025-05,2025 Q2
2025-05-13,"Robbery, Theft & Burglary",Robbery With Violence,1,Narok,,Male,,,Unknown,,Cattle rustling,Firearm,The Standard pg 19,Bandits shot and killed a man in an attempt to still his cattle.,2025,2025-05,2025 Q2
2025-05-13,Environmental & Wildlife Crimes,Illegal Mining,1,West Pokot,,Unknown,,,Unknown,,Mineral gain,Abuse of office,The Standard pg 20,Foreigners mining in west pokot without permits and licenses,2025,2025-05,2025 Q2
2025-05-13,Homicide & Unlawful Killing,Murder,2,Lamu,,Female,,1.0,Male,,Unknown,Firearm,Daily Nation pg 13,"A mother of a 32 years old deceased daughter Sheila Mokaya, and  5 year grand-daughter speaks in cry for justice over the latest sudden murders. A teacher and mother of two, Sheila, had spent the long holiday in Kisii with her family and even expressed her desire for marriage with her boyfriend, a GSU officer who shot her and her daughter dead upon travelling back to Mokowe town in Lamu county where she had secured permanent teaching opportunity in her efforts to reclaim her life after breaking from the first marriage.",2025,2025-05,2025 Q2
2025-05-13,Cybercrime,Cyber Crime,1,Unknown,,Unknown,,,Female,,Fraud,Digital platform,Daily Nation pg 4,Investigations highlighting the rise of cyber crime as subscribers get exploited and frauded of health services offered by quack doctors who don't have credentials targeting the Female gender.,2025,2025-05,2025 Q2
2025-05-14,Drugs & Contraband,Illicit Brewing,1,Nairobi,,Unknown,,,Unknown,,Greed,Illicit alcohol,The Standard Pg 3,There has been increased production of illicit alcohols such as changaa and busaa leading decrease in revenue as legal manufactures are selling at a low rate due to the competition from the cheap illicit alcohols. ,2025,2025-05,2025 Q2
2025-05-14,"Robbery, Theft & Burglary",Robbery,1,Murang'a,,Unknown,,3.0,Male and Female,,Robbery,Unknown,The Standard Pg 3,Three suspects were arraigned before a Murang'a court for robbery in four different counties.,2025,2025-05,2025 Q2
2025-05-14,Fraud & Financial Crimes,Counterfeit Smuggling,1,Unknown,,Unknown,,,Unknown,,Tax evasion,Unknown,The Standad Pg 3,The government  is loosing millions of money in revenue collection as a result of increased illicit brewing. This is as a result of counterfeit and smuggling of illiicit ethanol which is used to manufacture illicit brews,2025,2025-05,2025 Q2
2025-05-14,Abduction & Kidnapping,Kidnapping,1,Murang'a,,Unknown,,3.0,Male and Female,,Extortion,Unknown,The Standard Pg 3,Three suspects were arraigned before a Murang'a court for kidnapping in four different counties.,2025,2025-05,2025 Q2
2025-05-14,Homicide & Unlawful Killing,Murder,1,Nairobi,,Female,,1.0,Male,,Love affair,Knife,The Standard Pg 17,The accused is said to have visited her girlfriend when a disagreement occured. The woman's 11 years old son who was there went to call the security guard . On returning the house was locked from inside. After a while he man came out covering his head and fled away after the crime.,2025,2025-05,2025 Q2
2025-05-15,Assault & Bodily Harm,Assault,1,Nairobi,,Unknown,,,Unknown,,Abuse of office,Handcuffs,Daily Nation pg 23,"Kanjo interns who lack uniform move around in groups carrying handcuffs,harassing people and arrresting people withiout identifying themselves,They move around in groups on  the streets  carrying handcuffs and do not have uniforms.The justice and legal affairs commitee had a sitting and they issued an order for the recruits to return  to their camp in Dagorreti South,and called upon the leadership to restore order and sanity  in the inspectorate department.They resolved to summon the county executive commitee member in charge of finance,Charles Kerich,and chief officer for finance Asha Abdi to explian the lack of uniforms for the inspectorate officers.",2025,2025-05,2025 Q2
2025-05-15,"Robbery, Theft & Burglary",Robbery,3,Kilifi,,Unknown,,6.0,Unknown,,Robbery,Toy guns,The standard pg 6,"Six armed gangsters raided a school in Kilifi ,The gang assaulted three night guards ,stole Sh 18,000 in tithe and Sh 32,000 in petty cash,damaging two cash boxes.They also took sh 500 from one of the guards and phones from the 3 ,no arrests have been made.The school head confirmed the situation calm,and learning continues.CCTV footage has been handed to police for further investigation.",2025,2025-05,2025 Q2
2025-05-15,Homicide & Unlawful Killing,Homicide,1,Homa Bay,,Female,,1.0,Male,,Love affair,Knife,The standard pg 6,"A form three girl was fatally stabbed and her grade six brother seriously injured in an attack at their home in Olando village,in Suba-South Subcounty.Assistant chief said the assailant raided the house where the girl and her brother were sleeping and stabbed her on the back and the head before turning on her brother.The asssailant,believed to be the girl`s secret boyfriend fled after the incident .Police are investigating the case.",2025,2025-05,2025 Q2
2025-05-16,Homicide & Unlawful Killing,Murder,4,Nakuru,,Male,,,Unknown,,Maintaining law and order,Firearm,Daily Nation pg 12,"Police officer shoot dead four youths in Barut area, Nakuru West Sub-county during a security operation. The four were members of a gang called Nyuki squad.The gang members were with arrows and pangas, were ordered to stop but refused to obey oder. Before the shoot the officer fired a warning shot to scare the suspect away, but they allegedly called for reinforcement from other members who were hiding.",2025,2025-05,2025 Q2
2025-05-16,Abduction & Kidnapping,Abduction,1,Garissa,,Male,,,Male,,Unknown,Unknown,The Standard pg 6,"Omar Sheikh was travelling with six other where their taxi was intercepted by masked, gun-wielding in two Toyota Prado vehicles. Omar and another male passanger were forced out of the vehicle, beaten and blindfolded, but the other occupants were unharmed. They veered off the main road and, after several kilometres, threw out one of the v.ictims out of the moving vihecle. The two vihicles fled away with Omar.",2025,2025-05,2025 Q2
2025-05-17,Fraud & Financial Crimes,Forgery,1,Nairobi,,Male,,,Unknown,,Family property dispute,Unknown,Daily nation pg 3,Jacob Ocholla was asking the court to recognize him as the rightful heir of the Late Mwai Kibaki's inheritance by claiming there was a forgery of the will's signature. The other children of the late argued that his application should be striked off due for it was based on hearsay and lacks credibility thus inadmissible.,2025,2025-05,2025 Q2
2025-05-17,Corruption & Abuse of Office,Corruption,1,Nairobi,,Unknown,,4.0,Male and Female,,Greed,Unknown,Daily nation pg 5,"Professor Amukowa, Dr Ahmed Abdul,Ms Caren Kerubo and Daniel Ouma in the UON council were arrained in court and were charged with corruption.They were relesead on a bond of ksh 1 million.",2025,2025-05,2025 Q2
2025-05-17,Homicide & Unlawful Killing,Murder,1,Uasin Gishu,,Male,,3.0,Male and Female,,Infidelity,Physical assault,The Standard pg 3,"Rose Rotich hired 2 men to'' teach her husband a lesson'', Samson Kandie, for being involved with a commercial sex worker. Samson was found battered to death.",2025,2025-05,2025 Q2
2025-05-17,Sexual & Gender-Based Violence,Defilement,1,Nakuru,,Unknown,,1.0,Male,,Unknown,Unknown,The Standard pg 3,"Martin Baumagartner was charged with contempt of court after being accused of 14 counts of defilement, indecent acts and human trafficking within Bahati,Nakuru County.",2025,2025-05,2025 Q2
2025-05-18,Organized Crime & Terrorism,Banditry,1,Narok,,Male and Female,,,Unknown,,Cattle rustling,"Gun, Bows, Arrows",The Standard Pg 27,"4 cattles have been recovered after being stolen following a gunfight between bandits, Anti stock Theft Unit and residents of Angata ward who used bows and arrows to intercept the bandits before crossing over to Tanzania.",2025,2025-05,2025 Q2
2025-05-19,Organized Crime & Terrorism,Banditry,1,Elgeyo Marakwet,,Male and Female,,4.0,Unknown,,Cattle rustling,Unknown,The Standard pg 16,"Over 100 residents of Elgeyo Marakwet staged a protest, led by former MCA, they walked 8 KM to Maili Saba market in Trans Nzoia County advocating against recent tallied cattle rustling where residents had lost over 32 cattles. Investigations continue for apprehending suspects.",2025,2025-05,2025 Q2
2025-05-19,Other Offences,"Verbal Abuse, Racism, Exploitation",72,Unknown,,Female,,,Unknown,,Exploitation,Employment,The Standard pg 3,"A report by the Amnesty International titled ""Locked in, Left out!"" cites atleast 72 women who've faces verbal abuse, racism, and exploitation under their contracted employers with none being held accountable.",2025,2025-05,2025 Q2
2025-05-19,Homicide & Unlawful Killing,Murder,1,Nakuru,,Male,,1.0,Male,,Conceal evidence,Unknown,Daily Nation pg 2,"Mr Mogoi, who is the prime suspect, is accused of killing Osinde on the night of June 17 and 18 2023 on his Ngata farm in Nakuru. Osinde's body was found floating in the river Kuja four days after he had been reported missing. Mr Mogoi was the one driving the victims Toyota Landcruiser on the day Osinde was reported missing.",2025,2025-05,2025 Q2
2025-05-19,Fraud & Financial Crimes,Fraud,1,Nairobi,,Male,,,Female,,Property dispute,Unknown,Daily Nation pg 3,"Fraud claims as Ringtone Kagure fights for prime properties belonged to a dead foreigner.The family crimed to have lived on the property for 35 years, but the singer claimed that he was paying rent and had lived in house for two years",2025,2025-05,2025 Q2
2025-05-20,Homicide & Unlawful Killing,Murder,1,Nakuru,,Male,,,Unknown,,Unknown,Unknown,Daily Nation Pg 3,"Catholic priest,John Maina, who had initially hosted former deputy president Rigathi Gachagua was allegedly killed by unknown assailants",2025,2025-05,2025 Q2
2025-05-20,Cybercrime,Cyber Bullying,1,Nationwide,,Male and Female,,,Male and Female,,Exploitation,Digital platform,The Standard Pg 3,"Children with intellectual disabilities are increasingly being targeted by digital predators, they are being blackmailed, groomed and sexually exploited.",2025,2025-05,2025 Q2
2025-05-21,Abduction & Kidnapping,Kidnapping,1,Nakuru,,Male,,,Unknown,,Unknown,Unknown,The Standard pg 3,A catholic priest succumbed to injuries following an incident where he was thrown out of a moving vehicle. This was a naration he gave to the docted before he died. He said that he was kidnapped and drugged and then thrown out of a moving car.,2025,2025-05,2025 Q2
2025-05-21,Homicide & Unlawful Killing,Murder,1,Nairobi,,Female,,1.0,Male,,Marital issue,Unknown,The Standard Pg 13,A woman was killed by her partner following a domestc disagreement. The incident happened as their 11 year old son watched.,2025,2025-05,2025 Q2
2025-05-21,Fraud & Financial Crimes,Extortion,1,Nairobi,,Male,,,Unknown,,Greed,Unknown,Daily Nation Pg 20,"Traffic marshals at the Muindi Mbingu and Kenyatta Avenue junction in Nairobi’s city centre are reported to be notorious for harassing motorists by accusing them for not obeying road signs and instead of pressing charges, the ask for bribes to let the culprits free",2025,2025-05,2025 Q2
2025-05-21,Fraud & Financial Crimes,Fraud,1,Nairobi,,Unknown,,,Unknown,,Financial gain,Unknown,Daily Nation Pg 21,Residents of Githogoro slum in Westlands have been in the dark for several days after illegal power was disconnected. Kenya Power staff carried away transformers amid resistance from cartels which do the illegal connections at a fee.,2025,2025-05,2025 Q2
2025-05-22,Assault & Bodily Harm,Torture,2,Unknown,,Male and Female,,,Unknown,,Political intimidation,Humiliation tactics,Daily Nation Pg 20,"Upon arriving at the Julius Nyerere Airport the activist who had travelled to Tanzania for the court hearing of opposition leader Tundu Lissu, they had their passports confisicated and the Agather Atuhaire was tourtured badly.",2025,2025-05,2025 Q2
2025-05-22,Fraud & Financial Crimes,Forgery,1,Unknown,,Unknown,,3000.0,Unknown,,Employment,Unknown,Daily Nation Pg 10,"Almost 3,000 public servants, among them heads of parastatals, senior police bosses and investigators, used fake academic papers to gain employment, a new audit shows.",2025,2025-05,2025 Q2
2025-05-22,Abduction & Kidnapping,Abduction,2,Unknown,,Male,,,Unknown,,Political intimidation,Humiliation tactics,Daily  Nation Pg3,"The family of renowned Kenyan activist Boniface Mwangi has pleaded for clarity over his whereabouts after days of silence, following reports of his arrest and alleged deportation from Tanzania.",2025,2025-05,2025 Q2
2025-05-23,Homicide & Unlawful Killing,Murder,1,Kajiado,,Male,,1.0,Unknown,,Incapacitation,Firearm,Daily Nation pg 3,Kennedy Onyango was shot dead by the police during the antgovernment protest in Rongai.,2025,2025-05,2025 Q2
2025-05-23,Homicide & Unlawful Killing,Murder,1,Kilifi,,Male,,3.0,Male and Female,,Political tension,Firearm,Daily Nation pg 25,"Jola Ngumbao, a non-political local resident, was shot dead during a politically charged disruption of an ODM meeting in Kilifi in 2019, but despite murder charges against former MP Aisha Jumwa and her aide Geoffrey Okuto, both were ultimately cleared, leaving the family without justice or accountability.",2025,2025-05,2025 Q2
2025-05-23,Fraud & Financial Crimes,Fraud,1,Mombasa,,Male and Female,,,Unknown,,Greed,Unknown,The Standard pg 4,Explosive documents and whistleblower accounts have exposed rampant procurement fraud at Kenya Ports Authority painting a oicture of systemic rot,2025,2025-05,2025 Q2
2025-05-23,Cybercrime,Cyber Crime,1,Nairobi,,Male and Female,,4.0,Male and Female,,Spying and countering critics,Spy App,The Standard pg 6,Whitstleblower exposes state's spyware scheme to silence critics. ,2025,2025-05,2025 Q2
2025-05-23,Land & Eviction Offences,Land Grabbing,1,Tana River,,Male and Female,,1.0,Male,,Land resource gain,Unknown,The Standard pg 12,Tana River Senetor Danson Mungatana faults the Interior CS K. Murkomen over the forceful land take over in Tana River and Garissa counties without civic participation in claims that the land purposed to home NIS campus belonged to members of the community who are in the dark.,2025,2025-05,2025 Q2
2025-05-23,"Robbery, Theft & Burglary",Robbery With Violence,2,Nakuru,,Male and Female,,,Unknown,,Robbery,Firearm,The Standard pg 22,"A couple were attacked in an armed robbery in Pipeline area, Nakuru county. The armed robbers left the scene having shot the man dead and injured the wife.",2025,2025-05,2025 Q2
2025-05-24,Environmental & Wildlife Crimes,Illegal Mining,1,West Pokot,,Male and Female,,,Male and Female,,Resource gain,Unknown,The Standard pg 27,"Reports of illegal mining, exploitation, theft, armed raiding and killings have been cited in Romus Centre in West Pokot as resident turn to gold mining risk ventures in an effort to make ends meet. The by-product of the activities affecting education and food security.",2025,2025-05,2025 Q2
2025-05-24,Corruption & Abuse of Office,Corruption,1,Kakamega,,Unknown,,2.0,Male,,Greed,Unknown,The Standard pg 27,"The EACC has arrested two officials from the supply chain and biomedical engineering department in Mumias level four hospital in claims of soliciting 200,000 shillings as bribe to aid payment of supplied medical equipments.",2025,2025-05,2025 Q2
2025-05-24,Fraud & Financial Crimes,Fraud,1,West Pokot,,Unknown,,,Unknown,,Financial gain,Unknown,The Standard pg 27,Hundred of residents of Trans Nzoia and West Pokot are protesting payouts estimated at 200M shillings following a government project on electricity mapping where locals gave away their land for the project but yet to recieve compensations.,2025,2025-05,2025 Q2
2025-05-24,Assault & Bodily Harm,Assault,1,Vihiga,,Unknown,,,Unknown,,Retaliation,Unknown,The Standard pg 25,IPOA condemns attack on police officers in Cheptulu area in Vihiga county as residents retaliate what the police classified as a crack down on members of the public who were involved in unlawful acts. The attrack on the officers left one police officer wounded.,2025,2025-05,2025 Q2
2025-05-24,Homicide & Unlawful Killing,Murder,3,Uasin Gishu,,Unknown,,,Unknown,,Unknown,Firearm,Daily Nation pg 10,"Two men were, a school teacher and two elders were gunned down days after a catholic priest was killed.",2025,2025-05,2025 Q2
2025-05-24,Homicide & Unlawful Killing,Murder,1,Uasin Gishu,,Male,,,Unknown,,Unknown,Firearm,Daily Nation pg 10,"A priest was gunned down by unknown men in Kabartile, Tot Division.The bandits fled into nearby thickets.",2025,2025-05,2025 Q2
2025-05-24,Sexual & Gender-Based Violence,Child Sexual Exploitation,3,Nairobi,,Unknown,,1.0,Male,,Unknown,Unknown,Daily Nation pg 10,"A Dutch citizen was charged with child sexual exploitation and was initially captured trying to flee the country.He fell ill and was admitted to Kenyatta National Hospital, where he later on died.",2025,2025-05,2025 Q2
2025-05-24,"Robbery, Theft & Burglary",Robbery With Violence,1,Nairobi,,Unknown,,4.0,Male,,Robbery,Firearm,The Standard pg 3,4 Gang members were arrested in a successful police raid in Pangani ceasing ammunitions from the gang who were fleeing after violent robbery.,2025,2025-05,2025 Q2
2025-05-25,Property Destruction & Arson,Arson,15,Nairobi,,Unknown,,,Unknown,,Unknown,Fire,Daily Nation Pg 4,"A devastating fire broke out Kibera, Nairobi largest informal settlement, resulting in the deaths of 8 people and others left injured and the destruction of 71 iron sheet house. Local authorities and emergency services responded to the scene, but the intensity of the fire made containment difficult. The cause of the fire is still under investigation.",2025,2025-05,2025 Q2
2025-05-25,Abduction & Kidnapping,Abduction And Torture,1,Kiambu,,Male,,,Male,,Political differences,Vehicle and Chemical,The Standard Pg 6,"Tension has gripped Juja constituency following the alleged abduction of area Member of Parliament Georghe Koimburi on Sunday, 25, May, 2025. Koimburi was reportedly seized by unknown individuals outise Full Gospell Church in Mugutha, Kiambu County, during a church service. Witnesses claim that the two men dressed in plain clothes and posing as woshipers , forcibly bundled him into a Subaru vehicle with altered number plate and drove off. Juja Mp George Koimburi was controversially abducted and was found unconscious in a coffee plantation, brutally tortured and in which he was accosted by officers from DCI before he was finally grabbed while attending a church service.",2025,2025-05,2025 Q2
2025-05-25,Corruption & Abuse of Office,Bribery,1,Kakamega,,Unknown,,3.0,Unknown,,Financial gain,Procurement contract,The Standard Pg 15,"Three staff members at Mumias Level Four Hospital suspended, after arrested on Wednesday by EACC for allegedly receiving a sh. 200,000bribe from a contractor.",2025,2025-05,2025 Q2
2025-05-26,Fraud & Financial Crimes,Sacred Fraud,1,Nairobi,,Unknown,,,Unknown,,Gambling and fraud,Cash rewards,Daily Nation Pg 4 ,"Yahweh's Media Services Limited, a Nairobi based religious broadcaster allegedly masterminding one of the most fraud in Kenya's media landscape.",2025,2025-05,2025 Q2
2025-05-26,Sexual & Gender-Based Violence,Gender Based Violence,1,Samburu,,Female,,1.0,Male,,Anger,Wooden club,Daily Nation Pg 15,"Salimo Priscilla Lolonyekie, a mother of one received brutal beatings from a male neighbor over minor misunderstanding that almost made her die.",2025,2025-05,2025 Q2
2025-05-26,Abduction & Kidnapping,Abduction,1,Nakuru,,Female,,,Unknown,,Unknown,Unknown,The Standard Pg 3,"Linet Manoti, 14, disappeared mysteriously at the Naivasha police station where she had been taken for questioning regarding a theft reported at an apartment where she lived under the care of a donor-funded child support programme.",2025,2025-05,2025 Q2
2025-05-27,Corruption & Abuse of Office,Corruption,1,Nairobi,,Male and Female,,1.0,Male,,Corruption,Digital platform,The Standard Pg 10,The senior counsel has allegedly accused the Supreme Court of engaging in corruption.,2025,2025-05,2025 Q2
2025-05-27,Police Misconduct,Police Brutality,1,Nairobi,,Male,,1.0,Male,,Political intimidation,Unknown,The Standard Pg 15,Former police chief Japheth Koome faces liability after court upheld ruling linking him to police brutality.,2025,2025-05,2025 Q2
2025-05-27,Homicide & Unlawful Killing,Murder,1,Nairobi,,Male,,,Unknown,,Incapacitation,Firearm,Daily Nation Pg 46,"Benson Mbithi, a matatu conductor was shot dead by police during the June 25 protests.",2025,2025-05,2025 Q2
2025-05-28,Assault & Bodily Harm,Threats,2,Nairobi,,Male,,,Unknown,,Intimidation,Phone,Daily Nation Pg 18,The two Nation Media journalists who did an expose on the exploitation of religious platforms to promote unlicenced gambling disguised as faith based programming 'Madhahabu ya Kamari' 'Sacred Swindle' aired on NTV have each received threats on their role in the investigation.,2025,2025-05,2025 Q2
2025-05-28,Homicide & Unlawful Killing,Murder,1,Nyeri,,Female,,1.0,Male,,Kill,Unknown,Daily Nation Pg 25,A man who works as a porter in the Nyeri market was seen on CCTV with a missing girl who when trailed by police found the girl in a gunny bag under the bed in his house in Witemere slums.,2025,2025-05,2025 Q2
2025-05-29,Homicide & Unlawful Killing,Murder And Assault,2,Nakuru,,Male,,1.0,Male,,Unknown,Knife,Daily Nation Pg 30,Two brothers were attacked with a knife while playing in Nakuru by their neighbor . The eldest one who was eight years old succumed to injuries while receiving treatment and the youngest survived but with several injuries and is still being monitored in the hospital.,2025,2025-05,2025 Q2
2025-05-29,Abduction & Kidnapping,Abduction,1,Nakuru,,Female,,,Unknown,,Rape,Unknown,Daily Nation Pg 30,A three year old girl was abducted while playing with her friends.,2025,2025-05,2025 Q2
2025-05-30,Homicide & Unlawful Killing,Murder,1,Siaya,,Female,,,Unknown,,Unknown,Unknown,Daily Nation pg 27,"Emma Akinyin was a form three students who was a day scholar. On a fateful morning, as she was going to school, she met people who claimed her life. The investigation is on to identify the perpetrators.",2025,2025-05,2025 Q2
2025-05-30,Homicide & Unlawful Killing,Murder,1,Siaya,,Female,,,Unknown,,Unknown,Unknown,Daily Nation pg 27,Mitchell Atieno a student a Sagam secondary school had gone to sleep with her siblings together but at night she left the house only for her body to be found lifeless in a nearby thicket. The investigation is on to ascertain the cause of her death.,2025,2025-05,2025 Q2
2025-05-30,Homicide & Unlawful Killing,Murder,1,Nakuru,,Female,,,Unknown,,Unknown,Unknown,Daily Nation pg 30,Hannah Waithera an M-pesa agent left place of work at Kenyatta Avenue to go and deposit money only to go missing. The family reported to various police statitions with her photo only to be found dead and her body dumped at Technology farm. The investigation to is on to ascertain the cause of her death.,2025,2025-05,2025 Q2
2025-05-30,Land & Eviction Offences,Illegal Eviction,1,Kilifi,,Female,,1.0,Male,,Intimidation,Unknown,The Standard pg 24,"Mother of sexually assaulted daughter got evacuated from their rental house by her neighbour for reporting rape case to the police station. Besides that, she fears her life is danger.",2025,2025-05,2025 Q2
2025-05-31,Homicide & Unlawful Killing,Murder,1,Nakuru,,Female,,,Unknown,,Robbery,Unknown,The Standard Pg 18,She was sent to deposit sh 250000 but went missing later on her body was found dumped and she was dead.,2025,2025-05,2025 Q2
2025-05-31,"Robbery, Theft & Burglary",Robbery,2,Nairobi,,Male and Female,,2.0,Male,,Robbery,Firearm,The Standard Pg 18,Jackson Mwangi was shot dead while his wife sustained injuries as they were attacked by robbers while closing their shop. Joseph Kuguma wa also attacked by robbers while leaving his workplace.,2025,2025-05,2025 Q2
2025-05-31,"Robbery, Theft & Burglary",Robbery,2,Nakuru,,Male,,2.0,Male,,Robbery,Gun and hammer,The Standard Pg 18,Paul Ndugu a businessman was gunned down by robbers who minutes before had assaulted a barber and shop assistant getting awaywith valuables.,2025,2025-05,2025 Q2
2025-05-31,Homicide & Unlawful Killing,Murder,1,Nakuru,,Male,,2.0,Male,,Unknown,Unknown,The Standard Pg 10,The lawyer of the two individuals charged with the murder of the farmer pleaded for a bond citing that they are not a flight risk.,2025,2025-05,2025 Q2
2025-05-31,"Robbery, Theft & Burglary",Stealing,1,Multiple Counties,,Unknown,,,Unknown,,Retrieve stolen items,Unknown,The Standard Pg 10,Police in Kilifi and Mombasa conducted a night raid where they retrieved stolen goods.,2025,2025-05,2025 Q2
2025-05-31,"Robbery, Theft & Burglary",Robbery,2,Nakuru,,Male and Female,,3.0,Male,,Robbery,Firearm,The Standard Pg 18,Caroline Kwamboka was ambushed by3 robers who got away with 40000 and shot dead Enoch Koech.,2025,2025-05,2025 Q2
2025-06-01,Sexual & Gender-Based Violence,Sexual Harassment,1,Kilifi,,Male,,1.0,Male,,Sexual assault,Death threats,The standard pg 15,The grade six pupil was returning from a party where Chengo accosted and assulted him near a river upon issuing death threats.,2025,2025-06,2025 Q2
2025-06-01,Other Offences,Breach Of Contract,1,Nairobi,,Male,,1.0,Unknown,,Extortion,Unknown,The standard pg 3,"The body of Titus Gathutu is retained by Metropolitan Hospital after Beth Njeri, the spouse paid 14Euros (2.4 million)and property worth 5.5 million as security to have her husbands body released but the hospital failed to fulfil its part of the agreement.",2025,2025-06,2025 Q2
2025-06-02,Sexual & Gender-Based Violence,"Sexual Violence,Assault And Torture",2,Unknown,,Male and Female,,1.0,Male,,Political Intimidation,Unknown,Daily Nation13,State sponsored on sexual violence and torture committed unto Atuhaire and Mwangi.,2025,2025-06,2025 Q2
2025-06-02,Assault & Bodily Harm,Blatant Assault,4,Homa Bay,,Male and Female,,,Unknown,,Political Intimidation,Batons,The Standard Pg 3,"At the Raila Odinga Stadium in Homabay, journalists are attacked by goons in the watch of police. The police also unlawfully attacked the journalists harrassing them.",2025,2025-06,2025 Q2
2025-06-03,Police Misconduct,Unlawful Detention,1,Nairobi,,Female,,,Unknown,,Political Intimidation,Unknown,Daily Nation pg 3,"Rose Njeri is arrested on allegation charges on cyber crime after creating a website educating kenyans on the finance bill, 2025.",2025,2025-06,2025 Q2
2025-06-03,Assault & Bodily Harm,Gang Violence,7,Nakuru,,Male,,8.0,Male and Female,,Financial gain,Machete and Gun,The Standard pg 19,A criminal gang in Nakuru killed 5 and injured 2 people who included police officers in an attempt to steal money and evade arrest from police officers.,2025,2025-06,2025 Q2
2025-06-04,Environmental & Wildlife Crimes,Illegal Mining,1,West Pokot,,Male and Female,,,Unknown,,Resource gain,Unknown,The Standard Pg 17,"Foreign Investors accused of illegal gold mining, resource exploitataion,Illegal gold mining, resource exploitation, accidents, displacement Kambi Karaya, Turkwel, Sekerr, Morita, Romos, Karon, Pokot Central, Kipkomo, Kapenguria through 	Unregulated mining, lack of licenses, unsafe practices, investor impunity because of Economic opportunity, weak governance, resource competition, social pressures that caused Fatal accidents, pollution, displacement, social disruption and the government ordered Site closures, arrests, new mining office, resettlement, calls for reformthat in West Pokot county.",2025,2025-06,2025 Q2
2025-06-04,Fraud & Financial Crimes,Fraud,1,Migori,,Female,,,Unknown,,Personal gain,Unknown,The Standard Pg 6,"Senators expressed concern over a growing trend and cases in Absa Bank Accounts, where criminals are defrauding retirees of their pension. The fraudsters are accessing sensitive personal banking transactions and enablimg them to monitor bank transactions and strike soon after the pension is deposited.",2025,2025-06,2025 Q2
2025-06-04,Fraud & Financial Crimes,Fraud,1,Unknown,,Unknown,,3000.0,Male and Female,,Embezzlement of public funds,Unknown,Daily Nation Pg 15,"The revelation that there are 3000 ghost workers and others have died under the Universal Health Coverage through fake payroll, that include the Medics personnel. Therefore, quite shocking to learn that the Ministry of Health may have been paying milions of shillings to ghost workers. ",2025,2025-06,2025 Q2
2025-06-04,Abduction & Kidnapping,Abduction,2,Elgeyo Marakwet,,Male,,,Male,,Political Intimidation,Ambulance,The Standard Pg 18,"Simon Yego and Collins Kipyatich were abducted on Friday, May 30, in Tot Elgeyo Marakwet.. Collins Kipyatich was reportedly seized while receiving treatment at Tot Health Center, allegedly by individuals believed to be police officers. Simon Yego, a taxi operator, was abducted while driving a client. His vehicle was blocked by an ambulance, and he was taken by men suspected to be plainclothes security officers. The abductions and killings are widely believed to be linked to the murder investigation of Father Alloyce Cheruiyot Bett, a priest killed in Tot on May 22, 2025. Authorities were conducting a security operation in the area following the priest’s death.",2025,2025-06,2025 Q2
2025-06-04,Homicide & Unlawful Killing,Murder,2,Elgeyo Marakwet,,Male,,,Male,,Political Intimidation,Ambulance,The Standard Pg 18,"The bodies of Simon Yego and Collins Kipyatich found along the Mogotio-Kipkitur road near Kinoyo village in Menengai, Nakuru County. Both discovered naked, with their arms severed and showimg signs of severe torture. Their families say both men were abducted on Friday, May 30, in Tot Elgeyo Marakwet.. Collins Kipyatich was reportedly seized while receiving treatment at Tot Health Center, allegedly by individuals believed to be police officers. Simon Yego, a taxi operator, was abducted while driving a client. His vehicle was blocked by an ambulance, and he was taken by men suspected to be plainclothes security officers. The abductions and killings are widely believed to be linked to the murder investigation of Father Alloyce Cheruiyot Bett, a priest killed in Tot on May 22, 2025. Authorities were conducting a security operation in the area following the priest’s death.",2025,2025-06,2025 Q2
2025-06-05,Fraud & Financial Crimes,Fraud,3,Unknown,,Female,,3.0,Male and Female,,Financial gain,Unknown,Daily Nation pg 3,"Eunice Wangui, Catherine Murigi, and Mary Waithira, they were deceived and defrauded by close family members after sending large sums of money for investments",2025,2025-06,2025 Q2
2025-06-06,"Robbery, Theft & Burglary",Stealing,1,Kilifi,,Male,,3.0,Unknown,,Financial gain,Unknown,Daily Nation Pg 21,"The Mavueni area in Kilifi has experienced growing number of theft cases from churches to homestead where thieves are stealing livestock and several items from Pastor Ezikiel church: gold plated cups, a covenant box a kettle..",2025,2025-06,2025 Q2
2025-06-06,Assault & Bodily Harm,Assault,1,Kitui,,Female,,4.0,Male,,Political Intimidation,Unknown,Daily Nation Pg 22,"During her speech on her support for Wiper leader Kalonzo Musyoka 2027 presidential bid at her uncles Mzee Stephen Kamuthwa funeral, four men walked menacingly towards her trying to grab the microphone and assaulted her leaving her terrified.",2025,2025-06,2025 Q2
2025-06-07,Sexual & Gender-Based Violence,Defilement,1,Bomet,,Female,,1.0,Male,,Sexual assault,Unknown,The Standard Pg 2,A teacher allegedly defiles a grade 9 pupil at St Mary mixed day & boarding in Bomet.,2025,2025-06,2025 Q2
2025-06-07,Homicide & Unlawful Killing,Murder,1,Nairobi,,Female,,1.0,Male,,Love affair,Knife,The Standard Pg 2,The lady known as Felister was stabbed to death by ex-boyfriend at her shop in uhuru market after they had an argument.,2025,2025-06,2025 Q2
2025-06-07,Homicide & Unlawful Killing,Manslaughter,1,Vihiga,,Male,,,Unknown,,Self-defence,Firearm,The Standard Pg 10,"The victim Brian Machanga was  shot dead by Kenya Forest Service officer in  Kabiri forest,the officers were responding to a report of illegal charcoal burning.",2025,2025-06,2025 Q2
2025-06-07,Homicide & Unlawful Killing,Murder,1,Trans Nzoia,,Male,,1.0,Male,,Unknown,Wooden club,The Standard Pg 18,The 22 years old step-brother hit the disabled 6 years old boy Sam on the head with a wooden bar and fleed.,2025,2025-06,2025 Q2
2025-06-08,Abduction & Kidnapping,Abduction,1,Baringo,,Female,,,Unknown,,Unknown,Unknown,The Standard Pg 2,A 13 year old girl was abducted by armed bandits from her home while she was preparing lunch.,2025,2025-06,2025 Q2
2025-06-08,Homicide & Unlawful Killing,Murder,1,Kakamega,,Male,,,Unknown,,Robbery,Unknown,The Standard Pg 3,A night guard at Victory Christian Primary School was hacked to death by thugs who stole two thermos flasks and 12 plates.,2025,2025-06,2025 Q2
2025-06-09,Human Trafficking & Smuggling,Organ Trafficking,1,Unknown,,Male,,,Unknown,,Organ harvesting,Deception,Daily Nation Pg 17,Several hospitals have been implicated in the investigations into human organ trade following startling revelations from whistleblower.,2025,2025-06,2025 Q2
2025-06-09,Homicide & Unlawful Killing,Murder,1,Homa Bay,,Male,,3.0,Male,,Unknown,Crude weapons,The Standard Pg 11,"Three men who are brothers are allegedly linked to the murder of their other brother,in Homa Bay County.",2025,2025-06,2025 Q2
2025-06-09,Abduction & Kidnapping,Abduction,1,Elgeyo Marakwet,,Male,,,Unknown,,Abduction,Firearm,Daily Nation Pg 17,A surge disappearance of Edward Kipchumba Terer a medical laboratory technologist.,2025,2025-06,2025 Q2
2025-06-09,Human Trafficking & Smuggling,Human Trafficking,1,Unknown,,Male,,3.0,Male and Female,,Exploitation,Deception,The Standard Pg 10,"Duncan Okindo, a Kenyan returnee unveils a disturbing pattern of fraudulent recruitment,human trafficking and forced criminality",2025,2025-06,2025 Q2
2025-06-09,Homicide & Unlawful Killing,Murder,1,Nairobi,,Male,,,Male,,Political Intimidation,Unknown,The Standard Pg 6,"Albert Ojwang, a blogger was seized by officers from DCI, reportedly over allegations of publishing false information online and which mysteriously led to his demise.",2025,2025-06,2025 Q2
2025-06-09,Abduction & Kidnapping,Abduction,1,Baringo,,Female,,,Unknown,,Abduction,Firearm,The Standard Pg 11,"13 year old Virginia Jepng'eno, initially reported abducted by bandits is found alive,the police claim that the girl had been taken by a distant relative.",2025,2025-06,2025 Q2
2025-06-10,Homicide & Unlawful Killing,Manslaughter,1,Nairobi,,Male,,1.0,Female,,Provocation and abuse,Unknown,Daily Nation pg 22,"Violet Magore,a resident of nyayo highrise estate was charged with murder of her husband but it was reduced to manslaughter following a plea bargain with the prosecution after she pleaded guilty .",2025,2025-06,2025 Q2
2025-06-10,Fraud & Financial Crimes,Fraud,1,Mombasa,,Unknown,,6.0,Male,,Financial gain,Unknown,Daily Nation pg 19,"IN APA apartments in the porsh areas of Nyali,6 men were arrested by the dci for fraud which involved them using different simcards and mobile phones to defraud people.The DCI used mobile phone triangulation technology to carry out a successful operation to aid in their apprehension.",2025,2025-06,2025 Q2
2025-06-10,Environmental & Wildlife Crimes,Environmental Crimes,1,Nyandarua,,Unknown,,,Unknown,,Financial gain,Unknown,The Standard pg 19,Unknown individuals allegedly with the support of government officials openly harvest trees illegally.,2025,2025-06,2025 Q2
2025-06-10,Other Offences,Bestiality,1,Trans Nzoia,,Unknown,,1.0,Male,,Sexual immorality,Unknown,The Standard pg 4,A man from Trans Nzoia county was caught in the early morning hours in a cow shed sexually assaulting a cow.,2025,2025-06,2025 Q2
2025-06-11,"Robbery, Theft & Burglary",Burglary,1,Kilifi,,Female,,,Unknown,,Stealing,Unknown,The Standard pg 3,"Burglars raided justice Agnes Murgor's Kilifi home on Monday ,stealing a MacBook with sensitive court documents and an Iphone.According to Kilifi south DCI boss Lornad Kurgat,the thieves cut sliding door locks at the exclusive Shariani Kuruwitu residents,ransacking the judge's house before hitting a second home nearby.Three security guards have been arrested amid concerns about th area's security,despite guarded entry points.",2025,2025-06,2025 Q2
2025-06-11,Homicide & Unlawful Killing,Murder,1,Nakuru,,Female,,,Unknown,,Unknown,Unknown,The Standard pg 13,"A woman's mutilated body was found dumped along the Naivasha-Mai Mahiu road,her breasts,hands and legs missing.The naked corpse severed with a sharp oblect ,was found off the busy road by members of the public.Police suspect the woman,believed to be in her mid 30's,was killed elsewhere before partial remains were discarded at the scene.Emotions ran high as crowds gathered to view the gruesome sight before officers transported the body to Naivasha Sub-County Hospital Mortuary.",2025,2025-06,2025 Q2
2025-06-12,Fraud & Financial Crimes,Fraud,1,Nairobi,,Male,,1.0,Male,,Resource gain,Unknown,The Standard Pg 2,"MP was summoned to court over allegations of defrauding landowners of property worth Sh10 million in a land deal scam, marking a high-profile case of political corruption and land fraud.",2025,2025-06,2025 Q2
2025-06-12,Police Misconduct,Police Brutality,4,Garissa,,Male,,,Unknown,,Crowd containment,Firearm,The Standard Pg 2,"Kenyan police officers at Ifo Refugee Camp in Garissa County opened fire during a food distribution scuffle, injuring four refugees in an act of brutality that drew condemnation from rights groups and humanitarian agencies.",2025,2025-06,2025 Q2
2025-06-12,Other Offences,Negligence,1,Nyandarua,,Female,,,Unknown,,Negligence,Unknown,The Standard Pg 2,"A woman detained at Rwanyambu Police Post in Kinangop, Nyandarua County, suffered a miscarriage after officers allegedly neglected her medical needs, exposing gross police negligence and sparking national outrage.",2025,2025-06,2025 Q2
2025-06-12,Homicide & Unlawful Killing,Murder,1,Nyeri,,Male,,,Unknown,,Vigilantism,Wooden club,Daily Nation Pg 19,Bishop Simon Ndegwa was beated by wooden rods and burned  to death by the crowd in Witemere village after being accused of molesting a 9 year old boy after giving him a pancake.,2025,2025-06,2025 Q2
2025-06-12,Fraud & Financial Crimes,Fraud,4,Nairobi,,Male,,,Male,,Land resource gain,Forged documents,Daily Nation Pg 13,"Sh1.6 billion land dispute in Loresho, Nairobi, where Beba Freight accuses Landmark Freight and other parties of fraudulently acquiring its property through forged documents and impersonation of its directors.",2025,2025-06,2025 Q2
2025-06-12,Land & Eviction Offences,Land Grabbing,3,Mombasa,,Male and Female,,1.0,Male,,Land resource gain,Abuse of office,Daily Nation Pg 10,"Two activists have sued Kenya Railways MD Philip Mainga for allegedly using police and heavy machinery to unlawfully invade and demolish property belonging to a firm linked to Gideon Moi, accusing him of abuse of office and land grabbing.",2025,2025-06,2025 Q2
2025-06-12,Sexual & Gender-Based Violence,Defilement,1,Nyeri,,Male,,1.0,Male,,Sexual exploitation,Unknown,Daily Nation Pg 19,"9 year old boy was molested after being given a pancake by Bichop Simon Ndegwa in Witemere, Majengo. He was missing when he was left by his sibling under the care of their elder brother as their mother left home to run errands.",2025,2025-06,2025 Q2
2025-06-13,Abduction & Kidnapping,Abduction,1,Baringo,,Male,,,Unknown,,Abduction,Gun and Vehicle,The Standard Pg 6,"The family of the business man are suing Inspector Genreal of Police, Attorney General and Director of public prosecutions over the abduction and dissapperance of their family member.",2025,2025-06,2025 Q2
2025-06-13,Abduction & Kidnapping,Abduction,2,Kiambu,,Male,,,Male,,Abduction,Firearm,The Standard Pg 24,The two men alledged being SIM fraudsters were abducted by hooded men who shot at their vehicle deflating the vehicle leaving their families searching for them as their location is unknown six months later.,2025,2025-06,2025 Q2
2025-06-13,Property Destruction & Arson,Vandalism And Bulglary,1,Trans Nzoia,,Male and Female,,3.0,Male,,Retaliation,Unknown,The Standard Pg 24 ,Police have arreted three suspect link to the vandalism of Ethic and Anti- Corruption vehicles recovering wheels after raiding the Governor's home.,2025,2025-06,2025 Q2
2025-06-13,Sexual & Gender-Based Violence,Defilement,1,Homa Bay,,Female,,1.0,Male,,Sexual assault,Unknown,The Standard Pg 24,The mother to the girl reported the father to the police after coming home and finding her daughter limping from injuries sutained from the defilement she endured.,2025,2025-06,2025 Q2
2025-06-13,Sexual & Gender-Based Violence,Gender Based Violence,1,Uasin Gishu,,Female,,1.0,Male,,Love affair,Unknown,Daily Nation Pg 22,The wife had confided in the pastor who testfied against the husband that he had received threats from the husband as they were going through marital problem before her murder.,2025,2025-06,2025 Q2
2025-06-14,Fraud & Financial Crimes,Tax Evasion,1,Nakuru,,Unknown,,3.0,Male and Female,,Tax evasion,Unknown,Daily Nation Pg 25,"Ms Diana Mumbi, the manager of Elmar Resrt and Spur,Mr John Ngure Mahta,Director Crayfish Camp, and Mr James Munene Moses landed themselves in Naivasha court because they failed to remmit the tourist levy that they were charged with.",2025,2025-06,2025 Q2
2025-06-14,Homicide & Unlawful Killing,Murder,1,Kilifi,,Female,,1.0,Male,,Love affair,Knife,The Standard Pg 2,"Kadzo Farida, a 17 year old girl who survived defilement 4 years ago (2021) was stabbed to death by her boyfriend because she refused to accompany him to a family event.",2025,2025-06,2025 Q2
2025-06-14,Homicide & Unlawful Killing,Murder,1,Nairobi,,Female,,1.0,Male,,Unknown,Fall,The Standard Pg 14,"The uncle who was seen playing with the minor earlier on that day, threw her from the balcony of the second floor house the mother was renting and followed her in what seemed like an intend to finish what he had started. The reason behind the murder is still unknown.",2025,2025-06,2025 Q2
2025-06-18,Police Misconduct,Police Brutality,1,Nairobi,,Male,,2.0,Male,,Kill,Firearm,Daily Nation Pg 3,"The face mask vendor, identified as Boniface Kariuki (also known as Eli Joshua), was shot in the head at close range by a uniformed anti-riot police officer on June 17, 2025, in Nairobi's Central Business District (CBD), specifically along Moi Avenue. The incident occurred during ongoing protests demanding justice for Albert Ojwang, a teacher and social media blogger who died in police custody.",2025,2025-06,2025 Q2
2025-06-19,"Robbery, Theft & Burglary",Arson And Theft,1,Nairobi,,Unknown,,,Unknown,,Mayhem,Metal bars and stones,"Daily Nation Pg 2,3,6","Business owners in different parts of the Nairobi Central Business District assess the level of damage after the Gen-z led demonstrations which left many shops damaged, looted and others burnt down.",2025,2025-06,2025 Q2
2025-06-20,Homicide & Unlawful Killing,Murder,1,Nairobi,,Male,,1.0,Male,,Kill,Firearm,The Standard Pg 6,Joel Austin was shot dead by Peter Lang'at while delivering liquor inside his car. The mother is seeking justice.,2025,2025-06,2025 Q2
2025-06-21,Public Order & Administration of Justice,Defamation,1,Nakuru,,Male,,1.0,Female,,Retaliation,Digital platform,The Standard Pg 3,"The High Court in Nakuru barred Sarah Njoki, estranged wife and co-founder of Bonfire Adventures made publishing defamatory statements about Simon Kabu her co-founder. Justice Janet Mulwa issued an injuction restricting her and her associates from posting, broadcasting or disseminating defamatory content on any platform. Kabu claimed Njoki's statements, made via WhatsApp, Instagram and press briefings damaged his reputation and business. The court ruled in favour of Kabu, finding that the statements lacked proof and were likely to cause irreparable . Njoki maintained that her staements were factual and not made with malice.",2025,2025-06,2025 Q2
2025-06-21,Homicide & Unlawful Killing,Murder,1,Nairobi,,Male,,1.0,Male,,Political Intimidation,Torture and Assault,The Standard Pg 8,"Constable James Mukhuwana , a police officer based at Nairobi Central Police Station, has been detained for 21 days pending investigations into the murder of Albert Omondi Ojwang. The officer reportedly confessed to  participating in assault that led to Ojwang's death, allegedly under orders and with incentives provided by superiors. The court emphasized the seriousness of the case, linking it to broader issues of brutality and accountability in Kenya.",2025,2025-06,2025 Q2
2025-06-21,Fraud & Financial Crimes,Fraud,2,Nairobi,,Male,,1.0,Male,,Financial gain,Manipulation,Daily Nation Pg 35," The victim narrates an incident where he and his friend were approached by Joe, he was well dressed, a blue suit and distinctive brown shoes. He was offering a lucrative job opportunity under a company called Jijenge International Global. They were lured into a meeting and paid money for a registration, next thing Joe disappeared and they realised it was a scam. ",2025,2025-06,2025 Q2
2025-06-22,Homicide & Unlawful Killing,Murder,1,Kakamega,,Male,,2.0,Male,,Malice,Physical assaults and electric cables,The Standard Pg 8,"Dennis Lusava was tortured to death within Mbururu Police post,  by two police officers (Emmanuel Wafula & Godwine Wekesa Sirengox using kicks,blows and electric cables, took place in kakamega county on October 7 2022 before dumping body in River Nzoia, ",2025,2025-06,2025 Q2
2025-06-23,Assault & Bodily Harm,Assault,1,Nairobi,,Male,,4.0,Unknown,,Mayhem,Batons,The Stanard Pg 2,"Ken Ochieng, a lawyer who was beaten up by goons along Koinange Street during the June 17 protests, narates his harrowing experience.",2025,2025-06,2025 Q2
2025-06-23,Assault & Bodily Harm,Assault,1,Homa Bay,,Male,,,Unknown,,Excessive force,Unknown,The Stanard Pg 16,"Gabriel Chacha , a Fisher man aged 36 years old from Homa Bay county alleges police assault while he was being detainted at Ringiti Police Post following a disagreement with his female neighbour. He sustained serious bodily injuries leading to loss consciousness and he was taken to hospital",2025,2025-06,2025 Q2
2025-06-24,Public Order & Administration of Justice,Hate Speech,1,Nairobi,,Unknown,,4.0,Male,,Intimidation and incite violence,Unknown,Daily Nation pg 1-2,"Recently also seen to protests the death of Kenyan blogger/ teacher Albert Ojwang, and soon looking to commemorate the fallen youths from June 25th 2024 country wide protests as they call the State to accountability, face retaliation within the city from the Governor Sakaja, Majority Part Whip S. Osoro, David Ndii a presidential economic advisor who have been cited to issue threats to the Kenyan youths (GenZ) on protesting. ",2025,2025-06,2025 Q2
2025-06-24,Public Order & Administration of Justice,Hate Speech,1,West Pokot,,Unknown,,1.0,Male,,Intimidation and incite violence,Unknown,Daily Nation pg 1-2,"The Member of Parliament from Pokot was recorded while addressing youths in Pokot, asking the masses if they would protect the government and if they were ready to fight them (GenZ), who are make up majority of the protesters across the country in an effort to hold the state accountable.",2025,2025-06,2025 Q2
2025-06-25,Assault & Bodily Harm,Child Abuse And Assault,1,Homa Bay,,Male,,2.0,Male and Female,,Punishment,Molten Plastic,Daily Nation Pg 17,Acouple in HomaBay County severely abused their 7 year old son by dripping molten plastic on his hands because he ate fish from the kitchen without permission.,2025,2025-06,2025 Q2
2025-06-25,Homicide & Unlawful Killing,Murder And Assault,4,Turkana,,Unknown,,,Unknown,,Robbery,Firearm,The Standard Pg 15,Two people were shot dead and two other critically injured by Pokot bandits in Turkana County.They were ambushed by the suspected bandits from the neighbouring county while travelling on a motorcyle along Naipotom -Lokori road while they were on their way to purchase food and household supplies.,2025,2025-06,2025 Q2
2025-06-26,Homicide & Unlawful Killing,Murder,2,Turkana,,Male,,,Unknown,,Retaliation,Firearm,Daily Nation  pg 24,Bandits unleash terror on Naoeitom just days after settlement killing 2 men on a motorcycle and and attacking three households.,2025,2025-06,2025 Q2
2025-06-26,Assault & Bodily Harm,Assault,3,Nairobi,,Male and Female,,,Unknown,,Political intimidation,Tear gas,Daily Nation pg 8,"Mourning mothers highlights state overreach and suppression of grief as a form of protest, raising serious legal and moral questions. The incident added fuel to ongoing outrage over police brutality and the lack of accountability for the deaths of young protestors in Kenya.",2025,2025-06,2025 Q2
2025-06-26,Homicide & Unlawful Killing,Extra-Judicial Killing,9,Multiple Counties,,Unknown,,,Unknown,,Political intimidation,Firearm,Daily Nation pg 4,"Nine people were killed by security forces reported in 9 counties and possibly deploying infiltrated “goons” in a crackdown aimed at quelling widespread unrest over economic hardship, corruption, and demanded accountability.",2025,2025-06,2025 Q2
2025-06-26,Assault & Bodily Harm,Assault,400,Multiple Counties,,Unknown,,,Unknown,,Political intimidation,"Guns, stones, teargas",Daily Nation pg 4,"Security forces opened fire on largely young, Gen Z-led demonstrators and bystanders nationwide injuring around 400, and possibly deploying infiltrated “goons” in a crackdown aimed at quelling widespread unrest over economic hardship, corruption, and demanded accountability.",2025,2025-06,2025 Q2
2025-06-26,"Robbery, Theft & Burglary",Arson And Stealing,1,Multiple Counties,,Male and Female,,,Unknown,,Mayhem,Fire,Daily Nation pg 5,"Well‑organized looters  distinct from peaceful Gen‑Z protesters  took advantage of the unrest to infiltrate demonstrations and systematically loot and burn shops, including boutiques, electronics outlets, supermarkets, petrol station kiosks, and hotels, inflicting millions in losses on small traders across multiple counties.",2025,2025-06,2025 Q2
2025-06-27,"Robbery, Theft & Burglary",Arson And Stealing,1,Nairobi,,Unknown,,,Unknown,,Mayhem,Metal bars and Stones,"Daily Nation Pg 2,3,6","Business owners in different parts of the Nairobi Central Business District assess the level of damage after the Gen-z led demonstrations which left many shops damaged, looted and others burnt down.",2025,2025-06,2025 Q2
2025-06-27,Property Destruction & Arson,Arson,1,Kiambu,,Unknown,,,Unknown,,Mayhem,Lighter,Daily Nation Pg 2,Chief Justice Martha Koome inspects Kiambu Law courts after it was torched during the nationwide demonstrations marking the first anniversary of the June 2024 gen-z led finance bill protests.,2025,2025-06,2025 Q2
2025-06-27,Homicide & Unlawful Killing,Extra-Judicial Killing,1,Unknown,,Male and Female,,,Unknown,,Political intimidation,Firearm,"Daily Nation Pg 4, 5",Tears as family continue to mourn kins killed during the Gen-z led protests which took place in 27 counties. Families give accounts on how their loved ones were killed as the number given by interior Cs varry with the number of deaths reported by the Amnesty International.,2025,2025-06,2025 Q2
2025-06-29,"Robbery, Theft & Burglary",Stealing,1,Kiambu,,Unknown,,4.0,Unknown,,Robbery,Firearm,The Standard Pg 6,"Police recovered firearms stolen during protests in Kikuyu sub county in Kiambu county. Four suspects were arrested while the officers recovered an AK-47, assault rifle, a teargas launcher gun, one bullet, an empty AK 47 magazine, several knives, police uniforms and pair of handcuffs.",2025,2025-06,2025 Q2
2025-06-29,Sexual & Gender-Based Violence,Rape And Robbery,14,Unknown,,Female,,,Male,,Mayhem,Unknown,Daily Nation Pg 5,"Atleast 14 women were raped during the Wednesday anti-government protests. The women were ambushed dargged off motorbikes, raped and robbed by gangs. The crimes were registered in Nairobi, two in Ngong, and a case in Nakuru and an additional case in Nyeri.",2025,2025-06,2025 Q2
2025-06-29,Abduction & Kidnapping,Abduction And Unlawful Deportation,1,Nairobi,,Male,,,Unknown,,Deportation,Unknown,Daily Nation Pg 12,"A British-Nigerian man Mr. Nnamdi Kanu who was abducted and deported 4 years ago was awarded Ksh. 10m following his abduction and deportation. Mr. Kanu was had flown to Kenya a month earlier on an Eadt African Tourist Visa from Kigali Rwanda and was living in Nairobi Kilimani having entered Kenya lawfully, the adduction took place on June 19 2021 at the Jomo Kenyatta International Airport where hw had gone to pick someone. Justice Chacha Mwita said the Kenyan governmenet violated Mr. Kanus rights and fundamental freedom ny allowing his arrest and forcible removal from the country.",2025,2025-06,2025 Q2
2025-06-29,Homicide & Unlawful Killing,Extra-Judicial Killing,19,Unknown,,Male and Female,,,Unknown,,Incapacitation,Firearm,The Standard Pg 2,"The number of people who died during the June 25 Gen Z anniversary demonstartion has risen to 19. According to the latest update from the Kenya National Commission on Human rights. Nairobi County recorded the highest death toll with six fatalities while Makueni and Machakos each reported two deaths. Additional deaths occurred in Kiambu, Nakuru , Uasin Gishu and Nyandarua.",2025,2025-06,2025 Q2
2025-06-30,Assault & Bodily Harm,Assault And Arson,2,Nairobi,,Male,,,Unknown,,Vigilantism,Fire and Assault,Daily Nation Pg 15,"Two men who were part of a larger group, were lynched after they attempted to evict informal traders on Rhapta Road in Nairobi.",2025,2025-06,2025 Q2
2025-06-30,Abduction & Kidnapping,Abduction,1,Mombasa,,Male,,7.0,Unknown,,Political intimidation,Gun and Vehicle,Daily Nation Pg 3,"Gen Z protester, Geoffry Chesoni was abducted by the police with regards to rebellious acts against the government.",2025,2025-06,2025 Q2
2025-07-01,Fraud & Financial Crimes,Fraud,10,Nakuru,,Female,,4.0,Unknown,,Land resource gain,Unknown,Daily Nation pg 21,"Family of eight sues the Attorney General, PS of lands and the former Ministry of Special Programmes over forgery of 755 acres of land documents in an effort to resettle 2007 post violence election IDPs. The court after DCI investigations directed the state to surrender original title deeds of the land belonging to the Family. Their brother had carried out the fraud deal with the state in secrecy.",2025,2025-07,2025 Q3
2025-07-01,Assault & Bodily Harm,Gang Violence,1,Nyandarua,,Unknown,,10.0,Male,,Destruction of property,Unknown,Daily Nation pg 22,"A criminal gang in Nyandarua county is reported to have cost the town sh. 200M loss over destruction of property, the group was reported to be organised and one heavily built man in a white jacket coordinated the attacks as they went about stealing, smashing windscreens, and set ablaze offices in less than 10 minutes before fleeing.",2025,2025-07,2025 Q3
2025-07-01,"Robbery, Theft & Burglary",Robbery,1,Nairobi,,Unknown,,,Male,,Retaliation,Unknown,Daily Nation pg 22,Suspected goons visited scrap metal traders at Kayaba bus stop in Nairobi expecting to trade in the metals for some coins but faced rejection from the traders who suspected the properties were looted from the city center. What followed was an attack on the public as the suspected goons turned to mugging and robbing people their money and phones. The police claimed that no complaints had then been recieved.,2025,2025-07,2025 Q3
2025-07-02,Fraud & Financial Crimes,Fraud,31,Unknown,,Male and Female,,,Unknown,,Financial gain,Unknown,Daily Nation Pg 15,"The fraud included double billing (charging both the patient and SHA for the same service), outpatient visits disguised as inpatient admissions, forced or unnecessary patient admissions, and even claims for ghost patients who never existed or received care. Healthcare workers and administrators misused or shared pre-authorisation codes. Some patients colluded by sharing their SHA access codes to inflate the bills. Investigations revealed a well-coordinated network: hospitals filled to capacity, yet still ‘admitting’ ghost patients for billing; The fraud was detected following internal audits, whistleblower reports, and the visible spike in multi-million-shilling claims that did not match actual service delivery.
 The financial loss is estimated at nearly Ksh. 100 million so far, with ongoing investigations likely to raise this figure. Health Cabinet Secretary Aden Duale has ordered the suspension or closure of implicated facilities, prosecution of those involved, and improved digital oversight to prevent recurrence.",2025,2025-07,2025 Q3
2025-07-02,Abduction & Kidnapping,Abduction,1,Kiambu,,Male,,,Unknown,,Unknown,Metal bars and Gun,The Standard Pg 8,"The incident involving the abduction of Peter Kinyanjui, a grassroots politician and youth leader of the Democracy for the Citizens Party (DCP) in Kiambu County affiliated with Rigathi Gachagua's party, occurred on the night of June 30 to July 1, 2025, around 9 pm at his rented home in Limuru. Armed men, believed to be police officers—some dressed in uniforms and others plainclothes—arrived in several vehicles including Subaru and Toyota Prado cars. They forcibly entered Kinyanjui’s apartment using metal bars, threatened his family, and fired gunshots into the air to disperse neighbors who gathered during the chaos.
The abduction was violent and caused significant panic and damage. Kinyanjui’s wife was threatened alongside their child, and the officers collected spent bullet cartridges, indicating the use of live ammunition to intimidate residents",2025,2025-07,2025 Q3
2025-07-03,Homicide & Unlawful Killing,Murder,1,Nairobi,,Male,,,Unknown,,Incapacitation,Unknown,The standard pg 13,28 yr old Brian Maina was allegedly killed by police during the june 25 demonstrations in Nairobi.Maina was stuck on the head by an officer and later died from his injuries despite being rushed to the hospital.,2025,2025-07,2025 Q3
2025-07-04,Homicide & Unlawful Killing,Murder,20,Kakamega,,Male,,1.0,Male,,Suspected ritual activities,Crude weapons,The Standard Pg 20,Police officers in Kakamega are persuing a man believed to be the one behind the misterious deaths mostly targeting security guards after another security guard was killed in Jua kali Township in the outskirts of Kakamega County raising the number of victims to over 20 as per one of the investigators.,2025,2025-07,2025 Q3
2025-07-04,Organized Crime & Terrorism,Illegal Possession Of Firearm,1,Nakuru,,Male and Female,,5.0,Male and Female,,Robbery,Firearm,The Standard Pg 21,Four men and one woman were charged with possession of an unlicenced firearm while engaging in a felony which was used to shoot police officers who responded to a distress call.,2025,2025-07,2025 Q3
2025-07-04,"Robbery, Theft & Burglary",Robbery With Violence,1,Nakuru,,Male and Female,,5.0,Male and Female,,Robbery,Firearm,The Standard Pg 21,A police officer was shot dead during a violent robbery which left the victim of robbery injured and several other police officers who were responding to the distress call with gunshot wounds.,2025,2025-07,2025 Q3
2025-07-04,Homicide & Unlawful Killing,Murder,1,Kisii,,Female,,1.0,Male,,Unknown,Unknown,The Standard Pg 21,"The accused is said to have killed his wife, dismembered her, cooked and fed the body parts to his children. This angered his neighbours and the villagers who in eturn set him on fire a few metres from his house.",2025,2025-07,2025 Q3
2025-07-04,Homicide & Unlawful Killing,Murder,1,Kisii,,Male,,,Unknown,,Vengeance,Fire,The Standard Pg 21,The victim is said to have been roaming in the village with his child looking confused. The villagers became concerned and questioned him. He gave unsatisfactory explanation which led to storming of his house which led to the neighbours discovering some rotting body parts which he confessed to be those of his wife. The villagers became angry and lynched him.,2025,2025-07,2025 Q3
2025-07-04,Fraud & Financial Crimes,Fraud,1,Unknown,,Male and Female,,,Unknown,,Exploitation of systemic weaknesses,Unknown,Daily Nation Pg 3,Kidney patients accros the country in public hospitals are forced to dig into their pockets for essential drugs despite paying thousands of shillings monthly to SHA,2025,2025-07,2025 Q3
2025-07-04,Homicide & Unlawful Killing,Murder,1,Nairobi,,Male,,,Unknown,,Unknown,Firearm,Daily Nation Pg 22,A family in Reuben ward are crying for justice after their son was shot dead by police officer in industrial area. The area Mca is urging the IPOA to conduct swift investigations to ensure justice.,2025,2025-07,2025 Q3
2025-07-04,Environmental & Wildlife Crimes,Environmental Crimes,1,Nairobi,,Male and Female,,,Male and Female,,Unknown,Unknown,Daily Nation Pg 22,An illegal dumpsite at Mukuru Kayaba stage along the new enterprise road causing endless traffic. The dumpsite is growing at an alarming rate and is seen as a serious health hazard.,2025,2025-07,2025 Q3
2025-07-04,Property Destruction & Arson,Arson,1,Homa Bay,,Male and Female,,,Male and Female,,Vengeance,Stones and Fire,Daily Nation Pg 7,"Angry mourners blocked the planned funeral procession and took the body of late Ojwang' and demanded that it should be taken to the police station where he was held after his arrest.On arrival, they hurled stones at the building's windows and destroyed critical documents before setting the station ablaze.",2025,2025-07,2025 Q3
2025-07-05,Organized Crime & Terrorism,Terrorism,11,Garissa,,Male,,2.0,Male,,Terror,Improvised Explosive Device and Guns,The Standard Pg 3,Two Cousins were jailed 30 years by Court for GSU ambush that killed 11 Police officers at Abdisugow in Garissa County when the police were conducting patrols before their vehicle was blown up and sprayed with bullets. ,2025,2025-07,2025 Q3
2025-07-05,Homicide & Unlawful Killing,Murder,1,Nakuru,,Female,,1.0,Male,,Marital issue,Hammer and Panga,The Standard Pg 3,"Children of Murdered mother ask the court to jail their father for killing their mother. The childrens argued that their father behaviour was callous, cold-blooded, malicious and intended to kill their mother. Besides that, young sister testied that their father instructed their mother to milk the cows whereby she refused due to she was feeling unwell. On that fateful night she slept in the kitchen and that triggered the mind of their father, he went and pulled her out of bed causing her to fall and he dragged out of the kitchen. After sometimes their mothers body was found lying next to their father while he was carrying a hammer and panga.",2025,2025-07,2025 Q3
2025-07-05,"Robbery, Theft & Burglary",Gang Robbery,1,Nairobi,,Male,,5.0,Male,,Financial gain,Vehicle,The Standard Pg 3,"The police arrested robbery gang leader three days after robbibg Mr. Patel Sh. 999,000 at I&M Bank in Parklands after withdrawing it.They blocked him using a Toyota Axio while dressed as Traffic officers.",2025,2025-07,2025 Q3
2025-07-05,Homicide & Unlawful Killing,Torture And Murder,1,Kakamega,,Male,,2.0,Male,,Excessive force,Unknown,The Standard Pg 8,"The High Court in Eldoret found two Police Officers guilty of torturing and murdering Dennis Wafula. Several evidence shows that the police officers had altercation with the deceased which prompted members of the public to intervene and prevent arresting or harrassing the deceased. Later on , they used a friend to lure the deceased to the police station whereby he was arrested.",2025,2025-07,2025 Q3
2025-07-05,Homicide & Unlawful Killing,Defilement And Murder,4,Uasin Gishu,,Female,,1.0,Male,,Sexual assault,Unknown,The Standard Pg 9,"The High Court in Eldoret sentenced to life imprisonment, the Man who self-confessed the defilement and Murder of four children.",2025,2025-07,2025 Q3
2025-07-06,Sexual & Gender-Based Violence,Child Pornography,1,Mombasa,,Unknown,,1.0,Female,,Financial gain,Social Media platforms,Daily Nation Pg 2,"The court denied Ms. Munyoki access to gadgets that has no connection to Wi-Fi, WhatsApp or phone for woman with child porn case after she was released on bail and bond terms. Besides that, she has been accused of posting obscene image of children in social platforms for financial gain hence preaching child ponorgraphy.",2025,2025-07,2025 Q3
2025-07-06,Abduction & Kidnapping,Enforced Disappearance,2,Kiambu,,Male and Female,,,Unknown,,Political intimidation,Unknown,The Standard Pg 11,The Anti-terror Police rearrested Peter Kinyanjui and Wanjiru Thiga at Ruiru law court after they were released on bail and bond terms by court. The lawyers and family members have tried searching for whereabouts but they could not find them. ,2025,2025-07,2025 Q3
2025-07-06,"Robbery, Theft & Burglary",Robbery With Violence,1,Nyamira,,Male,,,Male,,Cattle rustling,Arrow,The Standard Pg 3,"A man from Nyamira county at Mebeno village in Lietego was attacked by unknown robbers who invaded his compound at night with intent to steal his livestock pierced him in the chest with an arrow  and ran away with animals , neighbours aided in bringing three after raising an alarm. The arrow was dislodged from his chest at Borabu Sub-county hospital.",2025,2025-07,2025 Q3
2025-07-06,Homicide & Unlawful Killing,Torture And Murder,1,Uasin Gishu,,Male,,4.0,Male and Female,,Jealousy,Unknown,The Standard Pg 2,"The daughter of former marathoner Samson Kandie testified that, her mother was behind the death of her father. Most of the times her mother showed no concern about her father, as whenever her father travelled she will be heard saying why can't he get an accident so that he might return till that day when return home and found all lights switched off and when they tried calling their father, they were instructed to pick their father behind the toilet. Besides that , when she started screaming her mother told her to stop crying as she disturbing them. She insisted that her mother should not allowed to come out on bond because of her security.",2025,2025-07,2025 Q3
2025-07-06,Corruption & Abuse of Office,Abuse Of Office,1,Uasin Gishu,,Male and Female,,3.0,Male,,Land resource gain,Unknown,The Standard Pg 3,"The EACC has filed a suit seeking to recover sh. 200 Million alleged public land in Eldoret town. The accused person are Wilfred Kitur Kimalat-the former Permanent Secretary for provincial Administration and National security, Ishmael Chelang'a-former provincial commissioner and Wilson Gachanja-the then commissioner of lands. The EACC contends that the land where two government houses stands was not available.",2025,2025-07,2025 Q3
2025-07-07,Assault & Bodily Harm,"Vigilantism,Assault And Battery",1,Nairobi,,Female,,20.0,Unknown,,Political intimidation,Wooden club,The Standard Pg 4,"Masked men forced their way into the Kenya Human Rights Commission compound and attacked women, journalists and activists.",2025,2025-07,2025 Q3
2025-07-07,Homicide & Unlawful Killing,Murder,1,Unknown,,Male,,1.0,Male,,Unknown,Strangulation,The Standard Pg 8,DCI officer arrested after colleague was found dead in shared room.,2025,2025-07,2025 Q3
2025-07-07,Homicide & Unlawful Killing,Murder And Cannibalism,8,West Pokot,,Unknown,,12.0,Unknown,,Cannibalism,"Chopping boards, knives,axes,ropes,live snakes,pit latrine",The Standard Pg 16,12 suspects held over child murders and cannibalism.,2025,2025-07,2025 Q3
2025-07-07,Homicide & Unlawful Killing,Murder,1,Nairobi,,Male,,1.0,Male,,Confrontation,Firearm,Daily Nation Pg 17,The family of a man who was shot dead by a police officer attached to a senior State House official four months ago is calling for justice for their kin.,2025,2025-07,2025 Q3
2025-07-08,Homicide & Unlawful Killing,Extra-Judicial Killing,1,Murang'a,,Male,,1.0,Unknown,,Disperse protestors,Firearm,Daily Nation pg 3,"County Health Chief Officer of Murang'a county, Eliud Maina reported the death of an individual and dozen more got injured from the July 7 Saba Saba anniversary protests.",2025,2025-07,2025 Q3
2025-07-08,Homicide & Unlawful Killing,Extra-Judicial Killing,1,Kajiado,,Male,,1.0,Unknown,,Incapacitation,Firearm,Daily Nation pg 3,"Brian Kimutai, 21 years old, was shot in Kitengela town following the July 7 Saba Saba protests, His family claims that Brian was working in town when he got shot and not protesting.",2025,2025-07,2025 Q3
2025-07-08,Homicide & Unlawful Killing,Extra-Judicial Killing,1,Nairobi,,Male,,,Unknown,,Incapacitation,Firearm,Daily Nation pg 3,Reports from the KNHRC cite the death of an individual in Kangemi along waiyaki-way and was left lying on the road as tensions had escalated and residents locked indoors after marching out in protests on July 7 Saba Saba Anniversary day.,2025,2025-07,2025 Q3
2025-07-08,Homicide & Unlawful Killing,Extra-Judicial Killing,1,Nyandarua,,Male,,1.0,Unknown,,Incapacitation,Firearm,Daily Nation pg 3,"Following the July 7 saba saba protest, KNHRC and Kenya Police reported the death of an individual in Tumaini market as another was seriously injured while protesters clashed with the Police.",2025,2025-07,2025 Q3
2025-07-08,Assault & Bodily Harm,Assault,166,Multiple Counties,,Male and Female,,,Unknown,,Political intimidation,"Gun, Teargas, Arrows, Wooden clubs",Daily Nation pg 3,"Following the July 7 saba saba anniversary, Kenyans cited intentions of using the day to protest regime oppression, injustice, economic oppression, police brutality among other recent State oppressions on its people. The KNHRC and National Police Service reported an estimate of 166 injured casualties; 114 civilians + 52 police, while the civilians protested and police efforts in containing order.",2025,2025-07,2025 Q3
2025-07-09,Homicide & Unlawful Killing,Murder,1,Homa Bay,,Male,,1.0,Female,,Sexual assault,Machete,The Standard Pg 16,"A tragic incident occurred in Manera village, Homa Bay County, Kenya, where a farmhand named Brian Manase, age 25, murdered his employer’s 16-year-old daughter, Ida Odhiambo. The girl had been left in his care while her mother was away in Kisumu. Upon return, the mother found the girl’s body under her bed with a severe machete-inflicted neck injury, and investigations suggested that Ida was defiled prior to her murder. Following the killing, the farmhand committed suicide by hanging himself in his quarters. Both bodies were taken for postmortem examination as police investigated the details of the case",2025,2025-07,2025 Q3
2025-07-10,Homicide & Unlawful Killing,Extra-Judicial Killing,1,Nakuru,,Male,,,Unknown,,Incapacitation,Firearm,The Standard pg 10,James Nayo a victim of police brutality related to saba saba protest dies from gunshot wounds in Naivasha.,2025,2025-07,2025 Q3
2025-07-10,Assault & Bodily Harm,Assault,1,Kajiado,,Male and Female,,,Male,,Urgent medical attention to protestor,Crude weapons,The Standard Pg 3,"A mob stormed Kitengela Hospital during Saba Saba protests, violently demanding treatment for an injured protester and disrupting a C-section, endangering both mother and child.",2025,2025-07,2025 Q3
2025-07-10,Homicide & Unlawful Killing,Murder,1,Nakuru,,Female,,,Unknown,,Unknown,Fire,The Standard Pg 13,"A young boy was rescued by a witness after his mother was brutally murdered in an incident reported on July 10, 2025, with the motive and perpetrator still under investigation.",2025,2025-07,2025 Q3
2025-07-13,Homicide & Unlawful Killing,Murder,1,Siaya,,Female,,,Unknown,,Unknown,Unknown,The Standard Pg 10,"The severed head of Elizabeth Achieng, a form two student, who went missing was discovered inside a pit latrine. Other body parts of the deceased were found scattered across different locations in the area.",2025,2025-07,2025 Q3
2025-07-13,Homicide & Unlawful Killing,Murder,1,Kilifi,,Male,,2.0,Unknown,,Vengeance,Unknown,The Standard Pg 10,Baraza Kitsao was hacked to death by two people at Mwenge village in Ganze subcounty on the suspicion that he was engaging in witchcraft.,2025,2025-07,2025 Q3
2025-07-14,Homicide & Unlawful Killing,Extra-Judicial Killing,1,Nairobi,,Male,,,Unknown,,Incapacitation,Firearm,The Standard Pg 5,Post-mortem are showing entry of wounds without bullets of victims shot by police.,2025,2025-07,2025 Q3
2025-07-14,Homicide & Unlawful Killing,Extra-Judicial Killing,1,Laikipia,,Female,,,Unknown,,Excessive force,Wooden club,The Standard pg 4,"24 yrs old Julia Wangui Njoki, was caught up in the Saba Saba Day National wide protest while on her way to fetch house keys from her father, a chief and civil servant. The family now in support from their community wails for justice as her untimely death came under her arrest and detention by the Kenya police. The preliminary medical reports indicating blunt-force head trauma and consistent violent assault.",2025,2025-07,2025 Q3
2025-07-14,Homicide & Unlawful Killing,Extra-Judicial Killing,1,Nairobi,,Female,,,Unknown,,Incapacitation,Firearm,The Standard Pg 5,Jackline Nyawira was fatally shot dead during the Saba Saba Protests.,2025,2025-07,2025 Q3
2025-07-14,Homicide & Unlawful Killing,Extra-Judicial Killing,1,Kirinyaga,,Male,,1.0,Female,,Incapacitation,Firearm,The Standard Pg 6,Macharia was not participating in the Saba Saba protests but was allegedly shot by a female police officer.,2025,2025-07,2025 Q3
2025-07-14,Assault & Bodily Harm,Terrorism And Assault,1,Machakos,,Unknown,,10.0,Unknown,,Protest vengeance,Unknown,The Standard Pg 7,"10 suspects were charged with damaging the Matuu Police Station, Vehicles and assaulting an officer on duty.",2025,2025-07,2025 Q3
2025-07-15,Homicide & Unlawful Killing,Extra-Judicial Killing,1,Nairobi,,Male,,,Unknown,,Incapacitation,Firearm,The Standard pg 19,"17 year old Ian Sabatia was shot dead in Ongata Rongai during the June 25th GenZ protests by police officers, his sister whom he lived with stated that at 4pm she had sent him to buy nappies for her disabled baby when he died.",2025,2025-07,2025 Q3
2025-07-15,Homicide & Unlawful Killing,Extra-Judicial Killing,1,Kiambu,,Male,,,Unknown,,Incapacitation,Firearm,The Standard pg 20,"The murder of 37 years Harrison Wachira in Juja Kiambu county went viral on social media on June 25th as Kenya police officers were seen to drag a civilians body on the ground from protest area in Juja to Juja Police station, rising public outcry for Justice and end of police brutality. The family of the deceased claiming that he was caught up while packing from work to head home. Civilians tried to rescue and aid shot Harrison but got countered by tear-gas cannisters, leaving him to die.",2025,2025-07,2025 Q3
2025-07-15,Abduction & Kidnapping,Abduction,1,Wajir,,Male,,,Unknown,,Political intimidation,Unknown,The Standard pg 7,"The Assistant County Comissioner and Huduma Centre Manager in Wajir County, Hussein Abdirahman Mohammed disappeared on 8 July unordinarily after a state function as the Family and courtdocuments state. Efforts to trace his whereabouts are furtile with the courts demanding he's produced dead or alive.",2025,2025-07,2025 Q3
2025-07-15,Fraud & Financial Crimes,Fraud,1,Nairobi,,Unknown,,1.0,Male,,Financial gain,Fake gold,The Standard pg 8,"A middle-aged man, Orao Shikalo, was charged for defrauding a foreign firm - Asianic Limited in fake gold deal worth sh. 38.1M which weighed at 580Kgs.",2025,2025-07,2025 Q3
2025-07-16,Organized Crime & Terrorism,Terrorism,10,Lamu,,Unknown,,,Unknown,,Terror,Improvised explosive device (IED),Daily Nation Pg 7,"The latest incident in Lamu's Boni Forest involved four Kenya Defense Forces (KDF) personnel killed and six others injured in a suspected Al-Shabaab attack when a military vehicle ran over an improvised explosive device (IED). This attack occurred in the Badaa area near Kiunga Town, around 1.40 PM, deep inside Boni Forest which has been the focus of ongoing security operations against Al-Shabaab militants. The attack comes amid the continued multi-agency Operation Amani Boni, a security offensive launched in 2015 aimed at flushing out Al-Shabaab militants believed to be hiding in the Boni Forest and responsible for previous attacks in the region. Security forces have launched operations to track down those behind the attack, and authorities are calling on the public to provide information to aid the pursuit of the attackers",2025,2025-07,2025 Q3
2025-07-16,Homicide & Unlawful Killing,Murder,5,Siaya,,Male and Female,,1.0,Unknown,,Cult related,Unknown,The Standard pg 16,"Bodies of 3 highschool going girls, a woman and a man have been found dead in what seems to be a string of serial murders in Gem, Siaya county. The bodies were found with deep cuts and one was dismembered with the head being found at a village elder's toilet. Gem Deputy Sub-County Police commander says they have identified a suspect however, he/she still remains at large.",2025,2025-07,2025 Q3
2025-07-16,Fraud & Financial Crimes,Fraud,1,Unknown,,Unknown,,,Unknown,,Embezzlement of public funds,Forged documents,Daily Nation Pg 4,"A special audit by Kenya's Office of the Auditor General uncovered a massive fraud in the country's education sector, where billions of shillings were lost through the allocation of public funds to non-existent (""ghost"") schools and students. At least Sh3.7 billion was siphoned via false records that misrepresented student enrolments and school existence between 2020/2021 and 2023/2024. The fraudulent activities occurred between the financial years 2020/2021 and 2023/2024, as revealed by the audit tabled before the National Assembly Public Accounts Committee in July 2025",2025,2025-07,2025 Q3
2025-07-16,Drugs & Contraband,Drug Possession,1,Bungoma,,Unknown,,1.0,Unknown,,Drug trafficking,Unknown,The Standard pg 2,"The police with help from community policing mobilizers identified a suspicious vehicle which was discovered to be ferrying 9 sacks of bhang estimated to be worth 9 million, the suspects were however able to escape leaving the consignment behind",2025,2025-07,2025 Q3
2025-07-16,Homicide & Unlawful Killing,Murder,1,Kakamega,,Female,,1.0,Male,,Love affair,Unknown,The Standard pg 8,"A girl's lifeless body was found in arented house in Lurambi, it is believed that the girl had rented the single dwelling place with her Ugandan boyfriend who has been placed as the prime suspect of the Murder, however, the boyfriend is suspected to have fled to Uganda and allegedly, took his own life.",2025,2025-07,2025 Q3
2025-07-16,Police Misconduct,Police Brutality,1,Laikipia,,Male,,,Unknown,,Disperse protestors,Firearm,The Standard pg 3,"An attempt by the police to disperse a crowd near likii center on simba road led to a stray bullet nicking one James Wambugu, the Post-moterm indicates that James was hit by a high velocity bullet and despite doctors' bests efforts to stabilize him, james succumbed to the injuries with the doctors informing the family of the same at around 3am on Tuesday.",2025,2025-07,2025 Q3
2025-07-17,Homicide & Unlawful Killing,Extra-Judicial Killing,1,Nakuru,,Male,,1.0,Male,,Incapacitation,Firearm,The Standard pg 3,"On June 9,2025 during a protest in London Estate Nakuru,a police officer Ephantus Njiru allegedly shot and killed Daniel Mwangi during demonstration. The officer is set to face trial with atleast four witnesses lined up by the state.",2025,2025-07,2025 Q3
2025-07-17,Homicide & Unlawful Killing,Involuntary Manslaughter,3,Nakuru,,Male,,,Unknown,,Accident,Vehicle,The Standard pg 2,"Three men from Kiambogo, Naivasha were found dead after reportedly being involved in seperate accident along Nairobi-Nakuru highway. Their bodies were taken to Naivasha sub-county hospital mortuary.",2025,2025-07,2025 Q3
2025-07-17,Homicide & Unlawful Killing,Extra-Judicial Killing,1,Nyandarua,,Male,,1.0,Unknown,,Incapacitation,Firearm,The Standard pg 3,Sebastian Omenda a musician from Nyandarua was shot and killed by police officer during the Saba Saba Day protests.The bullet caused internal injuries and severe bleeding leading to his death as confirmed by the post mortem results.,2025,2025-07,2025 Q3
2025-07-17,Corruption & Abuse of Office,Bribe,1,Nairobi,,Male,,1.0,Male,,Contract renewal,Bribe,Daily Nation pg 10,"In January 2019,former Nairobi Governor Mike Sonko allegedly received an offer of 5million daily bribe from Danson Muchemi of jambopay for renewal of contract.",2025,2025-07,2025 Q3
2025-07-18,Traffic & Safety Offences,Contravention Of Aviation Safety Regulations,1,Nairobi,,Unknown,,,Unknown,,Unknown,Unknown,The Standard Pg 4,What used to be a routine ballet of takeoffs and landings has become a high-stakes exercise in precision and nerve. This is as a result of high-rise buldings being constructed on the flight pah of aeroplanes taking off and landing at the Wilson airport. A plotician from Northern kenya is said to be responsible for coercing officials to approve irregular plans.,2025,2025-07,2025 Q3
2025-07-19,Homicide & Unlawful Killing,Murder,1,Nairobi,,Male,,1.0,Male,,Unknown,Knife,The Standard Pg 4,"On the afternoon of 17 July 2025, Edward Ndegwa was found with his throat slit, lying in a pool of blood beneath his bed in Ward 7B of KNH. A cleaner discovered blood beneath his bed. Investigators followed a trail of blood from the victim’s bed to a nearby room. In that room they found Kalombotole’s blue slippery sandals and a blood-stained bedsheet. A knife wrapped in gloves was found outside the ward building beneath a window. Following the incident, the Directorate of Criminal Investigations (DCI) arrested Kalombotole on 18 July and sought to conduct a full forensic/medical evaluation including DNA, mental health assessments, scene reconstruction.",2025,2025-07,2025 Q3
2025-07-19,Fraud & Financial Crimes,Fraud,1,Unknown,,Male and Female,,,Unknown,,Financial gain,Forged documents,Daily Nation Pg 16,"Reporting on fraud in the education sector (especially ghost schools receiving capitation funds via NEMIS system abuse) around mid-July 2025, 14 non-existent schools were found to have received KSh 16.6 billion in capitation funds over a four-year period (2020/21–2023/24) in one audit sample. The audit flagged failures in verification of school existence, inflated enrolment data, and manipulation of NEMIS such that funds intended for legitimate institutions were diverted.",2025,2025-07,2025 Q3
2025-07-20,Organized Crime & Terrorism,Terrorism And Arson,1,Unknown,,Unknown,,1.0,Male,,Unknown,Unknown,Daily Nation Pg 10,"Activist Bonface Mwangi was arrested by officers citing ""terrorism and arson"" as the reasons for his arrest.",2025,2025-07,2025 Q3
2025-07-21,Public Order & Administration of Justice,Obstruction Of Justice,1,Taita Taveta,,Male,,,Unknown,,Obstruction of Justice,Unknown,The Standard Pg 10,Police accused of shielding gender violence suspects,2025,2025-07,2025 Q3
2025-07-22,Assault & Bodily Harm,Assault,1,Nakuru,,Unknown,,,Unknown,,Political intimidation,Tear gas,The Standard pg 19,Police officers closed and barricaded Nakuru -Nyahurur road lobbying teargas canisters at DCP officials in an effort to prevent them from addressing the residents of Subukia.,2025,2025-07,2025 Q3
2025-07-22,Homicide & Unlawful Killing,Murder,1,Nakuru,,Male,,,Unknown,,Unknown,Unknown,The Standard pg 19,"Alvin Wambaya a 15 year old teen went missing on June 29TH after having lunch at home, the family reported him missing but now dawn to the reality of his death as his body was found in Nakuru County Hospital Mortuary.",2025,2025-07,2025 Q3
2025-07-22,Fraud & Financial Crimes,Fraud,1,Machakos,,Unknown,,3.0,Unknown,,Embezzlement of public funds,Abuse of office,The Standard pg 12,"In September 2018, Signatories (UNOPS, Sustaniable Housing Solutions, Kenya's state department for Housing and Urban Development) came to an agreement to foresee former President Uhuru's housing agenda with the project pumped 66B shillings, to facilitate construction of 100,000 homes. Years later the project is cited to have died with no habitable homes constructed, the procurement process was not bidded, checks and balances were not passed, financial records are unreliable evidencing no accountability of how the funds were used, and two UN staffs got implicated. The whole project deemed as a scheme.",2025,2025-07,2025 Q3
2025-07-22,Abduction & Kidnapping,Abduction,1,Baringo,,Male,,,Male,,Unknown,Firearm,The Standard pg 10,"Vincent Otieno Odhiambo got abducted by alleged DCI officers who picked him in Kabarnet town - Baringo county while attending his shop, his wife narrating the ordeal calls out the officers to ensure safety of her husband whom she was told would be availed in Muthaiga police station in Nairobi.",2025,2025-07,2025 Q3
2025-07-22,Fraud & Financial Crimes,Fraud,1,Nairobi,,Unknown,,1.0,Male,,Financial gain,Simcard,The Standard pg 7,Brian Kiprotich is accused of defrauding unsuspecting Kenyans after simswaping former central police boss ex-ocs Talaam's simcard which had been siezed by IPOA detectives following Albert Ojwang's murder probe.,2025,2025-07,2025 Q3
2025-07-22,Homicide & Unlawful Killing,Murder,1,Kilifi,,Male,,,Unknown,,Religious manipulation,Religious indoctrination,Daily Nation pg 2,"Religious manipulation in form of cult persists in Chakama area - Kilifi county as a 50 year old man was found dead while his legs were tied with a rope and covered with a matress in idle lands, while four other persons were rescued in frail condition.",2025,2025-07,2025 Q3
2025-07-23,Organized Crime & Terrorism,Religious Terrorism,16,Kilifi,,Unknown,,,Unknown,,Religious manipulation,Religious indoctrination,Daily Nation Pg 16,"The crime related to the missing 16 people intensified amid the Kilifi cult probe involves suspected cult activities that have led to disappearances, unexplained deaths, and alleged religious radicalization in Kilifi County, Kenya. The investigation uncovered a new suspected cult site in the Chakama area, where these 16 individuals went missing, raising concerns about the spread of cult ideologies and unlawful confinement under extreme cult practices",2025,2025-07,2025 Q3
2025-07-24,"Robbery, Theft & Burglary",Theft,1,Turkana,,Male,,,Unknown,,Border conflict,Unknown,The Standard pg 11,Theft of six fishing boats along Kenya- Ethiopia boarder which belongs to Kenyan fishermen at Arim are and members of Dassanech community who reside acress the border in Ethiopia are the main suspects.,2025,2025-07,2025 Q3
2025-07-24,Homicide & Unlawful Killing,Murder,1,Nairobi,,Female,,4.0,Male and Female,,Coercive control,Strangulation,The Standard pg 3,Susan Njoki died at Chiromo Hospital where she was forcefuly admitted and the report shows that she was strungled hence her family is demanding justice and instructed funeral home not to release the bvody.,2025,2025-07,2025 Q3
2025-07-24,Abduction & Kidnapping,Abduction,1,Baringo,,Male,,,Unknown,,Political intimidation,Gun and Vehicle,Daily Nation pg 17,Vincent Kipsang an outspoken government critic and bloger has been abducted in Karbarnet by unknown individuals into a subaru in SS area in Baringo Central Sub-County.,2025,2025-07,2025 Q3
2025-07-24,Assault & Bodily Harm,Assault,3,Machakos,,Male and Female,,7.0,Male and Female,,Protest vengeance,Stones,Daily Nation pg 8,Seven sespects are charged for assaulting 3 police officers who were manning Matuu Polica Station and damaging three motor vehicles and destroying 39 window panes at the police station,2025,2025-07,2025 Q3
2025-07-24,Fraud & Financial Crimes,Fraud,1,Kilifi,,Unknown,,,Unknown,,Land resource gain,Unknown,Daily Nation Pg 18,"The Galana-Kulalu land fraud scandal involves the illegal subdivision and allocation of over 301,000 acres of public land meant for food security, with government officials and private entities implicated in forgery, conspiracy, and misappropriation, while investigators face criticism for failing to act on earlier warnings.",2025,2025-07,2025 Q3
2025-07-24,Corruption & Abuse of Office,Corruption,1,Nairobi,,Unknown,,,Unknown,,Obstruction of justice,Abuse of office,The Standard pg 4,Fleet of rogue matatus owned through proxy entities linked to influential figures defy law enforcement with impunity leaving police and NTSA paralyzed by political interference.,2025,2025-07,2025 Q3
2025-07-25,Corruption & Abuse of Office,Corruption,1,Unknown,,Male and Female,,,Unknown,,Greed,Unknown,Daily Nation Pg 16,Retired officers are forced to part with hundreds of thousands of shillings in bribes to receive timely payment of their hard-earned pension. Many who can not afford to bribe die before receiving their money.,2025,2025-07,2025 Q3
2025-07-25,Environmental & Wildlife Crimes,Environmental Crimes,1,Nairobi,,Male and Female,,,Male and Female,,Waste disposal,Unknown,Daily Nation Pg 16,"Residents of Nairobi County continue to grapple with garbage stench, air pollution and poor drainage due to irresponsible waste disposal. Despite the ongoing efforts by the County led by the Chief Environmental Officer, areas like pipeline estate, locals dump refuse outside flats risking public health.",2025,2025-07,2025 Q3
2025-07-25,Fraud & Financial Crimes,Counterfeit Smuggling,1,Unknown,,Unknown,,,Unknown,,Tax evasion,Abuse of office,The Standard Pg 14,Counterfeit smuggling continue to robe the Kenyan government billions of revenue annually and at the same time pose a significant danger to the health of the consumers. The smuggling occurs sometimes with the full knowledge of those who are supposed to surpress it.,2025,2025-07,2025 Q3
2025-07-25,Homicide & Unlawful Killing,Murder,1,Unknown,,Female,,,Unknown,,Unknown,Strangulation,The Standard Pg 14,A nurse complained via her facebook page that some nurses invaded her house and forcibly injected her then took her to the hospital where she died the next day. Postmortem showed that she died of manual strangulations with many questions left unanswered.,2025,2025-07,2025 Q3
2025-07-25,Sexual & Gender-Based Violence,Sexual Violence,1,Bomet,,Female,,,Male,,Sexual exploitation,Unknown,Daily Nation Pg 16,"There has been rising cases of sexual violence in schools where teachers are taking advantage of the students vulnerability and exploiting them by defiling them. In some cases, the victims who try to speak about it are shamed. In other cases, the principal attempted to pay money seeking to settle the atter internally to avoid jail.",2025,2025-07,2025 Q3
2025-07-25,Sexual & Gender-Based Violence,Sexual Violence,1,Kiambu,,Female,,,Male,,Sexual exploitation,Unknown,Daily Nation Pg 16,"There has been rising cases of sexual violence in schools where teachers are taking advantage of the students vulnerability and exploiting them by defiling them. In some cases, the victims who try to speak about it are shamed. In other cases, the principal attempted to pay money seeking to settle the atter internally to avoid jail.",2025,2025-07,2025 Q3
2025-07-26,Homicide & Unlawful Killing,Murder,1,Mombasa,,Male,,,Male,,Kill,Firearm,Daily Nation Pg 11,"Kilifi deputy Governor Kenneth Mwakombo Kamto after enduring repeat threatsand attempts on his life, was ultimately shot dead during a violent home invasion by armed attackers who also terrorized and robbed his family.",2025,2025-07,2025 Q3
2025-07-26,Public Order & Administration of Justice,Disertation From Duty,1,Nakuru,,Unknown,,1.0,Male,,Political retaliation,Unknown,Daily Nation Pg 8,Mugithi singer Samidoh was granted anticipatory bail by the High Court after the National Police Service accused him of deserting duty despite his pending retirement application and prior travel clearance.,2025,2025-07,2025 Q3
2025-07-27,Abduction & Kidnapping,Abduction,1,Unknown,,Male,,,Unknown,,Political intimidation,Unknown,Daily Nation Pg 5,"Kenyan Activist, Mwabili Mwagodi, who has been criticizing the Kenyan government went missing in Tanzania on Wednesday.",2025,2025-07,2025 Q3
2025-07-27,Homicide & Unlawful Killing,Murder,2,Nairobi,,Male,,1.0,Male,,Unknown,Knife,Daily Nation Pg 6,Kennedy Kalombotole is suspected of killing two patients inside their wards in the Kenya National Hospital. Both patients' were found slit and covered with a bloody bedsheet.,2025,2025-07,2025 Q3
2025-07-27,Drugs & Contraband,Firearm Smuggling,1,Baringo,,Unknown,,,Unknown,,Unknown,Firearm,Daily Nation Pg 4,"Interior Cabinet Secretary, Kipchumba Murkomen, has linked the illegal smuggling of firearms and ammunition to security officers deployed in insecurity-prone areas.",2025,2025-07,2025 Q3
2025-07-28,Homicide & Unlawful Killing,Murder,1,Nakuru,,Female,,1.0,Male,,Anger,Machete,The Standard pg 8,A 16 years old boy allegedly hacked his mother to death for failing to tell him his father whereabout.,2025,2025-07,2025 Q3
2025-07-29,Sexual & Gender-Based Violence,Rape,1,Nairobi,,Female,,1.0,Male,,Sexual assault,Knife and shard of broken glass,Daily Nation pg 13,"On 20th July at 2am a bording secondary school watchman is reported to have hid himself behind the girls' toilet next to their domitory and waited to punce on his victim with armed with a knife and a shard of broken glass, after the act and the rest of the school got word, the students went into panic mode resulting to the school being closed indefinately at 4am. The watch man was upreheaded by Police from Shauri Moyo Police station and arrained in court on 25th July",2025,2025-07,2025 Q3
2025-07-29,Corruption & Abuse of Office,Abuse Of Office,1,Nairobi,,Unknown,,,Unknown,,Embezzlement of public funds,Abuse of office,Daily Nation pg 17,"The Auditor-General Nancy Gathungu raises questions over the unlawful tendering and procurement process at Kenya Power on the supply of diesel to their off-grid stations susquently indicating the procured deal by the Management costs double the expected rating, this translating to raised operational costs which are passed on to the consumers and and lead to high power prices.",2025,2025-07,2025 Q3
2025-07-29,Assault & Bodily Harm,Assault,1,Meru,,Male,,4.0,Male,,Kill,Injection,Daily Nation pg 19,"On 27th July, Shadrack Muriira, 18 yrs old from Kilindo-Tigania Central in Meru county was reported to have been assaulted by a male nurse and three men who uprehended him forcely and drove him to their home before leaving him at Miciimikuru Police Station where he regained conciousness after being injected on his scrotum by the abductors who alleged he had stollen Miraa and wanted to terminate the thief. The DCI officers said that the suspects should be charged with causing grievious body harm.",2025,2025-07,2025 Q3
2025-07-29,Public Order & Administration of Justice,Contempt Of Court,1,Mombasa,,Unknown,,1.0,Male,,Evade judgement,Unknown,Daily Nation pg 20,"A senior County Government, Finance and Investment Chief Officer Swaleh Mwalizuma faces an arrest warrant issued on July 24th by Court's Deputy Registrar over failure to compensate Disney Broker's Ltd for services rendered.",2025,2025-07,2025 Q3
2025-07-29,Homicide & Unlawful Killing,Murder,7,Kakamega,,Male,,1.0,Male,,Unknown,Knife,Daily Nation pg 20,Police are on the search for a suspected serial killer in Kakamega town over the death of atleast seven watchmen within the past six weeks with all murders having a similar pattern; nothing stolen but the tongue cut and victims having brain damage from head blows sending shock waves across the region.,2025,2025-07,2025 Q3
2025-07-30,Homicide & Unlawful Killing,Murder,1,Kakamega,,Male,,2.0,Male,,Unknown,Torture,Daily Nation Pg 10,"Two police officers in Kenya have been sentenced to 35 years in prison each for torturing and killing a man named Dennis Lusava while in custody. The incident happened at the Mbururu Police Post in Kakamega County. Lusava was arrested for allegedly not wearing a face mask during the COVID-19 pandemic. The officers, Emmanuel Wafula and Godfrey Sirengo, were found guilty of torturing him to death, denying him medical attention, and dumping his body in River Nzoia to conceal evidence. The ruling was delivered by Justice Reuben Nyakundi at the Eldoret High Court on July 29, 2025. The court found that the prosecution proved beyond reasonable doubt that the two officers murdered Lusava.",2025,2025-07,2025 Q3
2025-07-31,"Robbery, Theft & Burglary",Vandalism And Theft,1,Nakuru,,Unknown,,5.0,Unknown,,Property destruction,Unknown,The Standard pg 9,Five forest officers are arrest for the destruction and theft worthksh. 700000 belonging to Kenya Defence Forces personnel.,2025,2025-07,2025 Q3
2025-07-31,Homicide & Unlawful Killing,Murder,8,Kilifi,,Male and Female,,,Unknown,,Religious manipulation,Religious indoctrination,Daily Nation pg 12,A family of 8 feared dead in Binzaro cult probe in Kilifi county after the difference between the family and leadership of the cult shere they were starved to death.,2025,2025-07,2025 Q3
2025-07-31,Fraud & Financial Crimes,Fraud,102,Unknown,,Male and Female,,,Unknown,,Extortion,Deception,Daily Nation pg 20,"At least 84 complaints have been filed across 15 counties in Kenya against fake recruitment agents who defrauded citizens of over Sh17.3 million by falsely promising overseas jobs, prompting a government task force to investigate and prosecute those responsible.",2025,2025-07,2025 Q3
2025-07-31,Fraud & Financial Crimes,Fraud,13,Kajiado,,Unknown,,,Unknown,,Exploit pastoral communities,Unknown,Daily Nation pg 20,"Residents of Kajiado County have petitioned the County Assembly, alleging that carbon credit brokers are exploiting pastoral communities through opaque, decades-long contracts that lack proper consultation, transparency, and equitable benefit-sharing.",2025,2025-07,2025 Q3
2025-07-31,Sexual & Gender-Based Violence,Rape,1,Nairobi,,Female,,2.0,Male,,Sexual assault,Unknown,The Standard pg 9,A Congolese registered as a refugee in Kenya was rape sexually assaulted by police officer and a civillian at Nairobi Central Police Station after providing her identifications which has already expired.,2025,2025-07,2025 Q3
2025-08-01,Organized Crime & Terrorism,Banditry,1,Turkana,,Male,,,Unknown,,Cattle rustling,Firearm,The Standard Pg 3,"Armed bandits from West Pokot County attacked Loyapat village in Turkana South, injuring a herdsman and stealing 300 goats during a violent raid.",2025,2025-08,2025 Q3
2025-08-01,Drugs & Contraband,Drug Trafficking,1,Nakuru,,Unknown,,2.0,Male,,Drug trafficking,Van,The Standard Pg 3,"Police arrested two suspects and seized bhang worth over Sh13 million during a sting operation on the Nairobi-Nakuru highway, targeting narcotics trafficking near Naivasha.",2025,2025-08,2025 Q3
2025-08-01,Homicide & Unlawful Killing,Murder,1,Migori,,Male,,,Unknown,,Unknown,Blunt Object,The Standard Pg 3,"Police in Migori are investigating the killing of a businessman at his shop in Nyabohanse, Kuria West Sub County. The trader was attacked by the assults who struck him with a blunt object before fleeing on a motorcycle. ",2025,2025-08,2025 Q3
2025-08-01,Homicide & Unlawful Killing,Abduction And Murder,3,Nairobi,,Male,,15.0,Unknown,,Political intimidation,Unknown,The Standard Pg 5,"Fifteen Kenyan security officers have been charged with the abduction, enforced disappearance, and murder of two Indian IT experts and their Kenyan driver, last seen near Ole Sereni Hotel in Nairobi on July 22-23, 2022, in a suspected extra-judicial state operation.",2025,2025-08,2025 Q3
2025-08-01,Corruption & Abuse of Office,Corruption,1,Nairobi,,Unknown,,5.0,Male and Female,,Financial gain,Abuse of office,The Standard Pg 12,"Former senior officials and businessmen are accused of orchestrating a Sh3.5 billion procurement fraud that diverted government funds through irregular contracts and intermediaries, harming the public purse.",2025,2025-08,2025 Q3
2025-08-01,Sexual & Gender-Based Violence,Defilement,1,Kericho,,Female,,1.0,Male,,Sexual assault,Unknown,The Standard Pg 5,"Vincent Korir, a school driver in Kericho County, Kenya, was sentenced to life imprisonment after being convicted of defiling a 6-year-old pupil, following an appeal that reduced his original 25-year sentence.",2025,2025-08,2025 Q3
2025-08-02,Homicide & Unlawful Killing,Murder,1,Bomet,,Male,,,Male,,Unknown,Knife,The Standard Pg 6,"Police are searching for a 27-year-old man suspected of fatally stabbing another man in Bomet County. County Police Commander Edward Imbwaga said Peter Cheruiyot, 52, was found dead in Stoo village in Kimuchul, Bomet East Sub-county. Imbwaga said the police recovered the body, and found a knife believed to have been used by the assailant.",2025,2025-08,2025 Q3
2025-08-02,Homicide & Unlawful Killing,Murder,1,Nakuru,,Female,,1.0,Female,,Unknown,Scarf,Daily Nation pg 12,"Ms Regina Wanjiru attended church as usual with her two children – Margaret Wanjiru, 3, and Isaac Mwangi, 7. She left them in the Sunday school class and proceeded to the main service. But after the service ended at 1pm, she came out to find only one child. CCtv footage retrieved told a horrifying story. Around noon, a teenager in a red trench coat and grey trousers was captured leaving through the church gate. Behind her was a young girl, wearing a scarf around her neck. About 50 metres from the entrance – after ensuring no one was watching – the teenager was seen strangling the toddler using her scarf before leaving the child lying unresponsive on the road and returning to the church.",2025,2025-08,2025 Q3
2025-08-02,Sexual & Gender-Based Violence,Defilement,1,Kilifi,,Female,,1.0,Male,,Sexual assault,Unknown,The Standard Pg 4,"A man has been sentenced to 30 years in prison for defiling and impregnating a minor in Kilifi County. Nathaniel Ndegwa was found guilty of defiling a 15-year-old on August 23, 2021, by the Kilifi Law Court. The court heard that the accused person committed the offense at Chumani area. However, after being released on bond, he intentionally and unlawfully ran away with the victim to Chakama area, where they lived as hus-band and wife until she gave birth.",2025,2025-08,2025 Q3
2025-08-04,Corruption & Abuse of Office,Corruption,1,Unknown,,Unknown,,,Unknown,,Embezzlement of public funds,Forged documents,Daily Nation pg 10,Public funds amounting to sh. 3.7 billion were directed to non existent school. The misappropriation involves falsifying school enrollment data and diverting capitation and infrastracture funds meant to fund real schools and learners,2025,2025-08,2025 Q3
2025-08-04,Other Offences,Illegal Deportation,1,Nairobi,,Male,,,Unknown,,State security mandates,Abuse of office,Daily Nation pg 3,"Kenyan immigration authorities are involved in illegal deportation practices. Individuals both Kenyans and foreigners have been detained and deported without being served formal deportation orders, denied the right to appeal or given the reasons for their deportation. Such cases reflects state excesses in immigration enforcement in Kenya",2025,2025-08,2025 Q3
2025-08-05,Drugs & Contraband,Drug Trafficking,1,Kwale,,Unknown,,1.0,Male,,Drug trafficking and money laundering,Lab equipments and chemicals,Daily Nation pg 12,"Costal region County Commander Ali Nuno, the Anti-Narcotic Unit, and Interpol are on the investigative efforts to crack down a possible drug network in Mwabungo area - Kwale county following a tip off from the residents, anti-narcotic unit found signs of drug manufacturing evidenced by lab equipments and chemicals, The police managed to uprehend 2 individuals; a Kenyan (Moses Nanoka) and Italian (Gianardi Guilio) counterpart.",2025,2025-08,2025 Q3
2025-08-05,Fraud & Financial Crimes,Forgery,1,Nairobi,,Male,,1.0,Male,,Financial gain,Forged documents,Daily Nation pg 14,"Reports of fraudulent land dealings following forgery of title deeds by Mr. Abdorahman who had sold the land to Midland Investment Limited, the land originally belonging and evidenced to Pansiba and its director, Parminder Singh Sethi. The director DPP Renson Ingonga is now on the spot over the case of the land situated in Kya-Ng'ombe -Embakasi valued at sh. 300M as the perpetrator pleads for case withdrawal vs the victim who's lawyer plea for Justice to prevail in the matter.",2025,2025-08,2025 Q3
2025-08-05,Homicide & Unlawful Killing,Murder,2,Kitui,,Female,,1.0,Male,,Unknown,Firearm,Daily Nation pg 12,"Reports of the murder of Joy Mutisya and her friend on sunday night in Kanyonyoo market - Kitui county by her boyfriend a police officer who is still at large after calling in to report the incidence before escaping towards Matuu, The Lower Yatta Sub-County OCS reported they are on a manhunt as motives behind the murders is still unclear.",2025,2025-08,2025 Q3
2025-08-05,Drugs & Contraband,Drug Trafficking,1,Kwale,,Unknown,,1.0,Male,,Drug trafficking and money laundering,Lab equipments and chemicals,Daily Nation pg 12,"Costal region County Commander Ali Nuno, the Anti-Narcotic Unit, and Interpol are on the investigative efforts to crack down a possible drug network in Mwabungo area - Kwale county following a tip off from the residents, anti-narcotic unit found signs of drug manufacturing evidenced by lab equipments and chemicals, The police managed to uprehend 2 individuals; a Kenyan (Moses Nanoka) and Italian (Gianardi Guilio) counterpart.",2025,2025-08,2025 Q3
2025-08-06,Corruption & Abuse of Office,Corruption,1,Nairobi,,Unknown,,,Unknown,,Embezzlement of public funds,E-Citizen,Daily Nation Pg 17,"The Auditor-General’s report exposes massive financial irregularities and strategic risks in Kenya’s e-Citizen platform, revealing at least Sh10 billion in lost public funds, Sh2.6 billion in overcharges to citizens, and serious concerns over private vendor control, weak oversight, and lack of legal safeguards.",2025,2025-08,2025 Q3
2025-08-07,Homicide & Unlawful Killing,Murder,1,Embu,,Male,,1.0,Male,,Self-Defence,Firearm,Daily Nation Pg 15,"Swaleh Abdallah Njiru, popularly known as Oswando, who was shot dead on Tuesday while attempting to escape from a prison van, had been on the police radar of years. He met his end moments after leaving the Siakago Law Courts in Embu County. The 38-year-old, who was feared in Embu and Nairobi counties, left behind a trail of violence and destruction.",2025,2025-08,2025 Q3
2025-08-07,Fraud & Financial Crimes,Forgery,1,Kwale,,Male,,1.0,Male,,Land resource gain,Forged documents,Daily Nation Pg 8,"Former judge Said Juma Chitembwe is accused of presenting forged court documents to fraudulently claim ownership of a 20-acre beachfront land in Kwale County on behalf of his client, in a case where Gideon Moi, the former landowner, denies any involvement.",2025,2025-08,2025 Q3
2025-08-07,Fraud & Financial Crimes,Forgery,5,Nairobi,,Male and Female,,1.0,Male,,Greed,Forged documents,Daily Nation Pg 15,"Lawyer Guy Spencer Elms faced arrest for allegedly forging a Will and Power of Attorney to unlawfully control the estate of the late British-Kenyan Roger Bryan Robson, but the High Court later upheld the Will’s validity and dismissed forgery claims.",2025,2025-08,2025 Q3
2025-08-07,Assault & Bodily Harm,Assault,3,Embu,,Male,,1.0,Male,,Attempted escape,Pepper spray,Daily Nation Pg 15,"Oswando sprayed pepper into the eyes of prison warders when he was trying to escape then he jumped from a moving prison van and fled. One officer, who was not badly affected by the pepper spray, gave chase. Oswando is reported to have ran through Gatondo village and entered into a building that was under construction. He reportedly grabbed a panga and threatened the officer.",2025,2025-08,2025 Q3
2025-08-07,Drugs & Contraband,Smuggling,1,Multiple Counties,,Unknown,,,Unknown,,Unknown,Abuse of office,Daily Nation Pg 17,"The struggling sugar industry in Kenya faces intensified threats from rampant smuggling of cheap, illegal sugar along the coast, undermining local farmers, jeopardising consumer safety, and complicating efforts to revive the sector through privatisation and modernisation.",2025,2025-08,2025 Q3
2025-08-08,Human Trafficking & Smuggling,Human Trafficking,59,Turkana,,Unknown,,,Unknown,,Human exploitation,Unknown,Daily Nation Pg 24,"Amid a surge in human trafficking cases, locals have formed vigilante groups to take on smuggling syndicates along the porous Kenya–Ethiopia border. Public service vehicles suspected of ferrying trafficked individuals are being stopped and searched at impromptu roadblocks erected by local vigilantes. After a search, we discovered 59 passengers all refugees from Kakuma travelling to Nairobi without valid documentation.",2025,2025-08,2025 Q3
2025-08-08,Fraud & Financial Crimes,Embezzlement Of Public Funds,1,Busia,,Unknown,,6.0,Unknown,,Greed,Abuse of office,Daily Nation Pg 23,"The Ethics and Anti-Corruption Commission (EACC) has arrested six senior county officials over the alleged embezzlement of Sh1.4 billion through irregular procurement. Detectives also carried out extensive searches at the suspects’ homes and offices as part of investigations into procurement irregularities, conflict of interest, unexplained wealth accumulation, and the embezzlement of public funds totalling Sh1.4 billion.",2025,2025-08,2025 Q3
2025-08-08,Homicide & Unlawful Killing,Murder,1,Kisumu,,Male,,,Unknown,,Vengeance,Fire,Daily Nation Pg 23,"An angry mob attacked and killed suspected serial killer Charles Onyango Odhiambo, alias ‘Kwa’, after grabbing him from police custody. The suspect had been arrested, linked to multiple murders of women and girls, was then detained at Yala Police Station. While taking detectives to identify his accomplices, he was intercepted by the mob and lynched.",2025,2025-08,2025 Q3
2025-08-08,Homicide & Unlawful Killing,Murder,1,Nairobi,,Male,,4.0,Male,,Control over Transportation,Unknown,Daily Nation Pg 24,"Four touts from Obamana Link Ltd were arraigned at the Milimani Law Courts over the alleged murder of Dickson Otieno Ombaka,a rival tout from Obamana Sacco during a turf war along Temple Road.",2025,2025-08,2025 Q3
2025-08-08,Homicide & Unlawful Killing,Murder,1,Kakamega,,Male,,,Unknown,,Vengeance,Fire,Daily Nation Pg 23,"Emulwala village in Khwisero is reeling from a double tragedy after Lincoln Topi, 39, killed his father, Milton Abednego, 70, for confronting him over stolen sukuma wiki. Villagers dragged Topi from his house and lynched him.",2025,2025-08,2025 Q3
2025-08-08,Homicide & Unlawful Killing,Murder,1,Kakamega,,Male,,1.0,Male,,Confrontation,Machete,Daily Nation Pg 23,"Lincoln Topi, 39, killed his father, Milton Abednego, 70, for confronting him over stolen sukuma wiki. Witnesses said Topi became violent and turned a machete on his father, who died from excessive bleeding. Villagers later dragged Topi from his house and lynched him.",2025,2025-08,2025 Q3
2025-08-08,Homicide & Unlawful Killing,Murder,6,Kisumu,,Female,,1.0,Male,,Unknown,Unknown,Daily Nation Pg 23,"A suspected serial killer Charles Onyango Odhiambo, alias ‘Kwa’, Odhiambo, linked to multiple murders of women and girls, was then detained at Yala Police Station. Police say Odhiambo was involved in at least five killings, including that of Elizabeth Atieno, 15.",2025,2025-08,2025 Q3
2025-08-09,Homicide & Unlawful Killing,Murder,1,Nakuru,,Male,,1.0,Male,,Vengeance,Slasher,The Standard Pg 3,Cyrus Rono killed Moody Mukutsa after he found him having an affair with his wife .He stabbed him 30 times using a slasher and now he has been found guilty.,2025,2025-08,2025 Q3
2025-08-12,Sexual & Gender-Based Violence,Sexual Exploitation,1,Nakuru,,Female,,,Unknown,,Financial gain,Unknown,The Standard pg 23,"Following a documentary published by BBC on sexual exploitation of teenage girls between the age of 13-16 years with hotspots being truck stop centres in the expose featuring Mai Mahiu, where undercover journalist revealed some of the cycle, turmoil, torture, psychological and physical hurt the teenage girls go through, targetted from poor backgrounds they get exploited under the coordination of adult women who organize for their sex trade and offer them pennies. The expose was shared to the gov't amid March but no response, mentions or outcry leaving the Nation bitter and puzzled.",2025,2025-08,2025 Q3
2025-08-12,Homicide & Unlawful Killing,Murder,1,Kakamega,,Male,,,Unknown,,Unknown,Rope,The Standard pg 10,"Reports of the death of a man Raymond Nachibati 33, on Saturday evening in Navakholo Constituency - Kakamega following his arrest on Saturday morning after confronting and fighting his wife, and wife's brother who were later released. The family of the deceased refuse Police's claim on suicide with a rope, while questioning the availing of the rope inside cells.  ",2025,2025-08,2025 Q3
2025-08-12,Fraud & Financial Crimes,Fraud,5,Kiambu,,Male and Female,,1.0,Male,,Land resource gain,Forged documents,Daily Nation pg 14,"The EACC was reported to secure court orders stopping several individuals from selling or transfering parcels of land in Limuru and  Kamirithu, Kiambu County. The commission stated that alientation and registration of land to private individuals was fraudulent and illegal. The move came after some of the claimaints wrote to National Land Commission (NLC) seeking sh.6.7B for plots of land in the said areas. Investigations revealed land was alienated government property hosting gov't offices in Ministry of Agriculture, Labour, Social protection, and Education while also some belonged to individuals;  Hannah Waithera Njenga, David Kibiru Gathonga, Dominic Gichina Waiganjo, Late Kiambu Politician Kuria Kanyingi.",2025,2025-08,2025 Q3
2025-08-13,Corruption & Abuse of Office,Corruption,12,Tana River,,Male and Female,,,Unknown,,Extortion,Abuse of office,Daily Nation Pg 12,"A bakery operated by former prisoners in Hola, Tana River County, Kenya, has been severely crippled by police extortion. According to the bakery owners, rogue officers from the Hola Police Station have been demanding daily bribes of about Sh2,000, which is more than 70% of the bakery’s profit. The officers have also threatened the bakers with arrest on fabricated charges if they refuse to pay. Recently, the officers escalated their demands by taking all the daily earnings, leaving the bakery unable to buy essential supplies like flour and sugar.",2025,2025-08,2025 Q3
2025-08-13,Drugs & Contraband,Drug Trafficking,1,Nairobi,,Unknown,,1.0,Female,,Drug trafficking,Unknown,The Standard Pg 8,A Ugandan woman named Hellen Ikareut is facing drug trafficking charges after being extradited to Kenya. Her arrest followed a cross border manhunt before she was extradited to Kenya from Uganda. She was accused of masterminding a high stakes cannabis trafficking plot and she was arraigned before Jomo Kenyatta International Airport Law Courts for trafficking narcotic drugs.,2025,2025-08,2025 Q3
2025-08-14,Homicide & Unlawful Killing,Murder,2,Multiple Counties,,Male,,,Unknown,,Excessive force,Abuse of office,Daily Nation Pg 17,Two suspicious deaths in police custody in Murang’a and Kakamega counties have sparked calls for independent investigations amid allegations of police misconduct and disputed causes of death.,2025,2025-08,2025 Q3
2025-08-14,Homicide & Unlawful Killing,Manslaughter,1,Nairobi,,Unknown,,,Unknown,,Doctors Neglegence,Unknown,Daily Nation Pg 3,The baby died due to Pumwani Hospital’s delayed medical intervention and failure to provide urgent care during LL’s labor.,2025,2025-08,2025 Q3
2025-08-14,Assault & Bodily Harm,Assault,1,Nairobi,,Female,,,Unknown,,Doctors Neglegence,Unknown,Daily Nation Pg 3,"Pumwani Maternity Hospital was ordered to pay Sh7.5 million for negligence during LL’s labor in 2019, which caused her baby’s death, the unwarranted removal of her uterus, and a violation of her constitutional rights to health and dignity.",2025,2025-08,2025 Q3
2025-08-14,Homicide & Unlawful Killing,Extra-Judicial Killing,6,Murang'a,,Unknown,,,Unknown,,Protection of private property,Firearm,The Standerd Pg 7,"A government-led security operation at Del Monte's Murang’a pineapple plantation is under fire for alleged extra judicial killings, including the deaths of Michael Murigi reportedly run over by a patrol vehicle and Stephen Marubu allegedly shot while walking home amid ongoing efforts to curb gang-related pineapple theft and reform security, following earlier reports of four bodies found in River Chania after clashes with guards.",2025,2025-08,2025 Q3
2025-08-14,"Robbery, Theft & Burglary",Theft,1,Nairobi,,Male,,1.0,Male,,Financial gain,Unknown,Daily Nation Pg 12,"Businessman Albert Njuguna has sued his former lawyer, Martin Gitonga, and his firm for allegedly withholding Sh51 million from a land sale for over two years despite a signed settlement agreement and personal guarantee to remit the funds.",2025,2025-08,2025 Q3
2025-08-15,Homicide & Unlawful Killing,Murder,2,Embu,,Female,,,Unknown,,Unknown,Unknown,Daily Nation Pg 22,"Two decomposing bodies of women were found in a stream in Matakari, Embu County. The women were found by locals who had gone to fetch water from the stream. A police officer said the women, who remain unidentified, may have been killed elsewhere and their bodies thrown into the stream since the area residents had no idea who the women or their relatives are. ",2025,2025-08,2025 Q3
2025-08-15,Homicide & Unlawful Killing,Defilement And Murder,1,Nyandarua,,Female,,,Male,,Sexual assault,Unknown,The Standard Pg 12,"A 13-year-old was defiled and murdered in Mugumo village, Ol Kalou. Maureen Wanjiku had been sent to a shop to buy sugar but never returned home, according to County Police Commander Stella Cherono. Her father, James Thiong'o, said he had gone to visit his wife at the JM Memorial Hospital, and on returning home, he was informed that Wanjiku was missing.",2025,2025-08,2025 Q3
2025-08-16,Abduction & Kidnapping,Abduction,1,Uasin Gishu,,Male,,8.0,Male,,Political intimidation,Gun and Vehicle,Daily Nation Pg 11,Mr Chesir a 52 yr old man was abducted by 8 armed men suspected to be government security agents along kaptagat- eldoret highway after he was intercepted by two double cabin pickups on his way to seeing his sick father at a hospital in eldoret city.,2025,2025-08,2025 Q3
2025-08-17,Fraud & Financial Crimes,Embezzlement Of Public Funds,1,Multiple Counties,,Male and Female,,,Unknown,,Greed,Abuse of office,The Standard Pg 6,"An audit revealed that MPs failed to account for Sh4.1 billion of NGCDF bursary funds during the 2023 2024 financial year. In 125 constituencies, MPs could not produce necessary documentation such as school receipts, admission details, or vetting committee records to justify bursary disbursements to and on behalf of needy students. This deficit casts doubt on the legitimacy and transparency of fund utilization, potentially excluding deserving students and compromising public trust in constituency level education support programs.",2025,2025-08,2025 Q3
2025-08-17,Corruption & Abuse of Office,Corruption,1,Kericho,,Unknown,,1.0,Male,,Greed,Abuse of office,Daily Nation Pg 7,"Kericho Governor Erick Mutai was impeached for the second time in ten months over allegations of abuse of office, misuse of Sh85.7 million through irregular payments, nepotism, and political bullying. The motion, sponsored by Sigowet MCA Kiprotich Rogony, was passed by 33 MCAs amid deep divisions between Mutai, Deputy Governor Fred Kirui, and County Assembly Speaker Patrick Mutai. The impeachment proceedings turned chaotic, leading to violent clashes in which MCA Alfred Kirui was injured. While Mutai denies wrongdoing, he is accused of violating procurement and finance laws, making illegal appointments, and dishonoring the governor’s office.",2025,2025-08,2025 Q3
2025-08-17,Corruption & Abuse of Office,Corruption,1,Unknown,,Unknown,,6.0,Male,,Financial gain,Abuse of office,Daily Nation Pg 6,"The Ethics and Anti-Corruption Commission has filed a court case seeking to recover Sh220.4 million from five former sports officials and the French firm Gregori International. The dispute involves a Sh1.2 billion contract for upgrading stadiums and training facilities for Kenya’s failed bid to host the 2018 African Nations Championship. Investigations found breaches of procurement laws, including unauthorized direct procurement, lack of tender documentation and oversight, and unsupported payments. The High Court has halted any further payments to the contractor pending determination of the case.",2025,2025-08,2025 Q3
2025-08-17,Corruption & Abuse of Office,Corruption,1,Unknown,,Unknown,,,Unknown,,Greed,Abuse of office,Daily Nation Pg 4,Members of Parliament are accepting bribes in exchange for manipulating legislative outcomes. Either by advancing bills or enabling protection for individuals facing legal scrutiny. This abuse of power compromises the integrity of lawmaking and undermines public trust in democratic institutions,2025,2025-08,2025 Q3
2025-08-18,Land & Eviction Offences,Land Grabbing,1,Homa Bay,,Unknown,,,Unknown,,Land resource gain,Tractor,The standard pg 10,Community members protested peacefully after discovering that a church land has been ploughed and fenced by unidentified individuals. The land is used by the school and community including over 500 pupils and local football team. The incident was reported to Oyugis police station and church leaders condemned the act and called for protection of the land.,2025,2025-08,2025 Q3
2025-08-19,Fraud & Financial Crimes,Fraud,1,Kericho,,Male and Female,,1.0,Male,,Financial gain,Unknown,"The Standard pg 8, 19",Kericho County Governor Erick Mutai faces a commitee of senate in the second attempt of his impeachment by MCAs following alledged sh. 85M procurement/ tender fraud case from the last financial year.,2025,2025-08,2025 Q3
2025-08-19,Homicide & Unlawful Killing,Murder,1,Siaya,,Male,,1.0,Unknown,,Mistaken identity,Firearm,The Standard pg 6,"Felix Olweru, an ex-Assembly clerk was shot dead within his premises of the White House Resort bar in Siaya county after a distressful call to Kombewa police station by the bar's manager who reported break in, after the police arrived in the premises and shown the possible route of escape they bumped to a group carrying crude wapons who were the bar owner and supporters timing the thieves too, there after a confrontation broke out in confusion and the owner got shot dead, the Kisumu County Commissioner Benson Leparmorijo reported stating the motives was to uprehend the criminals when the unfortunate incident took place. The matter is under investigation.",2025,2025-08,2025 Q3
2025-08-19,Fraud & Financial Crimes,Fraud,1,Busia,,Male and Female,,7.0,Male and Female,,Financial gain,Impersonation,The Standard pg 19,"Reports in Busia County of Exploitation of Vulnerable Persons: Targeting widows and grieving families for financial gain, A cartel Misrepresenting themselves as a legitimate court official to solicit money, 6 Men and a Female, imposing fake bonds and assuring quick judicial processes, still at large.",2025,2025-08,2025 Q3
2025-08-19,Corruption & Abuse of Office,Corruption,1,Nairobi,,Unknown,,,Unknown,,Greed,Abuse of office,The Standard pg 5,"Nancy Gathungu, The Auditor-General reported abuse of office at the Geothermal Development Company where procured a software system but failed to implement or adapt to it, leading to waste of public funds. GDC appointed senior personnel without publicly advertising the positions or ensuring candidates met the required qualifications, the incidents raising serious legal and ethical issues.",2025,2025-08,2025 Q3
2025-08-20,Public Order & Administration of Justice,Defamation,1,Kitui,,Unknown,,1.0,Male,,Defamation,Social Media platforms,The Standard Pg 4,A blogger named Kitovoto Mutinda was charged in a Nairobi court for publishing false information targeting Mwingi Central MP Gideon Mulyungi and the Kitui County Assembly. The charges involve spreading false and misleading information on social media platforms. The allegations included implicating the MP in a multi-million shilling tender scandal. Mutinda pleaded not guilty to six counts of publishing false information.,2025,2025-08,2025 Q3
2025-08-21,Homicide & Unlawful Killing,Attempted Murder,1,Kisumu,,Male,,1.0,Female,,Marital issue,Hot cooking oil,Daily Nation Pg 21,"Dorothy Awuor allegedly attempted to murder her husband, Asman Enoch, by scalding him with hot cooking oil mixed with salt while he slept, leaving him critically injured with burns over 74% of his body.",2025,2025-08,2025 Q3
2025-08-21,Homicide & Unlawful Killing,Murder And Arson,1,Nakuru,,Female,,1.0,Male,,Vengeance,Fire and Knife,Daily Nation Pg 22,"After being rejected by his lover’s family, John Mwangi murdered Mercy Njeri by slitting her throat and setting her on fire in his house in Lusiru, Njoro, driven by spite and vengeance, and was later convicted through circumstantial evidence.",2025,2025-08,2025 Q3
2025-08-21,"Robbery, Theft & Burglary",Theft,1,Mombasa,,Unknown,,,Unknown,,Extortion,Abuse of office,Daily Nation Pg 22,"Top government and county officials in Mombasa illegally diverted public water through unauthorized connections to resell it at high prices, worsening the water crisis and depriving residents of essential services.",2025,2025-08,2025 Q3
2025-08-21,Homicide & Unlawful Killing,Extra-Judicial Killing,1,Siaya,,Male,,4.0,Male,,Torture,Abuse of office,The Standard Pg 14,Bondo court begins to inquest the death of Vitalis Okinda after allegedly being tortured in police custody.,2025,2025-08,2025 Q3
2025-08-21,Homicide & Unlawful Killing,Infanticide,1,Nakuru,,Unknown,,1.0,Female,,Hardship,Pit latrine,Daily Nation Pg 21,"A 33-year-old woman, Mercy Chepkurui, allegedly gave birth in secret and discarded her newborn into a pit latrine in Molo, Kenya, where the body was later discovered, leading to her arrest and pending charges of murder.",2025,2025-08,2025 Q3
2025-08-21,Sexual & Gender-Based Violence,Child Abuse,1,Nakuru,,Female,,2.0,Male and Female,,Punishment,Unknown,Daily Nation Pg 21,"A nine-year-old girl in Chepkinoyo was brutally assaulted by her mother and stepfather who stripped, tied, and beat her for returning late from church resulting in serious injuries and police intervention.",2025,2025-08,2025 Q3
2025-08-21,Fraud & Financial Crimes,Fraud,1,Nairobi,,Male and Female,,,Unknown,,Financial gain,Forged documents,Daily Nation Pg 10,"A fraudulent Sh443.6 million tender for an oxygen plant at Kenyatta National Hospital awarded to Biomax Africa Ltd using forged documents and enabled by procurement lapses involving top Health Ministry and KNH officials has led to a major corruption probe, suspensions, and asset freezes amid ongoing EACC investigations.",2025,2025-08,2025 Q3
2025-08-21,Homicide & Unlawful Killing,Manslaughter,1,Kiambu,,Unknown,,3.0,Unknown,,Negligence,Abuse of office,Daily Nation Pg 13,"An 11-month-old baby died at Igegania Hospital after a delayed ambulance referral allegedly caused by Kiambu County Health CEC Dr Elias Maina’s failure to authorize urgent transfer, prompting calls for criminal investigation over administrative negligence.",2025,2025-08,2025 Q3
2025-08-21,Fraud & Financial Crimes,Fraud,1,Unknown,,Male,,1.0,Male,,Financial gain,Identity theft,Daily Nation Pg 2,"James Kariuki, a Kenyan man seeking work in Dubai, became the victim of identity theft by a fake recruiter who used his documents to commit electronic fraud worth AED 1.18 million, leading to Kariuki's wrongful imprisonment in the UAE.",2025,2025-08,2025 Q3
2025-08-22,Sexual & Gender-Based Violence,Sexual Harassment,1,Kiambu,,Female,,2.0,Male,,Sexual assault,Unknown,The Standard Pg 3,The Loreto girls high school has placed two teachers on a disciplinary hearing after accusations and confessions by several victims who are students and former students decrying sexual harassment by the teachers who would seclude them and indecently touch the sudents.,2025,2025-08,2025 Q3
2025-08-22,Homicide & Unlawful Killing,Murder,1,Nakuru,,Female,,,Unknown,,Sexual assault,Unknown,Daily Nation Pg 26,"Mercy Wambui  left her home to see her twomonth-old granddaughter in Free Area, Nakuru County. After spending a few days, she was escorted by her daugter who ensured she boarded a matatu to Nakuru. At around 8pm, she had not got a vehicle but assured her daughter not to worry. Her phone went off which raised suspicion leading to her search. Her body was recovered in a river 2kms away from her house in Piave, Njoro Sub-County. A post-mortem at Egerton University mortuary showed Wambui was strangled, had a blood clot in the head, broken ribs, a stab wound to the face and she had also been sexually assaulted.",2025,2025-08,2025 Q3
2025-08-22,Fraud & Financial Crimes,Insurance Fraud,1,Homa Bay,,Unknown,,,Unknown,,Financial gain,Forged documents,Daily Nation Pg 9,"Nyandiwa Health Centre in West Kamagak Ward, Homa Bay county seized to operate 10 years way back before the transition from NHIF to SHA. However, the Social Health Authority (SHA) wired Sh20 million to this “hospital” this month. On paper, Nyandiwa Health Centre treated patients and submitted claims to the authority for reimbursement. ",2025,2025-08,2025 Q3
2025-08-22,Assault & Bodily Harm,Assault,1,Nairobi,,Male,,,Unknown,,Political intimidation,Stones,Daily Nation Pg 4,"Mr. Gachangua who had jetted back to the country was in a convoy with hundreds of supporters on their way to the kamukunji grounds where he was expected to address his supporters when he was attacked by goons who had barricaded the road at the cabanas junction damaging several vehicles. The media personnel who were covering the event were not spared. One Royal Media Services photojournalist Wilberforce Ogunga was struck on the head with a stone. Badly injured, he was rushed to Mater Hospital for medical attention.",2025,2025-08,2025 Q3
2025-08-22,"Robbery, Theft & Burglary",Robbery With Violence,1,Nairobi,,Male and Female,,,Unknown,,Political intimidation,Stones and knife,The Standard Pg 7,"After the former deputy president jetted back, his supportes went to the airport to welcom him back into the country. Journalists who were covering his procession together with his convoy were attacked by armed goons who damaged vehicles and robbed the journalists. They threatened them with knives and stones.",2025,2025-08,2025 Q3
2025-08-22,Property Destruction & Arson,Malicious Damage Of Property,1,Nairobi,,Unknown,,,Unknown,,Political intimidation,Stones,Daily Nation Pg 4,Mr. Gachangua who had jetted back to the country was in a convoy with hundreds of supporters on their way to the kamukunji grounds where he was expected to address his supporters when he was attacked by goons who had barricaded the road at the cabanas junction damaging several vehicles.,2025,2025-08,2025 Q3
2025-08-23,Homicide & Unlawful Killing,Murder,1,Baringo,,Male,,1.0,Female,,Debt collection,Unknown,The Standard Pg 3,"A 60 years old woma,Everlin Kabon is sentensed to 10 years for the murder of Solomon Cherogony over the unpaid changaa bill.",2025,2025-08,2025 Q3
2025-08-23,Homicide & Unlawful Killing,Murder,4,Kilifi,,Unknown,,,Unknown,,Religious manipulation,Religious indoctrination,The Standard Pg 9,Four more bodies were exhumed at kwa binzaro village near shakahola forest in kilifi county.,2025,2025-08,2025 Q3
2025-08-24,Homicide & Unlawful Killing,Murder,1,Vihiga,,Male,,1.0,Male,,Unknown,Firearm,The Standard Pg 3,"Constable Nicholas Samoei was allegedly shot dead by his colleague Esirabe, Luanda Subcounty after an altercation as they were guarding a government subsidized fertilizer depot.",2025,2025-08,2025 Q3
2025-08-24,Homicide & Unlawful Killing,Murder,4,Nyamira,,Male and Female,,,Unknown,,Unknown,Fire,The Standard Pg 3,"Four family members in Nyamira County were tied up using electricity cables then burnt to death in their home. One family member and a teenage were able to escape from the hands of the attackers and went to alert the neighbors. However, by the time the neighbors had arrived, the house had crumbled under the fierce fire.",2025,2025-08,2025 Q3
2025-08-24,Homicide & Unlawful Killing,Murder And Radicalization,27,Kilifi,,Unknown,,2.0,Male and Female,,Religious manipulation,Religious indoctrination,The Standard Pg 4,"The Shakahola cult killings continued even after Paul Mackenzie’s arrest, revealing major security failures as new graves kept appearing. Survivors reported brutal punishments for dissent, including beatings and sexual violence. Investigations have also linked Sharleen Temba to the crimes, with authorities naming her among key suspects tied to murder, radicalization, and land connected to fresh burial sites.",2025,2025-08,2025 Q3
2025-08-24,Other Offences,Negligence,1,Unknown,,Female,,,Unknown,,Procedural Rigidity,Institutional barriers,The Standard Pg 10,"The article exposes the crucial gap in Kenya’s Social Health Authority (SHA) rollout, wherein teenage mothers—despite being entitled to a dedicated health insurance package—are falling through due to complexity and institutional indifference. Many young mothers face home deliveries, late hospital presentations, and potentially fatal maternal complications. The article argues that systems designed to support vulnerable demographics are undercut by high premiums, lack of installments, poor implementation at lower levels, and low awareness, thereby leaving teenage mothers stranded—structurally, if not criminally.",2025,2025-08,2025 Q3
2025-08-24,Corruption & Abuse of Office,Abuse Of Office And Obstruction Of Justice,1,Nairobi,,Unknown,,1.0,Male,,Obstruction of Justice,Abuse of office,The Standard Pg 8,"The Standard article portrays the DPP as the main perpetrator of institutional corruption in Kenya. While the Ethics and Anti-Corruption Commission forwarded 82 high-profile graft files implicating governors, MPs, former cabinet secretaries, and senior corporate officials, the DPP has failed to prosecute. Instead, the ODPP is accused of deliberately delaying prosecutions, returning files on weak grounds, and withdrawing cases, effectively enabling corruption suspects to walk free. In 2025, only one governor’s case proceeded, while many others stalled. This failure of the DPP’s office has made the Kenyan public lose faith in the criminal justice system. By protecting elites and obstructing justice, the DPP emerges as a central perpetrator sustaining Kenya’s corruption crisis.",2025,2025-08,2025 Q3
2025-08-25,Fraud & Financial Crimes,Fraud,1000,Multiple Counties,,Unknown,,16.0,Unknown,,Embezzlement of public funds,Forged documents,The Standard Pg 2,"The Social Health Authority (SHA) fraud case involves widespread fraudulent claims by over 1000 health facilities across Kenya, using fake patient records and inflated billing to illegally siphon public health funds, threatening the sustainability of Kenya’s universal health coverage, with ongoing government crackdown and legal action to recover lost funds and prosecute offenders.",2025,2025-08,2025 Q3
2025-08-26,Homicide & Unlawful Killing,Murder,1,West Pokot,,Male,,,Male,,Cattle rustling,Firearm,The Standard pg 18,"In Rumos, North Pokot Sub-County, a 13-year-old named Kisang Lonyakaa was shot dead by suspected bandits while herding cattle. Another boy, Mangoot Pusiecho, 14, was seriously injured during the same ambush.",2025,2025-08,2025 Q3
2025-08-26,Assault & Bodily Harm,Assault,1,West Pokot,,Male,,,Male,,Cattle rustling,Firearm,The Standard pg 18,"In Rumos, North Pokot Sub-County, a 13-year-old named Kisang Lonyakaa was shot dead by suspected bandits while herding cattle. Another boy, Mangoot Pusiecho, 14, was seriously injured during the same ambush.",2025,2025-08,2025 Q3
2025-08-26,Fraud & Financial Crimes,Fraud,1,Trans Nzoia,,Unknown,,,Unknown,,Financial gain,Abuse of office,The Standard pg 20,"According to the audit for the 2023/2024 financial year, Nzoia Sugar Company ordered consumable goods worth about Sh 72,106,497 which have been stated in its accounts as “in transit” for nine years. The report furthermore flagged issues such as failure to remit statutory deductions (for NSSF, NHIF, PAYE, etc.) amounting to nearly Sh 998 million, non-compliance with procurement rules (manual processes rather than using the mandated electronic system).",2025,2025-08,2025 Q3
2025-08-26,Cybercrime,Cyber Crime,1,Nairobi,,Male and Female,,2.0,Male,,Financial Gain,Software,Daily Nation pg 12,"Two men — Jackson Wangigi Kariuki and Calvin Kinyanjui Kung’u — were arraigned in Nairobi for allegedly hacking into NMG’s e-paper platform. The pair are accused of distributing pirated digital copies of several NMG publications (including Daily Nation, Taifa Leo, Business Daily, and The EastAfrican) via a WhatsApp group called “Daily E-Papers Forum,” doing so without NMG’s authorization.",2025,2025-08,2025 Q3
2025-08-26,Assault & Bodily Harm,Gang Violence,1,Nairobi,,Male,,,Unknown,,Recruitment,Knife,The Standard pg 8,"The article describes how teenage gangs, often calling themselves “mbogi,” have begun fighting, brandishing knives, and posting videos online to intimidate others.In one recent incident, a 15-year-old boy died after a quarrel (reportedly over a ring) escalated into violence; he was rushed to hospital but succumbed to his injuries. Community leaders say the gangs are recruiting in the area, punishing dissenters, and operating across Umoja and neighbouring estates.",2025,2025-08,2025 Q3
2025-08-26,Fraud & Financial Crimes,Fraud,1,Nairobi,,Male and Female,,5.0,Male,,Financial gain,Unknown,The Standard pg 2,"The EACC reports a declaration of sh.1.1B as unlawful, fraudulent and a breach of public trust, the contract dated 2018 between Ministry of sports and Gregori international who were said to provide services of stadium upgrade and maintainance, the process cited not to taken account of procurement act of approved purchase requisation.",2025,2025-08,2025 Q3
2025-08-26,Fraud & Financial Crimes,Fraud,1,Nairobi,,Male and Female,,728.0,Unknown,,Financial gain,Forged documents,The Standard/ Daily Nation pg 4,"The fraud is alleged to have occurred across multiple counties (including Nairobi, Homa Bay, Mandera, Kirinyaga, Kisii) as SHA audited claims from health facilities nationwide, exposés alleging large-scale fraud under Kenya’s new SHA scheme. Daily Nation reported that up to KSh 10.6 billion in suspicious claims had been flagged, involving practices such as upcoding, falsified medical records, ghost admissions, and duplicate billing by health facilities. The government responded by suspending dozens of implicated hospitals (728) and launching forensic audits and investigations through the DCI.",2025,2025-08,2025 Q3
2025-08-27,"Robbery, Theft & Burglary","Arson, Assault, Robbery With Violence",1,Kisumu,,Unknown,,,Unknown,,Control over Transportation,Unknown,Daily Nation Pg 24,"The violence and fear gripping Kisumu recently is due to a conflict known as a boda boda turf war. This violence erupted from a bitter rivalry between two factions fighting for control over Kisumu's bus park and the wider boda boda motorcycle taxi sector. The motive behind the violence is the control and dominance over the boda boda business — a crucial and lucrative means of transport and livelihood in Kisumu. The combatants are local gangs and boda boda riders vying to control routes and territories. The violence includes incidents such as torching boda boda association offices, killing, and injuring riders, and widespread insecurity in the town. This has led to police arrests of some suspected perpetrators.",2025,2025-08,2025 Q3
2025-08-28,Fraud & Financial Crimes,Fraud,53,Kericho,,Unknown,,10.0,Unknown,,Financial gain,Abuse of office,Daily Nation Pg 18,"Kericho Governor Erick Mutai faces impeachment over allegations of fraud, misappropriation of public funds, abuse of office, and harassment of county staff, including double payments to favored firms and the unaccounted Sh9 million Londiani accident victims’ fund.",2025,2025-08,2025 Q3
2025-08-28,Fraud & Financial Crimes,Forgery,1,Nairobi,,Female,,1.0,Male,,Financial gain,Forged documents,The Standard Pg 20 ,"Father William Charles Fryda allegedly forged documents in 2013 to change bank account signatories of St. Mary’s Mission Hospital in Nairobi, intending to defraud the Assumption Sisters amid a protracted ownership dispute, leading to criminal charges against him.",2025,2025-08,2025 Q3
2025-08-28,Homicide & Unlawful Killing,Murder,1,Migori,,Male,,1.0,Male,,Confrontation,Hoe,The Standard Pg 20 ,"A 63-year-old man in Migori County fatally struck his 28-year-old son with a jembe during a heated argument over the son's demand for food, leading to the son's death, while the father subsequently went into hiding and is being sought by police.",2025,2025-08,2025 Q3
2025-08-29,Corruption & Abuse of Office,Corruption,1,Bomet,,Male and Female,,2.0,Male,,Greed,Unknown,Daily Nation Pg 16,"Following the review of inquiry files from the EACC, which had been investigating graft cases against sitting and former county bosses, the DPP has approved  that Bomet governor Prof Barchok, Mr Korir and Chemasus Construction Limited to face charges relating to proceeds of crime, contrary to Section 4(a) as read with Section 16 of the Proceeds of Crime and Anti-Money Laundering Act, 2009.",2025,2025-08,2025 Q3
2025-08-29,Homicide & Unlawful Killing,Murder,1,Nakuru,,Female,,,Unknown,,Unknown,Unknown,The Standard Pg 18,"The body of a 48 year old woman who had been missing for 5 days was retreived from a river at a notorious crime spot, kenyatta bridge in njoro Nakuru county. The victim was the 3rd in a span of one month. The body was moved to Egerton University Funeral home awaiting autopsy to determine the cause of her death.",2025,2025-08,2025 Q3
2025-08-29,Homicide & Unlawful Killing,Murder,1,Kiambu,,Male,,,Unknown,,Unknown,Unknown,The Standard Pg 31,The body of unidentified man was discovered dumped along the fence of Thika police station in Kiambu county. The half-dressed body bore visible signs of assault. The body was taken to Kago Funeral Home in thika awaiting identification and autopsy.,2025,2025-08,2025 Q3
2025-08-29,Corruption & Abuse of Office,Corruption,1,Bungoma,,Male and Female,,8.0,Male and Female,,Greed,Unknown,Daily Nation Pg 16,"Following the review of inquiry files from the EACC, which had been investigating graft cases against sitting and former county bosses, the DPP has approved that former Bungoma governor Wycliffe Wangamati, to be charged with conflict of interest contrary to Section 42(3) as read with Sections 38 and 48 of the Anti-Corruption and Economic Crimes Act alongside 6 others who face charges of aiding fraudulent practices in a procurement process.",2025,2025-08,2025 Q3
2025-08-30,Homicide & Unlawful Killing,Defilement And Murder,1,Trans Nzoia,,Female,,,Unknown,,Sexual assault,Unknown,The Standard Pg 3,"A 7 year old minor was defiled and murdered in trans nzoia county,Chebukaka village.",2025,2025-08,2025 Q3
2025-08-31,"Robbery, Theft & Burglary","Armed Robbery, Violent Attacks, And Terrorizing Residents",1,Uasin Gishu,,Male and Female,,,Unknown,,Personal gain,Machetes and Knives,Daily Nation Pg 4,"The article highlights the rise of violent and often unorganized youth gangs in Eldoret and Rift Valley, particularly the B13 gang operating out of Munyaka estate. They attack opportunistically, including during vulnerable moments such as funerals. Police claim to have contained some threats but fear escalation if unchecked. Weapons commonly used are machetes and knives. Other gangs in the region have caused injury, death, and terror among residents, disrupting normal living and schooling. Motivations are mixed but mainly center around crime, survival, and social belonging.",2025,2025-08,2025 Q3
2025-08-31,Corruption & Abuse of Office,Corruption,1,Nairobi,,Male and Female,,3.0,Male and Female,,Greed,Forged documents,Daily Nation Pg 8,"The Sh443 million oxygen plant project at Kenyatta National Hospital collapsed in scandal after repeated delays and substandard output. Awarded in 2022 to Biomax Africa Ltd, owned by politician Leonard Njeru Njagi, the tender was marred by forged documents and questionable approvals under the Ministry of Health. Despite eight extensions, the plant failed to produce usable oxygen, forcing KNH to spend over Sh565 million on emergency supplies—more than the project’s cost. Patients remain at risk, vendors unpaid, and taxpayers burdened. Investigations have implicated senior officials including former PS Susan Mochache and suspended KNH CEO Evanson Kamuri, while Novair SAS, the French subcontractor, demands unpaid dues. The case exposes deep procurement irregularities, corruption, and governance failures in Kenya’s health sector.",2025,2025-08,2025 Q3
2025-08-31,Human Trafficking & Smuggling,Human Organ Trafficking,1,Uasin Gishu,,Male and Female,,,Unknown,,Organ trafficking,Deception,Daily Nation Pg 14,"The article unveils a serious illicit trade in human organs, notably kidneys, in the North Rift region of Kenya. Vulnerable young people are lured with monetary incentives to sell kidneys, sometimes without full knowledge or consent. Mediheal Hospital in Eldoret and other private clinics are implicated in the operation involving local and international actors. The organ trade is illegal and strictly prohibited by law, but loopholes and poor enforcement persist. Victims suffer severe health consequences post-operation, with some left sickly and uncompensated. Investigations and parliamentary inquiries are ongoing, emphasizing the urgent need for stronger regulations and enforcement to halt this human exploitation.",2025,2025-08,2025 Q3
2025-09-01,Sexual & Gender-Based Violence,Rape,1,Kisumu,,Female,,1.0,Male,,Sexual assault,Machete,The standard pg 37,"In November 2024, Phyllis Atieno 25 from Huyani village in Koru Kisumu County was raped as she head to the market. The perpetrator who was wielding a sharp panga threatened to cut her into pieces if she try resist and shout for help. She reported the matter to Koru police station immediately where she was booked and advised to head to a nearby health facility for treatment as they gather evidence.",2025,2025-09,2025 Q3
2025-09-01,Sexual & Gender-Based Violence,Defilement,1,Busia,,Female,,1.0,Male,,Sexual assault,Unknown,The standard pg 37,"Joan Anunda a 7 years old girl was defiled and infected with syphillis by her dad in Butula Busia county. The act happened when her mum travelled shortly leaving the girl under the custody of her grandmother who was later on convinced by her dad that the girl was safe with him in the house, that was the first time he abused her and did it more than once",2025,2025-09,2025 Q3
2025-09-02,Assault & Bodily Harm,Assault,9,Nakuru,,Unknown,,,Unknown,,Insecurity,Panga and Arrow,Daily Nation Pg 10,"On the night of 31 August 2025, violence erupted in the Mwisho wa Lami and Tipis areas (between Nakuru and Narok counties). Unknown assailants are said to have torched at least 12 houses, assaulted civilians, and in one case someone was shot with an arrow and several others suffered cut wounds. Authorities say the conflict was triggered by a prolonged electricity outage of over a month in the area. A protest over this blackout escalated, road blockades were set up, and tensions spiraled out of control. There were also accusations that rumors and fears—about livestock theft and community grievances—fanned the violence. In response, the government imposed a dusk-to-dawn curfew in Tipis and Mwisho wa Lami (7 pm to 5 am), deployed additional police, and announced plans to install a new transformer to resolve the electricity issue.",2025,2025-09,2025 Q3
2025-09-02,"Robbery, Theft & Burglary",Arson And Theft,12,Nakuru,,Male and Female,,,Unknown,,Insecurity,Fire,Daily Nation Pg 10,"On the night of 31 August 2025, violence erupted in the Mwisho wa Lami and Tipis areas (between Nakuru and Narok counties). Unknown assailants are said to have torched at least 12 houses, assaulted civilians, and in one case someone was shot with an arrow and several others suffered cut wounds. Authorities say the conflict was triggered by a prolonged electricity outage of over a month in the area. A protest over this blackout escalated, road blockades were set up, and tensions spiraled out of control. There were also accusations that rumors and fears—about livestock theft and community grievances—fanned the violence. In response, the government imposed a dusk-to-dawn curfew in Tipis and Mwisho wa Lami (7 pm to 5 am), deployed additional police, and announced plans to install a new transformer to resolve the electricity issue.",2025,2025-09,2025 Q3
2025-09-02,Corruption & Abuse of Office,Abuse Of Office,1,Bungoma,,Male and Female,,1.0,Male,,Financial gain,Unknown,Daily Nation Pg 5/ The Standard Pg 10,"Former Bungoma Governor Wycliffe Wangamati is accused of embezzling about KSh 70,205,882 through irregular tender awards via private companies, and of failing to comply with procurement laws, conflict of interest, and acquisition of proceeds of crime.",2025,2025-09,2025 Q3
2025-09-02,Homicide & Unlawful Killing,Murder,1,Tana River,,Male,,100.0,Unknown,,Vengeance,Machete,Daily Nation Pg 18,"“How underhand land deals are stirring a return to Tana River violence” reporting that on Sunday, violence broke out at Miticharaka village, pitting farmers and herders resulting to murder and assault cases as homes were left in ashes. Baricha Rocho, a 25 yr old man was cornered and hacked to death by 100 youths who had regrouped to counter-attack the clashes while in revenge.",2025,2025-09,2025 Q3
2025-09-02,"Robbery, Theft & Burglary",Theft,1,Uasin Gishu,,Unknown,,1.0,Female,,Financial gain,Unknown,The Standard Pg 16,"In Eldoret, Uasin Gishu County, Maureen Saina is accused of steeling 2.5 Million shillings from her employee - celtic communications ltd. over the period of 2024 to 2025.",2025,2025-09,2025 Q3
2025-09-02,Assault & Bodily Harm,Assault,1,Tana River,,Male,,1.0,Unknown,,Vengeance,Arrow,Daily Nation Pg 18,"“How underhand land deals are stirring a return to Tana River violence” reporting that on Sunday, violence broke out at Miticharaka village, pitting farmers and herders resulting to murder and assault cases as homes were left in ashes. Hassan Chome Tabu, 23 yr old Man sustained a serious injury with an arrow to the head and got rushed to Ngao Hospital for treatment.",2025,2025-09,2025 Q3
2025-09-02,Corruption & Abuse of Office,Abuse Of Office,1,Bomet,,Male and Female,,1.0,Male,,Financial gain,Unknown,Daily Nation Pg 5/ The Standard Pg 10,"Governor Hillary Barchok (Bomet) is facing allegations of abuse of office, conflict of interest, unlawful acquisition of public property, and money laundering. He is accused of receiving KSh 2,750,000 from companies that have traded with the county, in violation of procurement and conflict-of-interest rules.",2025,2025-09,2025 Q3
2025-09-02,Homicide & Unlawful Killing,Murder,1,Narok,,Male,,,Unknown,,Unknown,Unknown,Daily Nation Pg 20,"A 14 year old boy was reported dead after sustaining a deep neck wound in unknown circumstance and later pronounced dead while undergoing treatment, sparking outrage among the public. Investigations are on going.",2025,2025-09,2025 Q3
2025-09-03,Homicide & Unlawful Killing,Murder,1,Turkana,,Female,,3.0,Male,,Ritual practices,Unknown,The Standard Pg 7,"A suspected ritual killing of a woman in Lodwar sparked public outrage. The woman’s death, believed to have been carried out in connection with ritual practices, ignited fury among locals, who accused authorities of failing to curb rising cases of mysterious killings.",2025,2025-09,2025 Q3
2025-09-03,Homicide & Unlawful Killing,Murder,1,Narok,,Male,,,Unknown,,Unknown,Unknown,The Standard Pg 10,"A nine-year-old pupil; Duncan Caleb Rianto at Narok Adventist Primary School was brutally killed under unclear circumstances, sparking shock, grief, and calls for justice from the community",2025,2025-09,2025 Q3
2025-09-03,Homicide & Unlawful Killing,Murder,1,Kiambu,,Male,,1.0,Male,,Anger,Knife,The Standard Pg 5,"A University of Nairobi student was stabbed to death by his roommate; Justus Otieno, following a heated dispute over flushing and cleaning their shared hostel toilet.",2025,2025-09,2025 Q3
2025-09-04,Assault & Bodily Harm,Aggression,1,Mandera,,Male and Female,,2.0,Unknown,,Consolidate military strength inside Mandera town,Gun and Explosives,Daily Nation Pg 12,"The unlawful armed incursion of Jubbaland forces into Mandera town constitutes aggression against Kenya, endangering residents with gunfire and explosives while undermining national sovereignty.",2025,2025-09,2025 Q3
2025-09-04,Fraud & Financial Crimes,Embezzlement Of Public Funds,1,Multiple Counties,,Male and Female,,,Unknown,,Greed,Abuse of office,Daily Nation Pg 18,"A cartel of corrupt public officials and political elites manipulated procurement loopholes to steal taxpayers’ money through inflated contracts, leaving Kenyans as the ultimate victims while devolution was scapegoated to cover up national-level corruption.",2025,2025-09,2025 Q3
2025-09-04,Public Order & Administration of Justice,Contempt Of Court,1,Kiambu,,Male and Female,,1.0,Male,,Financial gain,Unknown,Daily Nation Pg 19,"Mr. Maurice Asira, manager of Habanos Lounge, committed contempt of court by deliberately disobeying lawful orders to regulate noise, thereby violating residents’ rights to a peaceful environment.",2025,2025-09,2025 Q3
2025-09-04,Homicide & Unlawful Killing,Murder,32,Kilifi,,Male and Female,,1.0,Male,,Religious manipulation,Religious indoctrination,Daily Nation  Pg 19,"The Kwa Bi Nzaro cult deaths in Chakama Ranch, Kilifi County, constitute mass murder through religious manipulation and starvation, with dozens of Kenyan men, women, and children as victims, and cult leader Paul Mackenzie with his associates as perpetrators.",2025,2025-09,2025 Q3
2025-09-04,Corruption & Abuse of Office,Corruption,1,Nairobi,,Male and Female,,3.0,Male,,Greed,Abuse of office,Daily Nation Pg 14,"The Tokyo Embassy scandal involved senior Kenyan officials allegedly abusing their offices to approve an overpriced Sh1.5 billion property deal in Japan, causing taxpayers to lose millions, though the accused were later acquitted for lack of evidence.",2025,2025-09,2025 Q3
2025-09-04,Public Order & Administration of Justice,Public Mischief,1,Kiambu,,Male and Female,,2.0,Unknown,,Extortion,Forged documents,The Standard Pg 16,"Local slum leaders allegedly fabricated an outbreak by forging clinic reports and staging patients to divert emergency relief and boost political standing, harming vulnerable residents and wasting public resources.",2025,2025-09,2025 Q3
2025-09-04,"Robbery, Theft & Burglary",Robbery,1,Nairobi,,Male and Female,,,Male,,Robbery,Knives and Crude weapons,The Standard Pg 9,"A gang of young people, some disguised and operating as street families in groups of 20‑30 using knives, crude weapons and intimidation (including human waste), have been terrorizing Nairobi’s CBD particularly in poorly lit, deserted areas like Kimathi Street, Galitos, Biashara Street, Moi Avenue, and National Archives—robbing residents such as Amina Munir and others of valuables during evenings.",2025,2025-09,2025 Q3
2025-09-04,Fraud & Financial Crimes,Fraud,1,Nairobi,,Male,,3.0,Male and Female,,Financial gain,Forged documents,The Standard Pg 8,"A group of individuals and health facilities in Kenya allegedly colluded to defraud the Social Health Authority via false claims, impersonation, inflated or ghost services, costing SHA funds and undermining Kenya’s universal health coverage reforms.",2025,2025-09,2025 Q3
2025-09-04,Fraud & Financial Crimes,Forgery,2,Kiambu,,Male and Female,,2.0,Male and Female,,Land resource gain,Forged documents,The Standard Pg 13,Peter Otieno and Grace Wambui unlawfully dispossessed John and Mary Mwangi of their Kiambu family land by forging title deeds and manipulating land registry records for personal financial gain.,2025,2025-09,2025 Q3
2025-09-05,Homicide & Unlawful Killing,Arson And Murder,4,Kirinyaga,,Male and Female,,,Unknown,,Unknown,Fire,Daily Nation  Pg 18,"Emotions ran high Wednesday as four members of the same family who died in a suspected arson attack were buried in one grave at Thiba village in Kirinyaga County. Residents said they heard screams and rushed to the scene, only to find the house engulfed in flames. They managed to rescue Mr Mwangi, but the rest of his family were burnt beyond recognition. ",2025,2025-09,2025 Q3
2025-09-05,Public Order & Administration of Justice,Aiding And Abetting,1,Multiple Counties,,Male and Female,,,Unknown,,Financial gain,Unknown,Daily Nation  Pg 14,"The smuggling of sugar, maize and rice is being abetted by some officials at the one-stop border posts, especially in Kwale and TaitaTaveta counties whereby the border posts are meant to help curb smuggling and protect cross-border trade among East African Community members.",2025,2025-09,2025 Q3
2025-09-05,Assault & Bodily Harm,Gang Violence,1,Trans Nzoia,,Male and Female,,,Unknown,,Robbery,Machetes and Knives,Daily Nation  Pg 15,"A wave of gang violence is turning Kitale’s informal settlements into no-go zones after dark, with teenage gangs aged between 15 and 25 and locally known as Mbogi, conceal their identities with helmets and caps, armed with pangas and knives terrorising residents. ",2025,2025-09,2025 Q3
2025-09-06,Homicide & Unlawful Killing,Murder,1,Nyandarua,,Male and Female,,2.0,Unknown,,Torture,Unknown,The Standard Pg 17,"Samson Kahuria a 17 years boy was tortured and murdered in a house in gwa kiongo township,Nyandarua county after being accused of stilling two trousers.",2025,2025-09,2025 Q3
2025-09-06,Homicide & Unlawful Killing,Mass Murder,34,Kilifi,,Male and Female,,1.0,Female,,Religious manipulation,Religious indoctrination,The  Standard pg 3,Autopsy on the 34 bodies found in Kwa Binzaro kicks off and Sharleen Temba is named as the cult leader and expected to report to malindi high court on september 12.Detectives also found 102 body parts in the forest.,2025,2025-09,2025 Q3
2025-09-06,Fraud & Financial Crimes,Fraud,1,Kilifi,,Unknown,,2.0,Male,,Land resource gain,Forged documents,The Standard pg 5, Isaac Juma Obila and Omar Guma Ibrahim were arrigned for the allegations of conspiring to defraud kilifi hotels a land valued at 100 million shillins.,2025,2025-09,2025 Q3
2025-09-06,"Robbery, Theft & Burglary",Cattle Rustling,1,Homa Bay,,Unknown,,1.0,Male,,Cattle rustling,Unknown,The Standard pg 17,Police in Homabay County recovered 20 stolen cattles and arrested one suspect in Suba South Sub-county.,2025,2025-09,2025 Q3
2025-09-07,Homicide & Unlawful Killing,Murder,1,Nyamira,,Female,,2.0,Male,,Unknown,Unknown,The standard pg 15,"Two prime suspects in the murder of a 20 years old woman were arrested and arraigned after the body was found in a shallow grave at Nyamaiya quarry in Nyamira county, Gedion Makori who is also the main suspect has been hiding at Vinic Nyamweris place at huruma Nairobi since committing the offence.",2025,2025-09,2025 Q3
2025-09-07,"Robbery, Theft & Burglary",Arson And Theft,2,Busia,,Unknown,,,Unknown,,Retaliation,Unknown,The standard pg 3,"On Saturday morning at around 9 am, a fatal accident involving a matatu and a boda boda occured along Luanda Busia highway leaving the boda boda rider dead.Out of rage, boda boda riders and residents torched the vehicle and looted soft drinks from a trailer. ",2025,2025-09,2025 Q3
2025-09-08,Homicide & Unlawful Killing,Second Degree Manslaughter,1,Siaya,,Male,,1.0,Male,,Land resource gain,Spear,The standard pg 4,A 58 years old man by the name Alexander Aluga turned himslef in after stabbing Boaz Adera in the chest to death. The incident happened in Usigu Siaya county when Adera who is the victim attacked Alexander at his home strucking him in the eye with an axe. Aluga retreated to his house returning with a spear stubbing Adera to death.,2025,2025-09,2025 Q3
2025-09-09,Sexual & Gender-Based Violence,Defilement,1,Kilifi,,Female,,1.0,Male,,Sexual assault,Unknown,The Standard Pg 18,"Reports of a man identified as SKL sentenced for 15 yrs for defiling daughter of 14 yrs around September - October 2023, HE THREATED THE DAUGHTER IF SHE DISCLOSED THIS BUT SHE SECRETLY CONFIDED IN HER TEACHER who helped in ensuring justice caught up.",2025,2025-09,2025 Q3
2025-09-09,Homicide & Unlawful Killing,Murder,1,Nakuru,,Male,,,Unknown,,Unknown,Blunt object,The Standard Pg 19,"Reported on two recent murders in Nakuru County. In the Sirikwa area of Kuresoi, the body of 32-year-old Dominic Kirui was discovered in a thicket, with head and hand injuries believed to have been inflicted by a blunt object. The motive remains unclear, and detectives are pursuing leads to identify the perpetrators",2025,2025-09,2025 Q3
2025-09-09,Drugs & Contraband,Smuggling,1,Uasin Gishu,,Male and Female,,,Unknown,,Financial gain,Cigarette,Daily Nation Pg 21,"Reports of KRA confisticating illegal goods worth around 46 Million in a recent operation in Kirinyaga and Uasin Gishu counties. In Kirinyaga, KRA siezed contraband cigarettes worth 29 million avoiding a loss of 8 million in taxes.",2025,2025-09,2025 Q3
2025-09-09,Drugs & Contraband,Smuggling,1,Kirinyaga,,Male and Female,,1.0,Unknown,,Financial gain,Stamps and Illegal liquor,Daily Nation Pg 21,"Reports of KRA confisticating illegal goods worth around 46 Million in a recent operation in Kirinyaga and Uasin Gishu counties. In Eldoret, a raid on illegal alcohol manufacturing facility uncovered counterfeit stamps, ethanol, and illegal liquor.",2025,2025-09,2025 Q3
2025-09-09,Sexual & Gender-Based Violence,Defilement,1,Kilifi,,Female,,1.0,Male,,Sexual assault,Unknown,The Standard Pg 18,"Lucky Munga who is already serving a 10 year sentence for defiling his siter's daughter, has been sentenced fro 30 years for defiling his 13 yrd old daughter between the period of March 2023 to Jan 2024 in Chumani Village, Kilifi county.",2025,2025-09,2025 Q3
2025-09-09,Assault & Bodily Harm,Assault,1,Nairobi,,Female,,1.0,Male,,Punishment,Physical assault,The Standard Pg 13/ Daily Nation Pg 17,Report of excessive punishment following scene where a muslim female student who had run late for evening preps from prayers got nubbed by a teacher who used fists on her turning the situation violent and loud as other students joined in a call for justice and transfer of the teacher. The protests run through the night calling for closure of the school. ,2025,2025-09,2025 Q3
2025-09-09,Assault & Bodily Harm,Gang Violence,1,Kakamega,,Male and Female,,4.0,Male,,Financial gain,Machete,The Standard Pg 13,"Report from Sabatia Market in Butere Constiturncy, Kakamega County following a tip off of ongoing gang activities/ robberies led the Police arresting 3 gang members and killed one on the spot after attacking Police officers with a machette in an effort to free his accomplise, a witness Stated.",2025,2025-09,2025 Q3
2025-09-09,Homicide & Unlawful Killing,Murder,1,Kakamega,,Male,,1.0,Unknown,,Arrest,Firearm,The Standard Pg 13,"Report from Sabatia Market in Butere Constiturncy, Kakamega County following a tip off of ongoing gang activities/ robberies led the Police arresting 3 gang members and killed one on the spot after attacking Police officers with a machette in an effort to free his accomplise, a witness Stated.",2025,2025-09,2025 Q3
2025-09-09,Sexual & Gender-Based Violence,Sexual Violence,1,Uasin Gishu,,Male,,1.0,Male,,Sexual exploitation,Unknown,The Standard Pg 13,"Report of a church leader and father charged with sexual violence/ sodomizing his 14 yr old son on Dec. 2019 and 2023, with lined up witnesses including the victim the father denied the charges and the case awaits judgement with bond in place.",2025,2025-09,2025 Q3
2025-09-10,Homicide & Unlawful Killing,Murder,1,Kilifi,,Male,,1.0,Male,,Debt collection,Unknown,The Standard Pg 10,"Charo Karisa,a tailor in Magarini, Kilifi County, was struck to death by a customer; Hamsa Sirya following a dispute over payment, after visiting his customer's house to demand a sh.300 balance for a mat he sewn.",2025,2025-09,2025 Q3
2025-09-10,Homicide & Unlawful Killing,Murder,1,Nairobi,,Male,,,Unknown,,Unknown,Firearm,The Standard Pg 2,"Mathew Kyalo Mbobu, a prominent Nairobi lawyer, was shot dead eight times by unknown assailants on a motorcycle on September 9, 2025, while driving home along Magadi Road in the Karen area; the killing was a targeted, premeditated attack.",2025,2025-09,2025 Q3
2025-09-10,Homicide & Unlawful Killing,Murder,2,Kiambu,,Male,,1.0,Male,,Confrontation,Firearm,The Standard Pg 5,"Two boda boda riders, Kennedy Ojuma and Stephen Mwendwa, were fatally shot by Eric Gitonga; a DCI officer in Thika after a road accident and confrontation, prompting IPOA to launch investigations into the incident.",2025,2025-09,2025 Q3
2025-09-10,Organized Crime & Terrorism,Illegal Possession Of Firearm,1,Trans Nzoia,,Unknown,,1.0,Male,,Possession of unlicensed firearm,Firearm,The Standard Pg 10,"Paul Ogutu, was charged of before magistrates court in Kitale, after he was accused of possessing an unlicensed firearm (Ceska Pistol) in Tuwan area.",2025,2025-09,2025 Q3
2025-09-11,Assault & Bodily Harm,Assault,3,Nakuru,,Unknown,,,Unknown,,Land resource gain,Unknown,The Standard Pg 10,"Herders attacked three farmers in Maella, Naivasha, over a longstanding land dispute, causing serious injuries and prompting a manhunt for the perpetrators.",2025,2025-09,2025 Q3
2025-09-11,"Robbery, Theft & Burglary",Robbery,2,Kwale,,Male and Female,,8.0,Male,,Theft and Mayhem,Machete,Daily Nation Pg 23,"A mix of local youths and foreign nationals in Kwale County engaged in armed robbery, and violent attacks using pangas, with suspected ties to outlawed groups like the MRC, threatening public safety and law and order in Diani and surrounding areas.",2025,2025-09,2025 Q3
2025-09-11,Organized Crime & Terrorism,Piracy,1,Nairobi,,Unknown,,2.0,Male,,Financial gain,Social Media platforms,Daily Nation Pg 8,"Jackson Wangigi Kariuki and an accomplice allegedly hacked NMG’s e-paper system and distributed pirated copies of Daily Nation, Taifa Leo, Business Daily, and The EastAfrican via a WhatsApp forum for profit, constituting copyright infringement under Kenyan law.",2025,2025-09,2025 Q3
2025-09-11,Fraud & Financial Crimes,Fraud,1,Mombasa,,Unknown,,,Unknown,,Financial gain,Forged documents,Daily Nation Pg 6,"A cartel involving KRA officers and private traders conspired to defraud the government of over Sh123M in taxes by irregularly clearing and smuggling rice, sugar, and cooking oil through Mombasa port and border points, exposing the public to unsafe goods and undermining state revenue.",2025,2025-09,2025 Q3
2025-09-11,Property Destruction & Arson,Arson,1,Vihiga,,Male,,,Male,,Retaliation,Fire,The Standard Pg 15,"In Luanda Town, Vihiga County, angry boda boda riders torched a matatu and looted a Coca-Cola trailer following the death of a colleague in a road accident, causing property destruction and public disorder.",2025,2025-09,2025 Q3
2025-09-11,Other Offences,Negligence,1,Kilifi,,Male and Female,,35.0,Male and Female,,Religious manipulation,Religious indoctrination,The Standard Pg 2,"Pastor Paul Makenzi and his followers committed child neglect by indoctrinating parents to withdraw children from school in Kilifi County, denying them their constitutional right to education.",2025,2025-09,2025 Q3
2025-09-12,Fraud & Financial Crimes,Forgery,1,Unknown,,Unknown,,1.0,Male,,Contract renewal,Forged documents,Daily Nation Pg 24,"A county assembly staff has been charged with forging documents to extend his service beyond retirement age. David Geoffrey Ombiro, 58, allegedly altered his birth year from 1967 to 1973 and used the falsified certificate to obtain a national ID, KRA PIN, NHIF and NSSF cards and later secure employment.",2025,2025-09,2025 Q3
2025-09-12,Homicide & Unlawful Killing,Murder,1,Nairobi,,Male,,,Unknown,,Unknown,Unknown,Daily Nation Pg 21,Police are probing the death of an unidentified man whose body was retrieved from River Ngong near Kayaba yesterday. Makadara police boss Judith Nyongesa said locals alerted officers. The remains were taken to Nairobi Funeral Home for autopsy.,2025,2025-09,2025 Q3
2025-09-13,"Robbery, Theft & Burglary",Theft,1,Nairobi,,Male and Female,,,Unknown,,Stealing,Unknown,Daily nation pg 11,"Nairobi phone theft syndicates use snatching and tech tools to reconfigure devices, rarely involving weapons unless force or threats escalate it to robbery",2025,2025-09,2025 Q3
2025-09-14,Public Order & Administration of Justice,Unlawful Imprisonment,5,Narok,,Male,,,Unknown,,Unknown,Unknown,The Standard Pg 11,Five residents of Angata Barrikoi were unlawfully detained by the police following the chaos at the contested 6000 acres.,2025,2025-09,2025 Q3
2025-09-14,Homicide & Unlawful Killing,Murder,34,Unknown,,Unknown,,1.0,Female,,Religious manipulation,Religious indoctrination,The Standard Pg 3,Salama Masha with her five children escaped from Paul Mckenzie's deadly cult in Shakahola in 2023. She is has now been arrested in connection to a new cult under investigation known as Kwa Binzaro,2025,2025-09,2025 Q3
2025-09-14,Corruption & Abuse of Office,Conflict Of Interest,1,Nairobi,,Unknown,,1.0,Male,,Land resource gain,Abuse of Office,Daily Nation Pg 11,A senior Ministry of Lands official is under investigation for allegedly using his position to facilitate the irregular sale of prime parcels of land.,2025,2025-09,2025 Q3
2025-09-14,Fraud & Financial Crimes,Fraud,1,Mombasa,,Unknown,,3.0,Male,,Financial gain,Forged documents,Daily Nation Pg 11,"Three Coast-based businessmen — Isaac Juma Obila, Omar Guma Ibrahim, and Philip Lusigi Mbaya — together with others not before court, were charged in Mombasa with conspiracy to defraud Kilifi Hotels Limited of two parcels of land worth over KSh 100 million. The accused allegedly used fraudulent title registrations and land amalgamations at the Mombasa Land Registry to transfer ownership to Arvic Tours and Travels Ltd and later into their own names. They denied the charges and were released on bail pending trial.",2025,2025-09,2025 Q3
2025-09-15,Land & Eviction Offences,Illegal Eviction,1,Nairobi,,Unknown,,1.0,Male,,Rental arrears,Bulldozers,The standard pg 5,The Woodley residents in Nairobi are demanding compensation for their homes that were damaged during evictions authorized by Nairobi County under Governor Johnson Sakaja's administration.,2025,2025-09,2025 Q3
2025-09-16,Assault & Bodily Harm,Assault,1,Homa Bay,,Male,,5.0,Male and Female,,Vengeance,Unknown,The Standard Pg 2,"Habil Onyango a Journalist attached at Media Max Homa Bay, got assaulted on 14/9/2025 by 4 goons who he claims are hired by a female county official,he had published corruption article on the county official stating fraudulent activities while promising job opportunities.",2025,2025-09,2025 Q3
2025-09-16,Fraud & Financial Crimes,Fraud,100,Siaya,,Male and Female,,,Male and Female,,Financial gain,Forged documents,The Standard Pg 18,"Reported that a widespread recruitment scam had ensnared hundreds of prospective health workers in Siaya County. The victims had each paid large sums—ranging between Sh 250,000 and Sh 500,000—for what they believed were genuine appointment letters and deployment orders, often delivered with officially styled logos, signatures and reference numbers. Once they were posted to health facilities, many worked for weeks or months without pay, only to discover that their “appointments” were fake and that their documents had been forged.",2025,2025-09,2025 Q3
2025-09-16,Fraud & Financial Crimes,Counterfeit Smuggling,1,Mombasa,,Male and Female,,,Unknown,,Financial gain,Counterfeit products,Daily Nation Pg 13,"Report of a counterfeit goods incident in the Shimanzi area of Mombasa. Authorities uncovered a consignment of counterfeit products dealing in unfit cooking oil, including electronics and household items, being sold to unsuspecting consumers proceeds of crime worth more than Sh100 million in a private yard in Mombasa. The perpetrators, believed to be part of a larger syndicate, were using fake branding and packaging to deceive buyers. The motive behind this operation was financial gain through the sale of substandard goods at inflated prices, capitalizing on consumer trust in well-known brands. Investigations are ongoing to identify and apprehend the individuals responsible for this illicit trade.",2025,2025-09,2025 Q3
2025-09-16,Homicide & Unlawful Killing,Murder,2,Nakuru,,Male and Female,,1.0,Male,,Unknown,Unknown,The Standard Pg 13,"Sisa Juma Wanyama, a farm worker confesses to the murder an elederly couple; Pius Machogu 72 and Jerusha Kwamboka 70, who were his employers in Elburgon area, Nakuru County, confirms Molo Sub- County Police Commander Timon Odingo, while the police are searching for the house girl (Maureen) who fled after the incidence from their home.",2025,2025-09,2025 Q3
2025-09-17,Homicide & Unlawful Killing,Murder,1,Taita Taveta,,Female,,,Unknown,,Unknown,Unknown,The Standard Pg 9,"A woman who had been missing for two weeks in Taita Taveta was found dead near Wundanyi Police Station, her body discovered naked, with legs tied and eyes gouged out. Authorities have condemned the killing as a brutal case of femicide and launched investigations.",2025,2025-09,2025 Q3
2025-09-17,Corruption & Abuse of Office,Conflict Of Interest,1,Kakamega,,Unknown,,1.0,Male,,Embezzlement of public funds,Abuse of Office,Daily Nation Pg 10,"Wycliffe Oparanya, the current Cabinet Secretary for Cooperatives and Micro, Small, and Medium Enterprises (MSMEs), is embroiled in a significant corruption case dating back to his tenure as Governor of Kakamega County from 2013 to 2022. The case centers on allegations that he awarded county contracts worth KSh 56.7 million to companies associated with him and his associates, leading to charges of conflict of interest, abuse of office, money laundering, and conspiracy to commit corruption. In July 2024, following his nomination to the cabinet, the Director of Public Prosecutions (DPP) withdrew the charges, citing new evidence provided by Oparanya's legal team. However, this decision was challenged in court. On September 16, 2025, the High Court in Nairobi nullified the DPP's withdrawal, deeming it unconstitutional and irregular.",2025,2025-09,2025 Q3
2025-09-17,Homicide & Unlawful Killing,Murder,1,Homa Bay,,Male,,,Unknown,,Unknown,Corrosive Chemical,Daily Nation Pg 15,"The tragic story involves Enosh Otieno, a farmer from Homa Bay County, who was brutally murdered and his body dumped by the roadside with acid poured on it, just months before he was to see his son Felix graduate from university. The killing has deeply devastated the family; Felix, who is a fourth-year student at Mount Kenya University, expressed fear and uncertainty about continuing his education since his father was the sole provider for the family of five children.",2025,2025-09,2025 Q3
2025-09-18,Fraud & Financial Crimes,Fraud,1,Busia,,Unknown,,128.0,Unknown,,Greed,Forged documents,Daily Nation Pg 18,"In Busia County, 128 staff and officials colluded to defraud Sh50.7 million from an agricultural loan fund meant for small-scale farmers by posing as beneficiaries and weakening recovery safeguards.",2025,2025-09,2025 Q3
2025-09-18,Fraud & Financial Crimes,Fraud,1,Multiple Counties,,Unknown,,,Unknown,,Greed,Forged documents,Daily Nation Pg 7,"An audit by the Ministry of Education revealed over 50,000 ‘ghost’ secondary school learners, potentially costing taxpayers Sh1.1 billion annually, likely due to fraudulent reporting of student enrolment to siphon government funds.",2025,2025-09,2025 Q3
2025-09-18,Fraud & Financial Crimes,Fraud,1,Nairobi,,Male,,2.0,Male,,Scamming,Gold,The Standard Pg 3,Gold scammer Abbas Bardu and Dennis were arrested for conning a Canadian sh. 36.1M in a fake deal. The two claimed to sell him 500 kilos og gold nuggets and bar sourced from DRC.,2025,2025-09,2025 Q3
2025-09-18,Homicide & Unlawful Killing,Murder,1,Nairobi,,Female,,,Unknown,,Unknown,Unknown,Daily Nation  Pg 3,A woman was murdered at GM and Airtel then her body dumped by a white volvo which the drove against traffic to GM.,2025,2025-09,2025 Q3
2025-09-19,Homicide & Unlawful Killing,Murder,1,Makueni,,Male,,1.0,Male,,Mistaken identity,Firearm,Daily Nation Pg 25,"A police officer is in custody after allegedly shooting dead a motorist in Kathasyo, Masimba, in what investigators say was a case of mistaken identity.",2025,2025-09,2025 Q3
2025-09-19,Environmental & Wildlife Crimes,Noise Pollution,1,Lamu,,Male and Female,,,Unknown,,Financial gain,Night clubs,Daily Nation Pg 25,"Residents of Hindi Town are decrying rising noise pollution from bars and nightclubs, which they say has disrupted their lives despite the town’s growth fuelled by its proximity to Lamu Port. Local leaders say the situation is worsening. Hindi Location Senior Chief Jamal Keah said the town has 17 bars and liquor dens but only three schools. He criticised the licensing of outlets that operate late into the night, saying, they violate residents’ right to dignity and a healthy environment.",2025,2025-09,2025 Q3
2025-09-19,Homicide & Unlawful Killing,Murder,1,Homa Bay,,Female,,,Unknown,,Unknown,Corrosive Chemical,Daily Nation Pg 24,"Authorities in Mbita are investigating the murder of 13-year-old Mary Triza, a Grade Seven pupil at Kamsama Junior Secondary School, whose body was discovered in Rabuor, Gembe Ward. The girl went missing on Monday after leaving school for lunch and her body was found a day later with injuries, signs of torture, and burns from a corrosive substance.",2025,2025-09,2025 Q3
2025-09-20,Homicide & Unlawful Killing,Murder,1,Kilifi,,Female,,,Unknown,,Ritual practices,Machete,The standard pg 17,An elderly woman Ms Choni Kazungu Barawa 93 was hacked to death by unknown assailants in Bale village Kilifi county on suspicion of practising witchcraft. The victims body was discovered by her daughter in law in a pool of blood in her bed covered with a white bed sheet.,2025,2025-09,2025 Q3
2025-09-21,Homicide & Unlawful Killing,Murder,1,Bomet,,Male,,1.0,Male,,Punishment,Unknown,The Standard Pg 3,A 13 year old boy was beaten to death by his father for drinking milk and eating bread that belonged to a neighbor.,2025,2025-09,2025 Q3
2025-09-22,Fraud & Financial Crimes,Fraud,100,Kiambu,,Male and Female,,2.0,Male,,Scamming,Forged documents,Daily Nation pg 2,"Hundreds of investors are facing demolition of their houses after the court revoked their title deeds, ruling that the vast land in Ruiru, Kiambu, belongs to former spy chief James Kanyotu’s family. They acquired the land through Bishop Mark Kariuki, General Overseer of Deliverance Churches Kenya, and Bishop John Masinde, founder of Deliverance Church International. The project, branded Imani Estate, would be marketed countrywide through Ukombozi Holdings Limited, the church’s commercial arm. ",2025,2025-09,2025 Q3
2025-09-23,Assault & Bodily Harm,Assault,3,Nakuru,,Male,,,Unknown,,Land resource gain,Arrow,The Standard Pg 12,"Former Chief and his son are being persued by the police following a series of atacks on local residents over land disputes in Maella area, Naivasha. The four victims where a father died and son sustained arrow injury identified the former chief and his son as organisers of the attacks before fleeing.",2025,2025-09,2025 Q3
2025-09-23,Homicide & Unlawful Killing,Murder,1,Nakuru,,Male,,,Unknown,,Land resource gain,Arrow,The Standard Pg 12,"Former Chief and his son are being persued by the police following a series of atacks on local residents over land disputes in Maella area, Naivasha. The four victims where a father died and son sustained arrow injury identified the former chief and his son as organisers of the attacks before fleeing.",2025,2025-09,2025 Q3
2025-09-23,Property Destruction & Arson,Arson,1,Kericho,,Male and Female,,,Male,,Unknown,Fire,The Standard Pg 13,"Litein Boys High Sch. was indefinetely closed following student unrest resulting to arsons; including the administrative block, science and computer labs estimating to 18 Million shillings worth of destructions.",2025,2025-09,2025 Q3
2025-09-23,Homicide & Unlawful Killing,Murder,1,Isiolo,,Male,,,Unknown,,Ambush,Firearm,The Standard Pg 10,"45 Yr Old Police Officer died in Merti Sub-County while being rushed to Hospital from an operation to nub drug traffickers along the Isiolo - Moyale route, the Merti Sub-County Commissioner said the Drug Traffickers may had recieved a tip off opening a chance for them to counter an ambush against the trailing police officers, where one died and another sustained serious injury. The route is popular for drug trafficking and human trafficking activities from Ethiopia to other regions of Kenya.",2025,2025-09,2025 Q3
2025-09-23,Fraud & Financial Crimes,Fraud,1,Nairobi,,Male and Female,,1.0,Male,,Financial gain,Forged documents,The Standard Pg 10,Gabriel Bukachi Chapia - Ex-Nairobi Senete aspirant has been convicted over forging of academic documents and fraudulent activities of recieving millions in public funds.,2025,2025-09,2025 Q3
2025-09-23,Homicide & Unlawful Killing,Homicide,1,Mombasa,,Male,,,Unknown,,Obstruction of Justice,Blunt object,Daily Nation Pg 17,"Police are facing renewed scrutiny after a 26-year-old man reported missing in Nairobi last week was found dead at Central Police Station in Mombasa, hours after his arrest. Simon Warui was apprehended on September 17, 2025, in Nairobi’s city centre by Urban Division officers on suspicion of theft following a complaint. A post-mortem at Coast General Teaching and Referral Hospital found that Warui died from “cardiorespiratory collapse caused by a fracture dislocation of the neck consistent with a fall from a height.” The report also noted ligature marks, a 5cm irregular scalp wound, dislocation of the C7–T1 vertebra, spinal haemorrhage and other injuries.",2025,2025-09,2025 Q3
2025-09-23,Drugs & Contraband,Smuggling,1,Uasin Gishu,,Male and Female,,,Unknown,,Tax evasion,Unknown,Daily Nation Pg 12,"KRA has intercepted a consignment worth over Sh16 million in a tax evasion scheme at the Eldoret International Airport. The KRA enforcement team intercepted a range of undeclared goods, including 21,600 smartphones valued at Sh6.4 million. The consignment was consigned to Pemba Ltd and declared by Portyard Ltd through a cargo plane that arrived on November 18, 2024.",2025,2025-09,2025 Q3
2025-09-23,Homicide & Unlawful Killing,Murder,1,Lamu,,Male,,,Unknown,,Unknown,Unknown,Daily Nation Pg 12/ The Standard Pg 3,"18 yr old Francis Ngugi Ndichu who had been on medication for a mental disability, left home on the morning of Wednesday, September 10, never to return, they filled a missing person’s report was filed at the Mpeketoni Police Station on September 12. After about four days of searching, villagers in Mapenya noticed flies swarming a borehole that was also emitting a pungent smell. Later, a team of Directorate of Criminal Investigations (DCI) officers area residents retrieved a body from the borehole located about 600 metres from Ngugi’s home. His parents positively identified it as that of their missing son. Brutally Murdered and body disposed while hands tired with a wire, the parents and family are calling for speedy investigations and justice of what seems to be a pattern of deaths in the area with two more victims earlier recorded.",2025,2025-09,2025 Q3
2025-09-24,Homicide & Unlawful Killing,Murder,1,Nairobi,,Female,,4.0,Male and Female,,Stealing,Fall,The Standard Pg 8,"Four Sudanese nationals were arrested in Nairobi, Kenya, following the mysterious death of a 55-year-old domestic worker named Zeitun Kavayo, died after allegedly falling from the fifth floor of an apartment in the Kilimani area, where she had been working for the family on laundry duties. The suspects include a mother, her two daughters, and a son. They reportedly accused Zeitun of stealing Sh5,000, which led to a confrontation that resulted in her death. Police have arrested the four suspects and are conducting investigations, with her family rejecting the theory that she committed suicide and demanding a thorough investigation into her death. The police were granted 10 days to complete the investigation before returning to court on October 1, 2025",2025,2025-09,2025 Q3
2025-09-24,Homicide & Unlawful Killing,Murder,1,Homa Bay,,Female,,1.0,Male,,Unknown,Unknown,Daily Nation Pg 19,"Lucy Adhiambo, an elderly woman from Umrembo village; Homa Bay County, her body was discovered in a shallow grave inside her compoundon Tuesday after the family launched a search when they realised that both Lucy and her newly Ugandan farmhand were missing. The farmhand, who had only recently been employed and was little known in the area, has since gone missing and is now the prime suspect.",2025,2025-09,2025 Q3
2025-09-25,Environmental & Wildlife Crimes,Environmental Crimes,1,Nairobi,,Unknown,,5.0,Unknown,,Waste disposal,Unknown,Daily Nation Pg 18 ,"Five people were arrested for illegally dumping garbage at the Mukuru-Kayaba dumpsite in Nairobi, an environmental crime that sparked confrontations and a traffic snarl-up along Enterprise Road.",2025,2025-09,2025 Q3
2025-09-25,Corruption & Abuse of Office,Corruption,1,Nairobi,,Unknown,,,Unknown,,Greed,Unknown,Daily Nation Pg 15,"KNTC officials controversially awarded a Sh15 billion rice import contract to four politically connected firms that had not applied through the tender process, sidelining 16 legitimate bidders in a suspected procurement fraud and abuse of office scheme.",2025,2025-09,2025 Q3
2025-09-25,Homicide & Unlawful Killing,Homicide,1,Nairobi,,Female,,5.0,Unknown,,Wage dispute,Fall,Daily Nation Pg 18 ,"54-year-old domestic worker Zaituni Kavaya died from blunt force trauma after allegedly falling from the fifth floor of a Kibera apartment following a wage dispute, with five Sudanese nationals now in custody as police investigate possible homicide.",2025,2025-09,2025 Q3
2025-09-25,Homicide & Unlawful Killing,Murder Plot,5,Nakuru,,Male and Female,,3.0,Male and Female,,Family property dispute,Unknown,The Standard Pg 3,"A Kenyan man, his daughter, and her fiancé are accused of conspiring in a murder-for-hire plot to kill his estranged wife and four children over family property disputes, prompting the DPP to seek extradition of the US-based suspects.",2025,2025-09,2025 Q3
2025-09-25,Homicide & Unlawful Killing,Murder,1,Trans Nzoia,,Male,,,Unknown,,Punishment,Physical assault,The Standard Pg 3,"Samson Ouma, 35, died in Kitale prison after being allegedly beaten postmortem, with an autopsy revealing severe bruising, shoulder injury, and a fatal blood clot.",2025,2025-09,2025 Q3
2025-09-25,Fraud & Financial Crimes,Embezzlement Of Public Funds,1,Trans Nzoia,,Unknown,,,Unknown,,Financial gain,Unknown,Daily Nation Pg 18 ,"In Trans Nzoia County, revenue officials are suspected of embezzling millions by diverting collected funds, prompting Senate to call on the EACC to investigate systemic looting of public resources.",2025,2025-09,2025 Q3
2025-09-25,Abduction & Kidnapping,Abduction,5,Mandera,,Male,,,Male,,Randsom gain,Gun and Vehicle,Daily Nation Pg 12,"Al-Shabaab militants abducted five male chiefs along the Wargadud–Elwak road in Mandera County, holding them for over two months in Jilib to demand ransom, before their eventual release through negotiated efforts",2025,2025-09,2025 Q3
2025-09-25,Homicide & Unlawful Killing,Attempted Murder,1,Migori,,Male,,,Male,,Unknown,Firearm,The Standard Pg 16,A trader was shot from the back on bodaboda while heading home by gunmen who were following him from another motorcycle. ,2025,2025-09,2025 Q3
2025-09-25,Fraud & Financial Crimes,Embezzlement Of Public Funds,1,Kiambu,,Male and Female,,2.0,Male and Female,,Greed,Unknown,Daily Nation Pg 10,"EACC is investigating a Sh510 million NYS corruption scandal involving public official David Muthee and linked to Felista Wanjiru, whose challenge to an EACC search was dismissed by a magistrate’s court and referred to the High Court.",2025,2025-09,2025 Q3
2025-09-25,Sexual & Gender-Based Violence,Child Abuse,2,Nakuru,,Female,,20.0,Unknown,,Humiliation,Unknown,Daily Nation Pg 7,"Two schoolgirls in Njoro, Nakuru County were publicly humiliated by teachers at Kenana Primary and Junior Secondary over allegations of not wearing undergarments, prompting a Ministry of Education investigation and possible disciplinary and legal action.",2025,2025-09,2025 Q3
2025-09-25,Homicide & Unlawful Killing,Murder,1,Nairobi,,Male,,4.0,Male,,Alleged violent robbery and possible targeted killing,Firearm,Daily Nation Pg 3,"In February 2015, Kabete MP George Muchai, his two police bodyguards, and his driver were fatally shot at close range during an armed ambush in Nairobi, with four men now ordered to defend themselves against murder charges.",2025,2025-09,2025 Q3
2025-09-25,Assault & Bodily Harm,Assault,1,Homa Bay,,Unknown,,,Unknown,,Intimidation and manipulating results,Unknown,The Standard Pg 6,"The ODM Kasipul primaries were marred by violence and alleged rigging, with supporters of rival candidates reportedly assaulting party members and manipulating votes to influence the outcome.",2025,2025-09,2025 Q3
2025-09-25,Homicide & Unlawful Killing,Murder,1,Kisumu,,Male,,1.0,Female,,Punishment,Paraffin and Fire,The Standard pg 16,Brian Ochieng a 12 years old son was burned by his mother over missing sh.150 wher he was doused with paraffin before she set him into blaze.,2025,2025-09,2025 Q3
2025-09-25,Homicide & Unlawful Killing,Murder,1,Nakuru,,Female,,1.0,Female,,Unknown,Pipe,The Standard Pg 3,"CCTV footage unveiled how the nanny, Eunice Adhiambo, tortured three-year-old Talia Wairimu over a five-hour period using a pipe and other brutal methods, ultimately causing her death.",2025,2025-09,2025 Q3
2025-09-26,Homicide & Unlawful Killing,Murder,1,Kericho,,Male,,,Unknown,,Vengeance,Fire,The Standard pg 8,"Grief and shock engulfed Samutet vil-lage in Ainamoi Constituency, after a 19-year-old man went on a rampage, hacking to death three relatives, before being lynched by angry villagers.",2025,2025-09,2025 Q3
2025-09-26,Homicide & Unlawful Killing,Murder,3,Kericho,,Male and Female,,1.0,Male,,Family dispute,Machete,The Standard pg 8,"Grief and shock engulfed Samutet vil-lage in Ainamoi Constituency, after a 19-year-old man went on a rampage, hacking to death three relatives. Kericho County Police Commander James Ngetich identified the victims as the suspect's 70-year-old aunt, his 28-year-old sister-in-law, and a three-year-old nephew.",2025,2025-09,2025 Q3
2025-09-26,Other Offences,Flag Desecration,1,Nairobi,,Unknown,,1.0,Male,,Unknown,Unknown,The Standard pg 3,"A 17-year-old boy has been arrested in connection with disrespecting the Kenyan flag, the Directorate of Crim-inal Investigations (DCI) has announced. In a statement, the DCI said the suspect, Ibrahim Haidar Yusuf, was among the individuals seen in a viral video and had been sought since Sep-tember 20, 2025. The incident occurred during a football match between Mogadishu City Club and Police FC, where two individuals were captured on camera desecrating the national flag.",2025,2025-09,2025 Q3
2025-09-26,Homicide & Unlawful Killing,Murder,1,Murang'a,,Female,,4.0,Male,,Unknown,Unknown,Daily Nation pg 5 ,"Detectives in Murang’a have arrested four people after a taxi driver delivered a woman’s body, disguised as a parcel, to Kangari Police Station. The driver narrated how he was approached and paid to deliver a parcel to Kangari town where he was supposed to meet the recipient but upon waiting for long, he decided to drop it to the police station for safety only to find out that it was a dead body.",2025,2025-09,2025 Q3
2025-09-26,"Robbery, Theft & Burglary",Robbery With Violence,1,Machakos,,Male,,,Unknown,,Robbery,Unknown,Daily Nation pg 3,"Mr Musyoka was driving to his Matungulu home when, around 10pm, a motorcycle hit the side of his car. He thought it was a fender bender that would be resolved within a few minutes, but it was a decoy for the carjackers to get their hands on his vehicle. The attackers assaulted him, and forced him to transfer money from his phone before driving away in his vehicle.",2025,2025-09,2025 Q3
2025-09-26,"Robbery, Theft & Burglary",Robbery,1,Kisumu,,Unknown,,8.0,Unknown,,Obstruction of Justice,Unknown,Daily Nation pg 3,"The Directorate of Criminal Investigations (DCI) has arrested eight police officers based in Kisumu County in connection with Mr Musyoka’s attack and the mysterious disappearance of his Toyota Land Cruiser from Maseno Police Station. The police officers were taken into custody and are being held at the Kisumu Central Police Station, pending further interrogation. ",2025,2025-09,2025 Q3
2025-09-27,Human Trafficking & Smuggling,Human Trafficking,21,Machakos,,Unknown,,1.0,Male,,Human trafficking,Unknown,The Standard Pg 5,Edward Kamau Gituku was arrested at the greatwall apartments in Athi River where he held 21 kenyans where they were later to be deported to Russia.,2025,2025-09,2025 Q3
2025-09-28,Land & Eviction Offences,Land Grabbing,1,Nairobi,,Female,,,Unknown,,Land resource gain,Forged documents,The Standard pg 3,"An 81-year-old grandmother, Litha Katumbi, is struggling to reclaim two prime plots of land totaling 12 acres near City Cabanas in Nairobi, which she claims was bought by her father and is now wrongfully held by unknown parties using forged documents.",2025,2025-09,2025 Q3
2025-09-29,Organized Crime & Terrorism,Illegal Possession Of Firearm,1,Nairobi,,Unknown,,4.0,Male,,Firearms trafficking,Unknown,"The standard, pg 4","The operation was made on 24th of September this year by the operation service unit that led to the arrest of Mr. Kipngetich an armourer based at Turkana police headquarters. He was napped at kenya avenue roundabout with possession of firearms and ammunition that were intended to be transported to Turkana.  besides that, after much interrogation he disclosed other officer behind the trading that Assistand superinterdent Charles Lotira, Police constable Cyrus Ileli and an armourer at the police central firearms store in Nairobi's industrial area Samson Muriithi Mutongu which led to their arrest too.",2025,2025-09,2025 Q3
2025-09-29,Homicide & Unlawful Killing,Murder,2,Samburu,,Male and Female,,1.0,Male,,Marital issue,Unknown,"The standard, pg 7","The Man returned home in the evening and end up qualling with his wife. They started fighting leading her wife sustaining injuries on her both hands and she ran way, hence the husband claimed the life of his two children by murdering them",2025,2025-09,2025 Q3
2025-09-30,Homicide & Unlawful Killing,Extra-Judicial Killing,2,Nandi,,Unknown,,,Unknown,,Land resource gain,Firearm,The standard pg 5,Two people were shot dead and dozen injured after the residents of Kamwani Nandi county tried to invade a disputed parcel of land being manned by Rapid Deployment Unit Officers.,2025,2025-09,2025 Q3
2025-10-01,Sexual & Gender-Based Violence,Sexual Assault,1,Uasin Gishu,,Male,,1.0,Male,,Sexual assault,Manipulation,Daily Nation Pg 17,A man identified as Amon Kaile was sentenced to 20 years in prison by an Eldoret court for sexually molesting an initiate in Uasin Gishu County.,2025,2025-10,2025 Q4
2025-10-01,Organized Crime & Terrorism,Illegal Possession Of Firearm,1,Turkana,,Unknown,,6.0,Male,,Financial gain,Unknown,The Standard Pg 5,"A Nairobi court has ordered the detention of six police and prison officers for 10 days to allow investigations into an alleged arms and ammunition trafficking network. The officers are suspected of stealing government ammunition and firearms from official armouries and selling them to criminal groups in Turkana and the North Rift region. The arrests were made in late September 2025, and the suspects appeared before Chief Magistrate Lucas Onyina on October 1, 2025. Investigators from the DCI sought more time for ballistic tests, digital forensics, and recovery of more weapons.",2025,2025-10,2025 Q4
2025-10-01,Abduction & Kidnapping,Abduction,1,Nakuru,,Male,,1.0,Female,,Political differences,Unknown,The Standard Pg 11,"A mother from Kakamega County, Jane Njeri, is pleading for the safe return of her son, Joseph Kang’ara, who went missing during the 89th National Youth Service (NYS) pass-out parade held in Gilgil, Nakuru County, on 28th August 2025. Njeri had accompanied her younger son, an NYS recruit, to the graduation ceremony when chaos broke out after a section of the crowd began chanting political slogans against President William Ruto. During the mayhem, Joseph reportedly left to use a nearby washroom but was seen being led away by a woman in a military-style uniform wearing a red beret. ",2025,2025-10,2025 Q4
2025-10-01,Homicide & Unlawful Killing,Murder,1,Homa Bay,,Male,,2.0,Male,,Land resource gain,Machete,The Standard Pg 17,"A university professor was brutally killed following a dispute over a piece of land. The incident occurred after tensions escalated between the professor and rival claimants who had been fighting over ownership rights. During the confrontation, the assailants attacked the professor with a machete and other blunt weapons, leaving him with fatal injuries.",2025,2025-10,2025 Q4
2025-10-02,Homicide & Unlawful Killing,Murder,1,Migori,,Male,,,Unknown,,Negligence,Unknown,The Standard Pg  12,"Allan Kamau died in Komomwamo Police Station after being arrested for cutting down trees belonging to his aunt, where by police demanded sh.15000 bribe and later his mother was informed that he died from suicide.",2025,2025-10,2025 Q4
2025-10-02,Homicide & Unlawful Killing,Murder,1,Homa Bay,,Male,,2.0,Male,,Land resource gain,Machete,Daily Nation Pg 18,"DCI have camped in Mbita, Homabay in bid  to trace 2 brothers who are acused of hacking a university lecturer to death by hitting him on the head with a machete over a land dispute",2025,2025-10,2025 Q4
2025-10-02,Corruption & Abuse of Office,Corruption,1,Nairobi,,Unknown,,,Unknown,,Financial gain,Unknown,The Standard Pg 2,"Sports Kenya officials allegedly misappropriated Ksh 607 million meant for building three stadiums that were never constructed, defrauding the Kenyan public through fake consultancy and feasibility payments.",2025,2025-10,2025 Q4
2025-10-02,"Robbery, Theft & Burglary",Robbery With Violence,1,Siaya,,Male,,2.0,Male,,Robbery,Metal rod,The Standard Pg 2,"Two male robbery suspects, including Charles Odhiambo Ojwang’ alias “Buda”, were shot dead by a DCI officer in Yala, Siaya County, after attacking him with a metal rod during a robbery-with-violence attempt.",2025,2025-10,2025 Q4
2025-10-02,Corruption & Abuse of Office,Corruption,1,Nairobi,,Unknown,,2.0,Male,,Embezzlement of public funds,Unknown,The Standard Pg 5,"Two Cricket Kenya officials , Chairman Manoj Patel and Acting Treasurer Kennedy Obuya  are under DCI investigation in Nairobi County for allegedly misappropriating KSh 26.7 million through a secret bank account, constituting a corruption and economic crime against Cricket Kenya and the Kenyan public.",2025,2025-10,2025 Q4
2025-10-02,Corruption & Abuse of Office,Corruption,1,Kiambu,,Unknown,,2.0,Male and Female,,Embezzlement of public funds,Unknown,The Standard Pg 7,"Former Kiambu Governor Ferdinand Waititu and associates were convicted of corruption and abuse of office for embezzling KSh 588 million through fraudulent road tenders in Kiambu County, and after his third failed bail bid, he remains in Kamiti Prison serving a 12-year sentence for economic crimes against the Kenyan public.",2025,2025-10,2025 Q4
2025-10-02,Sexual & Gender-Based Violence,Attempted Rape,1,Bungoma,,Female,,1.0,Male,,Sexual assault,Unknown,The Standard Pg 8,"A 30-year-old male nurse, Martin Wekesa Wanjala, has been charged with attempted rape of a Form Three Kenyan girl admitted to Elgon View Hospital in Bungoma County for malaria and wound-treatment, an incident allegedly occurring 29 September 2025, with the nurse denying the charges and released on bond while investigations and court proceedings continue.",2025,2025-10,2025 Q4
2025-10-02,Homicide & Unlawful Killing,Murder,1,Mombasa,,Male,,,Unknown,,Excessive force,Unknown,The Standard Pg  12,"Simon Warui went missing in Nairobi on September 4, 2025 and found 4 days later in Mombasa police cell. Postmorterm shows he died of a fracture from dislocation of the neck.",2025,2025-10,2025 Q4
2025-10-02,Homicide & Unlawful Killing,Murder,1,Kilifi,,Female,,1.0,Male,,Punishment,Cane,Daily Nation Pg 2,Anestine Tunje a grade 8  student was hit on the head by her teacher after failing to answer a question at Gongini Primary School.,2025,2025-10,2025 Q4
2025-10-03,Organized Crime & Terrorism,Terrorism,2,Turkana,,Male,,,Unknown,,Unknown,Firearm,Daily Nation Pg 19,"Bandits have terrorised residents around the River Malimalite area, shattering the calm restored through Operation Maliza Uhalifu and disrupted livelihoods built on sand harvesting, gold mining, farming, and bodaboda trans-port. The most brazen attack came last when Elpan Pachu, the only National Police Reservist stationed at Kailoseget village, and Isaac Ilikwel, a sand loader, were shot dead just metres from Kainuk Police Station. The bandits es-caped with the reservist's firearm.",2025,2025-10,2025 Q4
2025-10-04,Sexual & Gender-Based Violence,Defilement,1,Kilifi,,Female,,1.0,Male,,Sexual assault,Unknown,The Standard Pg 3,Elijah Murimi defiled a 11 yr old girl on her way to the shop.He is sentesed to 25 years.,2025,2025-10,2025 Q4
2025-10-04,Homicide & Unlawful Killing,Murder,1,West Pokot,,Female,,1.0,Male,,Anger,Piece of wood,The Standard Pg 3,"Alex Musani killed his sister in law, Josephine Wanjiku by hitting his head with a piece of wood. Alex claimed that Josephine was meddling in his marriage.",2025,2025-10,2025 Q4
2025-10-05,Sexual & Gender-Based Violence,Sexual Assault,5,Unknown,,Female,,1.0,Male,,Sexual assault,Unknown,The Standard Pg 2,A 75 year old man has been arrested for allegedly sexually molesting his five granddaughters from ages 10 to 13.,2025,2025-10,2025 Q4
2025-10-05,Homicide & Unlawful Killing,Murder,1,Kisumu,,Male,,1.0,Female,,Love affair,Unknown,The Standard Pg 2,A 30 year old man was stabbed multiple times on Wednesday night while in the company of a 37 year old woman believed to be his partner.,2025,2025-10,2025 Q4
2025-10-06,Homicide & Unlawful Killing,Murder,2,Kilifi,,Unknown,,,Unknown,,Unknown,Unknown,Daily Nation Pg 6,34 bodies were recovered from Kwa Bi Nzaro where 2 of the bodies were identifed to have been murdered by hard objects that caused blunt trauma in the heads and most of couldn't be identified due to level of decomposition.,2025,2025-10,2025 Q4
2025-10-07,Abduction & Kidnapping,Abduction,2,Busia,,Male,,,Male and Female,,Political intimidation,Gun and Vehicle,Daily Nation Pg 4,"Bob Njagi and Nicholas Oyoo arwe reported to have been abducted in Jinja - Uganda, with their counter-part (Koffi Atinda) escaping and returning to Kenya through the Jinja route , they had travelled to meet political opposition Robert Kyangurai Bob Wine, in a period just before the Ugandan elections, The families of the victims, human rights activists, and Law Society of Kenya have called for the release or trial of the victims who have been held in communicado, as pressure mounts for global protests across Ugandan embassies.",2025,2025-10,2025 Q4
2025-10-07,Corruption & Abuse of Office,Bribery,1,Unknown,,Male and Female,,,Male and Female,,Financial gain,Driving license,Daily Nation Pg 19,"Reports of bribery scandals, a racket through which driving schools bribe examiners (NTSA) for incompetent learners to pass the tests, thus compromising road safety. Backed by three anonymous emails sent to NTSA in April and July alledging that a deputy director was involved in a bribery racket, minting millions from driving schools. DCI took over the matter and suspects are expected to be charged soon.",2025,2025-10,2025 Q4
2025-10-07,Homicide & Unlawful Killing,Murder,1,Nakuru,,Male,,,Male,,Financial gain,Arrow,The Standard Pg 2,"Reports of murder provoked tension and protests between police and residents in Stoo mbili, Njoro, Nakuru county, where residents  demanded justice and return of the deceased (Anthony Njogu) a resident who tried to protect their cows from thieves by raising alarm but unfortunately the cattle rustlers got to him and shot him on the chest with an arrow leading to his death, Kamau his nephew recounted.",2025,2025-10,2025 Q4
2025-10-07,Fraud & Financial Crimes,Fraud,1,Kilifi,,Male and Female,,7.0,Male and Female,,Financial gain,Forged documents,The Standard Pg 3,"DPP approves charges against 7 in Jambo Jipya Medical Clinic, Kilifi over more than 2 million SHA claims which were fraudulent. Appearing before Chief Magistrate Lucy Onyina at the Milimani Law Courts, officials of Kilifi’s Jambo Jipya Medical Clinic — director Faith Chepkurui, clinical officers Steven Okinyi and Justine Baraka, nurse Pauline Wanjiru, and receptionist Naida Mbeyu denied multiple charges, including conspiracy to commit a felony, forgery, falsification of records, obtaining proceeds of crime, cheating, and uttering false documents. They were released on Sh600,000 bond each.",2025,2025-10,2025 Q4
2025-10-07,Homicide & Unlawful Killing,Murder,1,Nakuru,,Female,,,Unknown,,Unknown,Rope,The Standard Pg 7,"Body of a 30yr old woman who worked in a Mpesa shop was found near delamare farm along Nakuru-Nairobi highway, raped and murdered, the postmortem evidenced she had been strangled to death, and police reports established that she had been murdered else where and body dumped in the said area.",2025,2025-10,2025 Q4
2025-10-07,Assault & Bodily Harm,Assault,1,Nakuru,,Male,,2.0,Male,,Financial gain,Knife,The Standard Pg 7,Police rescued a man/ taxi driver who had been kidnapped and stabbed by two thugs in Karagita estate.,2025,2025-10,2025 Q4
2025-10-09,Other Offences,Forcible Detainer,1,Kiambu,,Female,,1.0,Female,,Family property dispute,Unknown,The Standard Pg 3,Margaret Heta a widow is found unwanted in her own home by her daughter Bilha Wanjiku appealing the rulling claiming her dauhter disinherited her unfairly afteer Bilha accuse her mother of fraudlently obtaining agrant and excluding her.,2025,2025-10,2025 Q4
2025-10-09,Land & Eviction Offences,Illegal Eviction,300,Taita Taveta,,Male and Female,,,Unknown,,Land resource gain,Abuse of office,The Standard Pg 3,"Over 300 villagers in Taita Taveta were forcibly and illegally evicted from land reportedly owned by President Ruto, in defiance of a court order, leaving them homeless and raising questions of contempt of court and human rights violations.",2025,2025-10,2025 Q4
2025-10-09,"Robbery, Theft & Burglary",Theft,1,Kisumu,,Unknown,,2.0,Unknown,,Unknown,Unknown,The Standard Pg 2,"Police in Kisumu has recovered 12 stolen vehicles, including one found hidden at a private hospital following operation that exposed a suspected car theft syndicate. Investigations continue with NTSA to verify ownership documents.",2025,2025-10,2025 Q4
2025-10-09,Fraud & Financial Crimes,Forgery,1,Nairobi,,Female,,1.0,Unknown,,Evade parenting,Forged documents,Daily Nation Pg 7,"A forged DNA report falsely attributed to Cerba Lancet Kenya was submitted in a Milimani Children’s Court paternity case involving a businessman-politician (GBI) and a woman (PPJ), prompting a criminal forgery investigation by the DCI for attempting to mislead the court and evade child maintenance.",2025,2025-10,2025 Q4
2025-10-09,Homicide & Unlawful Killing,Murder,1,Bomet,,Male,,1.0,Female,,Marital issue,Sharp Object,The Standard Pg 2,"Faith Cherono 25, struck her husband Emmanuel Kiprono 33 on the head with a sharp object to death after a quarrel over a mobile phone at Samoget in Bomet county.",2025,2025-10,2025 Q4
2025-10-09,Homicide & Unlawful Killing,Arson And Murder,3,Bungoma,,Male and Female,,,Unknown,,Unknown,Fire,The Standard Pg 11,"Daudi Wanjala, Nancy and a 4 year old grandchild died after a night inferno consumed their house while they were sleeping, the cause of fire still unknown but the relatives claim the case to be treated as arson and murder and investigation is still going on.",2025,2025-10,2025 Q4
2025-10-09,Corruption & Abuse of Office,Corruption,1,Multiple Counties,,Male and Female,,16.0,Male and Female,,Financial gain,Unknown,Daily Nation Pg 22,"The EACC is investigating 16 Kenyan county governments including those led by five sitting and eleven former governors over alleged embezzlement, fraud, money laundering, and conflict of interest involving billions of shillings meant for public development and service delivery.",2025,2025-10,2025 Q4
2025-10-09,Human Trafficking & Smuggling,Human Trafficking,2,Nairobi,,Male,,1.0,Male,,Extortion,Unknown,Daily Nation Pg 3,"Hundreds of East African migrants, including Somali nationals recruited in Kenya, were trafficked by the Magafe network through deceitful job promises and smuggling routes to Libya, where they were tortured, starved, and held for ransom.",2025,2025-10,2025 Q4
2025-10-09,Homicide & Unlawful Killing,Femicide,1,Nakuru,,Female,,,Unknown,,Sexual assault,Unknown,Daily Nation Pg 7,"The rape and murder of 30-year-old M-Pesa operator Jane Wanjiru, whose body was dumped near Delamere Farm in Naivasha, constitutes a femicide, with police investigating her last known associates and possible poisoning as the cause of death.",2025,2025-10,2025 Q4
2025-10-09,Public Order & Administration of Justice,Defamation,1,Nairobi,,Male,,1.0,Male,,Relief from duty,Unknown,Daily Nation Pg 4,"Supreme Court Judge Isaac Lenaola has sued businessman Kung’u Muigai in the High Court in Nairobi for defamation after Muigai accused him of taking a Sh1 million bribe in a 2004 land case, claims the judge says are false and intended to damage his reputation",2025,2025-10,2025 Q4
2025-10-10,Fraud & Financial Crimes,Insurance Fraud,1,Vihiga,,Unknown,,2.0,Male,,Financial gain,Unknown,Daily Nation Pg 4,"A 28-year-old woman walked into St Mark Orthodox Health Centre in Vihiga for her final prenatal clinic appointment before delivery. The doctor administered painkillers for a persistent headache. Investigations now show that four days later, she returned to the hospital and delivered a healthy baby boy through a normal birth. As a registered member of the Social Health Authority (SHA), the State insurer covered her bill. Typically, normal deliveries in public and mission hospitals cost around Sh10,000. However, a Directorate of Criminal Investigations (DCI) probe indicates that the facility was paid Sh285,000 after falsely claiming to have conducted a Caesarean section and nursed the mother and baby for a week.",2025,2025-10,2025 Q4
2025-10-10,Sexual & Gender-Based Violence,Rape,1,Kiambu,,Female,,1.0,Male,,Sexual assault,Unknown,The Standard Pg 4,"A suspected serial rapist was caught in the act with a grade 3 children. Charles Njiriri, who rescued the Grade Three victim, said the man had waylaid the girl on a lonely path and subdued her. Njiriri said he found the man in the act and shouted at him. The suspect respond-ed by whipping out a kitchen knife ready for battle. The commotion attracted students from the nearby Ndungu Njenga High School who joined in in the fight.",2025,2025-10,2025 Q4
2025-10-10,Homicide & Unlawful Killing,Murder,1,Kiambu,,Male,,,Male and Female,,Vengeance,Unknown,The Standard Pg 4,"A suspected serial rapist was killed by members of public after he was caught in the act in Ndelya area of Klambu County. Charles Njiriri, who rescued the Grade Three victim, said the man had waylaid the girl on a lonely path and subdued her. Njiriri said he found the man in the act and shouted at him. The suspect respond-ed by whipping out a kitchen knife ready for battle. The commotion attracted students from the nearby Ndungu Njenga High School who joined in in the fight. According to villagers, the man has been raping women for over two years.",2025,2025-10,2025 Q4
2025-10-10,Human Trafficking & Smuggling,Child Trafficking,1,Uasin Gishu,,Male,,1.0,Female,,Marital Issue,Unknown,The Standard Pg 3,"A woman accused of kid-napping a six-year-old A boy in May last year, told an Eldoret court that she purchased the child for Sh30,500 from a willing seller. The court heard that the child was stolen on May 16, last year, in Langas, an informal settlement in Eldoret City. He was later trafficked to Kisii County, where he was cared for by Kwamboka. During the hearing, Abscondita Azenge, the alleged biological mother of the boy, was reunited with her son.",2025,2025-10,2025 Q4
2025-10-11,Fraud & Financial Crimes,Extortion,1,Nairobi,,Unknown,,1.0,Male,,Extortion,Abuse of office,The standard Pg 3,"Oscar Mungai Kianyi,a Nairobi County enforcement officer was arrested for collecting money from members of the public.thats when he jumped from 6th floor of city hall annex,fell on the pavements and died on the spot.",2025,2025-10,2025 Q4
2025-10-12,Traffic & Safety Offences,Traffic Obstruction,1,Unknown,,Unknown,,2.0,Male,,Negligence,Abuse of office,The Standard Pg 2,A video showing Kibra MP Peter Orero's vehicle flouting traffic rules and hurling insults at CNN journalist Larry Madowo has sparked widespread outrage on social media.,2025,2025-10,2025 Q4
2025-10-13,Homicide & Unlawful Killing,Rape And Murder,1,Nakuru,,Female,,,Unknown,,Unknown,Unknown,Daily Nation Pg 15,"The Postmortem report has revealed that, an Jane Wanjiru, an M-Pesa operator whose body was found dumped near delamere farm along Nairobi-Nakuru road was raped and strangled to death. Besides that, there is a clear indication that, she  was sexually assaulted before being killed as the postmortem was done in the presence of Wanjiru's family members, DCI investigators and friends. However, investigations is conducted to ascertain the perpetrators.",2025,2025-10,2025 Q4
2025-10-14,Homicide & Unlawful Killing,Murder,1,Meru,,Female,,1.0,Female,,Unknown,Blunt object,Daily Nation Pg 3,"Reports of 65 yr old nun Anselimina Karimi and administrator of Meru Childrens Home was found lying on her back in her home on 12th Oct. 2025, The DCI continue to carry out investigations as a senior security officer affirmed the prime suspect is a nun who had been transferred to the area to take over the admnistrative position. Further analysis informed the investigative team that the crime scene had been tampered with/ cleaned and evidences showed that the victim had been hit with a blunt object elswhere and brought back to her house where the body was found.",2025,2025-10,2025 Q4
2025-10-14,Homicide & Unlawful Killing,Murder,1,Nakuru,,Female,,,Unknown,,Unknown,Unknown,The Standard Pg 3,"Reports of murder as a woman is found by the roadside in Mirera area, Naivasha, Police have preliminary classsified as sudden death as nothing evidences foul play. The investigative officers await the postmortem to determine the actual cause of death.",2025,2025-10,2025 Q4
2025-10-14,Homicide & Unlawful Killing,Murder,1,Nakuru,,Female,,,Unknown,,Unknown,Unknown,The Standard Pg 3,"Reports of murder as a woman is found by the roadside in Mithuri area, Naivasha, Police have preliminary classsified as sudden death as nothing evidences foul play. The investigative officers await the postmortem to determine the actual cause of death.",2025,2025-10,2025 Q4
2025-10-14,Homicide & Unlawful Killing,Murder,1,Nakuru,,Male,,,Unknown,,Unknown,Unknown,The Standard Pg 3,"Reports of murder as a man is found dead in his house in Kabati, Naivasha. The cause of death is unknown and investigating officers continue to carry out investigations while awaiting postmortem results.",2025,2025-10,2025 Q4
2025-10-14,Assault & Bodily Harm,Assault,1,Embu,,Male,,1.0,Male,,Unknown,Unknown,Daily Nation Pg 3,Reports of students unrest on 12th Oct. 2025 night at Kangaru High School in Embu following an assult scenario where a student got beaten and injured by a teacher resulting to tension and students moving out of the school premises despite efforts of fellow teachers and security calming down the students. Investigations into the matter are ongoing.,2025,2025-10,2025 Q4
2025-10-14,Homicide & Unlawful Killing,Murder,1,Nairobi,,Male,,1.0,Male,,Unknown,Arrow,Daily Nation Pg 4,"Reports of murder of GSU Officer - Ramadhan Matanka by 56 yr old Kithuka Kimunyi outside gate D of State House before being rushed to KNH but succumbed to his injuries. CCTV showed the perpetrator carrying a sack with bow and arrow inside, the two conversed for 17 minutes suggesting maybe they were well acquinted. Investigations are ongoing to establish the motive behind.",2025,2025-10,2025 Q4
2025-10-14,Homicide & Unlawful Killing,Murder,1,Nairobi,,Female,,,Unknown,,Unknown,Fire,Daily Nation Pg 20,"Reports of inferno in Mukuru-Kayaba slum, Nairobi which resulted to the death of a 2 yr old girl who had been locked inside thier home as the mother was away on a drinking spree and loss of four houses with values unknown.",2025,2025-10,2025 Q4
2025-10-15,Homicide & Unlawful Killing,Defilement And Murder,1,Nairobi,,Female,,1.0,Male,,Marital issue,Unknown,The Standard Pg 3,"Stephen Otieno, a man in Nairobi was found guilty of defiling and killing his two-year-old stepdaughter in a shocking act of domestic violence. He murdered the child as a way to “punish” his wife, whom he suspected of having an extramarital affair.",2025,2025-10,2025 Q4
2025-10-15,Homicide & Unlawful Killing,Infanticide,1,Kakamega,,Male,,1.0,Male,,Unknown,Machete,The Standard Pg 3,"Amondo Molaa, a 39-year-old man in Kakamega allegedly beheaded his brother's one-month-old son during a traditional shaving ceremony in Malava Constituency. The infant was brought by the mother for the customary ritual when the suspect used a slasher to sever the baby's neck. The motive remains unclear, and the suspect is in police custody undergoing investigations and psychiatric evaluation.",2025,2025-10,2025 Q4
2025-10-15,Homicide & Unlawful Killing,Murder,1,Machakos,,Male,,2.0,Male,,Land resource gain,Firearm,Daily Nation Pg 2,"Samuel Muiruri, a youth leader and accountant for a local welfare group in Katani, Syokimau (Machakos County), was shot dead on October 12, 2025, following a meeting over a land dispute. Reports indicate that Muiruri had been summoned to discuss a disagreement involving the sale of a parcel of land. The meeting, organized by a businessman identified as Farah, turned violent when an argument broke out. During the confrontation, an armed man accompanying Farah drew a gun and shot Muiruri in the chest, killing him instantly.",2025,2025-10,2025 Q4
2025-10-16,Drugs & Contraband,Drug Trafficking,2,Meru,,Female,,,Unknown,,Drug trafficking,Unknown,Daily Nation Pg 21,"Detectives in Meru arrested two teenage girls acting as drug mules transporting 75 kilograms of bhang worth Sh750,000 from Nairobi to Maua, exposing a criminal network using minors to traffic narcotics.",2025,2025-10,2025 Q4
2025-10-16,Fraud & Financial Crimes,Fraud,1,Bungoma,,Unknown,,3.0,Male and Female,,Land resource gain,Forged documents,Daily Nation Pg 21,"The EACC successfully recovered a Sh35 million government land parcel in Bungoma after the court found that Judith Nekoye and the previous owners fraudulently acquired and developed public property, an act amounting to illegal acquisition of public land under Kenya’s anti-corruption laws.",2025,2025-10,2025 Q4
2025-10-16,Corruption & Abuse of Office,Corruption,1,Turkana,,Unknown,,3.0,Male and Female,,Financial gain,Unknown,Daily Nation Pg 25,"Turkana County accountant Esther Lokai Elim and her partner Peter Epagan are accused of defrauding the county of Sh24.9 million through a proxy company that never delivered nutrition supplements, constituting corruption and conflict of interest under Kenyan law.",2025,2025-10,2025 Q4
2025-10-17,Traffic & Safety Offences,Contravention Of Aviation Safety Regulations,1,Nairobi,,Unknown,,,Male and Female,,Mourning,Unknown,Daily Nation Pg 3,"A major security breach occurred at Jomo Kenyatta International Airport (JKIA) when mourners and boda boda riders forced their way into the State Pavilion during the arrival of Raila Odinga’s body. They broke through security barriers, entered restricted areas, and overwhelmed officers, prompting military and police intervention.",2025,2025-10,2025 Q4
2025-10-20,Homicide & Unlawful Killing,Murder,1,Kilifi,,Male,,1.0,Male,,Unknown,Unknown,Daily Nation pg 17,A group of Boda Boda Riders stormed the house of Mr. Diga Kalume who is in pursuit of killing a boda boda guy,2025,2025-10,2025 Q4
2025-10-20,Property Destruction & Arson,Arson,1,Kilifi,,Male,,,Male,,Retaliation,Fire,Daily Nation pg 17,"A group of Boda Boda Riders stormed the house of Mr. Diga Kalume who is in pursuit of killing a boda boda guy. They wanted to lynch the suspect and police obstructed them, therefore, they went on and burnt some part of his home.",2025,2025-10,2025 Q4
2025-10-20,Homicide & Unlawful Killing,Extra-Judicial Killing,1,Kilifi,,Male,,,Unknown,,Disperse protestors,Firearm,Daily Nation pg 17,"A group of Boda Boda Riders stormed the house of Mr. Diga Kalume who is in pursuit of killing a boda boda guy. They wanted to lynch the suspect and police obstructed them, therefore, they went on and burnt some part of his home. Besides that, the police fired warning shots to disperse them, the bullets claimed the life of hardware store employee cycling back to work.",2025,2025-10,2025 Q4
2025-10-20,Property Destruction & Arson,Arson,1,Homa Bay,,Female,,,Unknown,,Unknown,Fire,Daily Nation pg 17,Rangwe Mp's Bungalow House was set on fire by unknown people when the area had power blackout and the legislator wasn't around. She was among the logistic committee arranging transportation of Former Prime Minister's body to Kisumu.,2025,2025-10,2025 Q4
2025-10-21,Homicide & Unlawful Killing,Murder,1,Nakuru,,Male,,,Unknown,,Unknown,Unknown,Daily Nation Pg 20,"On 4th October, One year old Issac Francis - son to Celestine Anyona and Bernard Masanga was reported to have gone missing in suspicion of being kidnapped, over the weekend his body was found dumped in a trench with injuries on the head, the news leaves the couple devastated and crying for justice.",2025,2025-10,2025 Q4
2025-10-21,Homicide & Unlawful Killing,Murder,2,Isiolo,,Male,,,Male,,Retaliation,Firearm,The Standard Pg 4,"Reports of murder of two men along Gotu - Merti road in a costruction site, Isiolo county; Ibrahim Boru - Construction site manger's son & David Opiyo - Project Engineer. This was from a retaliation assault by bandits believed from Samburu county after a previous rustling incident. The police condemn the incidence as they carry out investigation into the case. The stolen items have been retrieved by the police.",2025,2025-10,2025 Q4
2025-10-21,Assault & Bodily Harm,Gang Violence,12,Taita Taveta,,Male and Female,,,Unknown,,Financial gain,Unknown,The Standard Pg 11,"Reports of gang violence targeting Pentecostal and ACK churches in Werugha, Sungululu, Mwalenyi, Mdundonyi, Mwatate, Voi areas in Taita Taveta County hav led to fear as churches report break ins and stolen valuations, the police who've condemned the incidences urge for churches to employ security guards as they're many and difficult to Man all.",2025,2025-10,2025 Q4
2025-10-21,"Robbery, Theft & Burglary",Theft,1,Siaya,,Male,,1.0,Male,,Unknown,Firearm,The Standard Pg 11,"Reports of a gun theft in Bondo, GSU  VIP Protection Unit Officer - Constable Benson Kodia Olayo while deployed at JOOUST University in the burial ceremony of former Prime Minister Raila A. Odinga gun got snatched by a member of the public as the huge crowd pressured to approach the venue, the Constable found it difficult to trace perpetrator from the crowd, Investigations are ongoing with no success.",2025,2025-10,2025 Q4
2025-10-22,Homicide & Unlawful Killing,Murder,4,Nairobi,,Male and Female,,,Unknown,,Unknown,Firearm,Daily Nation Pg 3,"Several people lost their lives while bidding farewell to Raila Odinga during a public gathering. The tragedy occurred as supporters turned up in large numbers to pay their respects, leading to a chaotic scene that resulted in multiple fatalities. Authorities have launched investigations to establish the exact cause of the incident and ensure safety measures in future public events",2025,2025-10,2025 Q4
2025-10-22,Homicide & Unlawful Killing,Murder,2,Mombasa,,Male,,2.0,Male and Female,,Unknown,Unknown,The Standard Pg 8,"A wealthy Dutch businessman in Mombasa was murdered; the evidence suggests his wife may have plotted the killing with help from insiders and third-party perpetrators in order to inherit his wealth. The case is now in court, with one of the co-accused admitting involvement and cooperating with the prosecution.",2025,2025-10,2025 Q4
2025-10-22,Homicide & Unlawful Killing,Murder,1,Unknown,,Female,,2.0,Male,,Unknown,Unknown,The Standard Pg 16,"Unknown assailants broke into her house i during the early morning hours. They were armed. During the attack, Aisha was stabbed and fatally injured, while her son sustained serious head wounds as he tried to defend her. After the brutal assault, the attackers stole several items, including a mobile phone belonging to her son. The stolen phone later became the key lead in the investigation — police traced its usage and arrested one of the main suspects, Joseph Sunday Otieno, who was found with it.",2025,2025-10,2025 Q4
2025-10-23,Homicide & Unlawful Killing,Murder,40,Nairobi,,Female,,1.0,Male,,Unknown,Unknown,Daily Nation Pg 7,"A man claiming to be Collins Jumaisi Khalusha, the fugitive serial killer accused of murdering and mutilating over 40 women in Nairobi’s Kware area, has been arrested in Naivasha, though police are still verifying his identity.",2025,2025-10,2025 Q4
2025-10-23,Fraud & Financial Crimes,Fraud,1,Nairobi,,Male and Female,,1001.0,Male and Female,,Financial gain,Digital platform,Daily Nation Pg 15,"A university student in Nairobi was arrested for being part of an online syndicate of over 1,000 members accused of selling fake KCSE exam papers to parents, teachers, and students for profit a clear case of fraud and exam malpractice under Kenyan law.",2025,2025-10,2025 Q4
2025-10-23,Homicide & Unlawful Killing,Murder,1,Homa Bay,,Female,,1.0,Male,,Disperse protestors,Firearm,Daily Nation Pg 19,"Ms Oketch, was fatally shot by a police officer while dispersing a crowd outside Homa Bay Police Station, after which the officer allegedly attempted to influence the victim’s family to withdraw the case.",2025,2025-10,2025 Q4
2025-10-23,Homicide & Unlawful Killing,Murder,1,Nakuru,,Male,,,Unknown,,Unknown,Unknown,The Standard Pg  8,William Nyabera a Ministry of Agriculture Driver was attacked near his home on October 12 and his body dumped in Kipsoton village in Ingobor in Nakuru West.,2025,2025-10,2025 Q4
2025-10-23,Corruption & Abuse of Office,Corruption,1,Nairobi,,Unknown,,,Unknown,,Financial gain,Unknown,The Standard Pg  10,"SHA officials are accused of misappropriating Sh77 million by inflating legal fees for cases valued at only Sh13 million, resulting in a major corruption scandal involving misuse of public health funds.",2025,2025-10,2025 Q4
2025-10-24,Homicide & Unlawful Killing,Murder,7,Isiolo,,Unknown,,,Unknown,,Cattle rustling,Firearm,The Standard pg 3,"A security team conducted and operation resulting in the death of 5 people . They were connected to a cattle rustling incident. A day later , in a separate retaliatory attack bandits killed two more people .",2025,2025-10,2025 Q4
2025-10-24,Homicide & Unlawful Killing,Murder,2,Turkana,,Male,,,Unknown,,Unknown,Firearm,Daily Nation Pg 12,"Insecurity is worsening in the newly-created Aroo sub-county, on the border of Turkana-West Pokot counties, with families fleeing their homes and institutions, including schools, closing down. Two police reservists who were part of a multi-agency security team on regular patrol were shot dead. This sparked outrage, with residents blocking the Kapenguria-Lokichar road at Kaputir Junction using burning tyres and tree branches.",2025,2025-10,2025 Q4
2025-10-26,Homicide & Unlawful Killing,Murder,1,Migori,,Female,,2.0,Unknown,,Financial gain,Firearm,The Standard Pg 3,"Police in Migori County are investigating the  fatal shooting of a 48 year old woman who was an mpesa agent by two masked assailants. This was her third attack. Earlier that day, she had deposited Kshs 500,000 for a customer. No money was stolen only an Mpesa agent phone.",2025,2025-10,2025 Q4
2025-10-26,Homicide & Unlawful Killing,Murder,2,Turkana,,Unknown,,,Unknown,,Unknown,Firearm,The Standard Pg 3,Two National Police Reservists were shot dead near Kaputir Centre by multi-agency security officers while on patrol. ,2025,2025-10,2025 Q4
2025-10-27,Assault & Bodily Harm,Assault,1,Narok,,Male,,2.0,Unknown,,Excessive force,Metal chains and Acid,The Daily Nation pg 3,"Felix Senet , a 17-year-old student was arrested on suspicion of theft . Whilst being tortured he sustained severe infections . He was coerced into pleading guilty in court. the case has sparked public outcry and is under investigation by IPOA.",2025,2025-10,2025 Q4
2025-10-27,Human Trafficking & Smuggling,Human Trafficking,6,Unknown,,Male,,,Unknown,,Human exploitation,Deception,The Standard pg 2,"Javan a 27-year-old was trafficked to Russia under a false pretense of a factory/hotel job. (He mentions 5 other victims who go through the same process as him ).Upon arrival in St.Petersburg, his passport and phone were confiscated and he was forced to sign conscription documents. After 5 days of training, he was sent to the frontlines of the war in Ukraine where he suffered a severe arm injury and extreme deprivation. He eventually escaped with the help of Kenyan Embassy. The case is linked to a human trafficking investigation in Kenya involving a suspect named Edward Giruku and an agency called Global Space.",2025,2025-10,2025 Q4
2025-10-27,Sexual & Gender-Based Violence,Child Abuse,1,Meru,,Female,,1.0,Male,,Punishment,Rope and boiling water,The Daily Nation pg 3,"A 15-year-old girl was brutally attacked by a business man . Despite a previous warning , the man tied her hands and poured boiling water on her causing second-degree burns. The suspect was questioned by police but released, pending approval from Director of Public Prosecutions. The victim remains hospitalized, while suspect is free",2025,2025-10,2025 Q4
2025-10-28,Drugs & Contraband,Drug Trafficking,1,Nairobi,,Unknown,,1.0,Female,,Financial gain,Drugs,The Standard Pg 3,"Detectives have reported the arrest of 48 yr old Safia - Drug Trafficker in her home at Raila Odinga Estate, Langata-Nairobi, drug evidence - cannabis and cocaine valued at sh.1M was ceased together with her passport as the JKIA Court Magistrate Thuku allowed for Police to hold the detain suspect for more days to unarchive her network.",2025,2025-10,2025 Q4
2025-10-28,Fraud & Financial Crimes,Fraud,7,Uasin Gishu,,Male and Female,,3.0,Male,,Financial gain,Forged documents,The Standard Pg 2,"Fraud case involving Uasin Gishu Senetor Mandago and two county officials Meshack Rono and Joshua Lelai who've been charged with conspirancy, stealing, abuse of office, misappropriation of funds. Senior Counsel Kigen Katwa the allowed to participate in the sh.1.1 billion Finland and Canada Education Programme scandal representing seven victims; Noah Koskei, Edward Kiptet, Milkah Sambu, Christopher Rotich, Japheth Too, Shadrack Juma, Josephine Boss. ",2025,2025-10,2025 Q4
2025-10-28,Drugs & Contraband,Drug Trafficking,1,Mombasa,,Male and Female,,6.0,Male,,Financial gain and Transit hub exploitation,Drugs,Daily Nation Pg 10,"The Anti-Narcotic Police unit, Navy seal and partners intercepted an un-flagged vessel/ boat and siezed sh. 8.2 Billion worth of Meth from six Iranian Nationalist who were on the Indian Ocean and suspected of trafficking the drugs into Kenya. Motive evidencing Transit hub exploitation and financial gain by international networks.",2025,2025-10,2025 Q4
2025-10-29,Homicide & Unlawful Killing,Murder,1,Kisumu,,Male,,,Unknown,,Unknown,Unknown,The Standard Pg 10,"A 41-year-old man identified as Patrick Okello Amemo, a tractor driver was found brutally murdered and beheaded near his rented house. Early one morning, a boda-boda rider discovered a human head wrapped in a paper bag lying on the road at Kona Mbaya along the Achego–Muhoroni road. Police later found the victim’s headless body a few metres away near his home in Muhoroni, Kisumu County, prompting police investigations into the shocking incident.",2025,2025-10,2025 Q4
2025-10-29,Other Offences,Publication Of False And Misleading Information,1,Meru,,Unknown,,1.0,Male,,Financial gain,Forged documents,The Standard Pg 3,"A Meru University student, Nasiuma Chrispinus Nambafu, was charged at the Milimani Law Courts in Nairobi for allegedly selling fake Kenya Certificate of Secondary Education (KCSE) examination papers through WhatsApp.",2025,2025-10,2025 Q4
2025-10-30,Assault & Bodily Harm,Assault,2,Kwale,,Male and Female,,1.0,Male,,Drug influence,Unknown,Daily Nation Pg 14,"Dutch national Elwin Ter Horst was arrested in Diani, Kwale County, after assaulting his Kenyan girlfriend, attacking police officers, and being found with suspected drugs, leading to his detention and investigation for multiple offences including assault, drug possession, and immigration violations.",2025,2025-10,2025 Q4
2025-10-30,Sexual & Gender-Based Violence,Defilement,17,Meru,,Female,,,Male,,Sexual exploitation,Unknown,Daily Nation Pg 7,"Seventeen Grade Six girls aged 12–17 in Meru County sat their KPSEA exams at Nyambene Level 5 Hospital after giving birth, revealing a widespread crisis of defilement and sexual exploitation of minors linked to adult perpetrators, underscoring systemic child protection failures in the region",2025,2025-10,2025 Q4
2025-10-30,Corruption & Abuse of Office,Corruption,1,Nairobi,,Unknown,,,Unknown,,Embezzlement of public funds,Unknown,Daily Nation Pg 12,"A decade-long forensic audit uncovered a grand corruption scheme at Ketraco where officials, valuers, and private entities colluded to embezzle billions of shillings through inflated wayleave compensations, irregular valuations, and falsified documents across multiple national electricity transmission projects.",2025,2025-10,2025 Q4
2025-10-30,Corruption & Abuse of Office,Corruption,1,Nyamira,,Unknown,,,Unknown,,Financial gain,Unknown,Daily Nation Pg 10,"The EACC is probing Nyamira Governor Amos Nyaribo, senior county officials, and Spentech Engineering Ltd for embezzlement, procurement fraud, and abuse of office involving a Sh382 million public office construction contract, resulting in major financial losses to Nyamira County and Kenyan taxpayers.",2025,2025-10,2025 Q4
2025-10-30,Environmental & Wildlife Crimes,Environmental Crimes,6,Nairobi,,Male and Female,,,Unknown,,Corruption,Fire,Daily Nation Pg 22,"Criminal cartels and negligent oil firms in Nairobi’s Industrial Area are illegally running live power lines and dumping fuel waste through storm drains in Mukuru-Sinai, causing a deadly fire that injured four residents and exposing thousands to continued risk — a case of industrial negligence, corruption, and environmental crime.",2025,2025-10,2025 Q4
2025-10-30,Drugs & Contraband,Drug Trafficking,1,Nairobi,,Unknown,,5.0,Male,,Smuggling narcotics,Narcotics,The Standard Pg 2,5 people arrested for smuggling narcotics following a series of operations by the Multi agency Transnational Organised Crime Unit.,2025,2025-10,2025 Q4
2025-10-30,"Robbery, Theft & Burglary",Theft,2,Uasin Gishu,,Male,,1.0,Male,,Financial gain,Phone,The Standard Pg 16,Retired Athlete and Kenyatta University professor Mike Boit told the court that his drive Kevin Lagat stole sh1.4 million from his mobile phoneafter secretly obtaining his M-pesa pin and bank details using a phone number of a person who died 15 years ago. ,2025,2025-10,2025 Q4
2025-10-30,Land & Eviction Offences,Land Grabbing,1,Nairobi,,Unknown,,2.0,Male,,Land resource gain,Abuse of office,Daily Nation Pg 17,"Former Cabinet Minister John Joseph Kamotho and a former Commissioner of Lands illegally acquired a 7.11-hectare section of Karura Forest in Nairobi, constituting fraudulent acquisition of public land, which the court has now revoked and returned to the public as part of an EACC-led anti-corruption recovery effort.",2025,2025-10,2025 Q4
2025-10-30,Abduction & Kidnapping,Kidnapping,1,Trans Nzoia,,Female,,,Male and Female,,Marital issue,Unknown,Daily Nation Pg 21,"A 38-year-old KMTC accountant, Caroline Mokeira, disappeared under suspicious circumstances after leaving home with her husband in Kitale, with her phone later traced to the Suam border, prompting investigations into a possible kidnapping or domestic-related disappearance in Trans Nzoia County.",2025,2025-10,2025 Q4
2025-10-31,Homicide & Unlawful Killing,Murder,1,Taita Taveta,,Male,,,Unknown,,Land resource gain,Crude weapons,The Standard Pg 18,"Tension is high along the border between Taita Taveta and Kajiado counties following the killing of a farmer, the injury of several others, and destruction of property. More than 70 houses were torched when members of the Maasai community descended on the disputed area armed with crude weapons and burnt down homes belonging to the Kamba. The Maasai community claimed the Kambas had encroached on their land using a title deed-a claim the Kambas denied, saying they had lived in the disputed area for the past 50 years.",2025,2025-10,2025 Q4
2025-10-31,Fraud & Financial Crimes,Insurance Fraud,1,Homa Bay,,Unknown,,4.0,Male and Female,,Embezzlement of public funds,Forged documents,Daily Nation Pg 14,"Former acting CEO of the Social Health Authority (SHA), Robert Ingasira, and three others have been charged with defrauding the health insurance agency of Sh17.5 million through fraudulent medical claims submitted from a private clinic. Mr Ingasira was arraigned alongside Arthur Otula, Rosemary Daraja and Peter Abuna over the alleged loss, which State prosecutors say was processed through Archprime Medical Clinic in Oyugis, Homa Bay County.",2025,2025-10,2025 Q4
2025-11-01,Abduction & Kidnapping,Abduction,1,Kwale,,Male,,4.0,Male,,Political intimidation,Unknown,The Standard Pg 5,"A Kenyan television reporter Shoka Juma based in Kwale Nyota tv was abducted by four men believed to be tanzania security officer in lungalunga border post,Kwale county.",2025,2025-11,2025 Q4
2025-11-01,Other Offences,Property Crime,1,Vihiga,,Male,,5.0,Male,,Economic gain,Unknown,The Standard Pg 7,Police in Vihiga county arrested five people believed to be part of cross county motorcycle theft syndicate that has been terrorising bodaboda operators in the region and selling the spare parts to neighbouring counties such as nandi and kakamega.,2025,2025-11,2025 Q4
2025-11-01,Abduction & Kidnapping,Abduction,1,West Pokot,,Female,,,Male,,Marriage,Unknown,The Standard Pg 17,"A grade 6 ,12 year old girl was taken from her bed as she slept next to her grandmother and sibling in the dead of the night by the abductors.She missed her KPSEA exams because the abductors wanted child bride before they could release her.And still they broke their promise. ",2025,2025-11,2025 Q4
2025-11-02,Homicide & Unlawful Killing,Murder,1,Nakuru,,Unknown,,4.0,Unknown,,Robbery,Unknown,The Standard Pg 3,Four police officers from Mai Mahiu station in Naivasha have been arrested over the killing of a colleague during a botched robbery on.,2025,2025-11,2025 Q4
2025-11-02,Homicide & Unlawful Killing,Murder,1,Nyandarua,,Male,,,Unknown,,Unknown,Unknown,The Standard Pg 3,The police in Kinangop are hunting a suspect linked to the brutal beheading of an 11 year old boy in Magumu Village,2025,2025-11,2025 Q4
2025-11-02,Homicide & Unlawful Killing,Murder,1,Baringo,,Male,,2.0,Male,,Unknown,Unknown,The Standard Pg 3,Two men have been sentenced to 20 years in prison for killing their neighbor 12 years ago in Mogotio village.,2025,2025-11,2025 Q4
2025-11-03,Corruption & Abuse of Office,Abuse Of Office,2,Vihiga,,Male and Female,,,Unknown,,Land resource gain,Unknown,The Standard pg 3,"Ondego died in 2020, but his burial has been delayed for 5 years due to land ownership dispute between his family and the Vihiga County Government. The family claims government tried to sieze their ancestral land under the pretext of development. Despite the court cases and appeals, the issue remains unresolved, with the reverend's body still in the morgue. His wife died in 2024 from stress related from the prolonged disputes.",2025,2025-11,2025 Q4
2025-11-04,Homicide & Unlawful Killing,Murder,2,Nakuru,,Male and Female,,,Unknown,,Unknown,Unknown,The Standard Pg 6,"Reports of distress among locals of Salgaa - rongai, Nakuru county, following a gruesome murder of an old couple - Joseph Kihiti 90yrs and his wife Bethrosa Wanjiru 63yrs while in their home in Muthaiga village. The incidence came to llight with their absence from church which was unusual, and after the church paid the couple a visit they found the backdoor accessible and pool of bloods where the two had been murdered in their house but nothing was stolen. Neighbors expressing fear for the senior citizens as John Njogu their son claims they had no enemies and wonders who had targetted his elderly parents.",2025,2025-11,2025 Q4
2025-11-04,Organized Crime & Terrorism,Religious Extremism,27,Mombasa,,Female and Children,,,Unknown,,Religious manipulation,Religious indoctrination,Daily Nation Pg 6,"Reports of religious extremism  as 7 women and 20 children are rescued in a church confinement (Zion Fire Anointing Ministries), Changamwe - Mombasa, where they had been kept in poor conditions, deprived of education and medical treatment, the police intervined from a public tip off where a woman was said to have removed her children from school and closed them in a church.",2025,2025-11,2025 Q4
2025-11-04,Fraud & Financial Crimes,Fraud,1,Kiambu,,Male and Female,,3.0,Male and Female,,Economic gain,Forged documents,Daily Nation Pg 19,"The EACC reports Filtronic International Limited falsified the company's financial records, doctored bank statements and presented fake employee credentials to secure the lucrative tender from the Governor Kimani Wamatangi-led administration. Filtronic International Limited and its directors —Benard Theuri, Chen Ligou and Martha Wachinga— of using forged audits, fictitious staff and falsified bank records to win a Sh230 million contract for an Enterprise Resource Planning (ERP) system.",2025,2025-11,2025 Q4
2025-11-05,"Robbery, Theft & Burglary",Burglary,1,Bungoma,,Male,,,Unknown,,Political differences,Unknown,The Standard Pg 8,"Kabuchai MP Majimbo Kalasinga's business premises were vandalized and looted by unknown goons amid heightened political tensions over the upcoming ward by-election, which Kalasinga publicly linked to his support for a rival candidate and condemned as politically motivated violence.",2025,2025-11,2025 Q4
2025-11-06,"Robbery, Theft & Burglary",Theft,1,Homa Bay,,Male,,2.0,Male,,Economic gain,Unknown,The Standard Pg 17,Police are looking for two suspects who escaped from custody at Magunda police station in Suba after stealing 3 goat which belongs to a teacher who was manning exams that day.,2025,2025-11,2025 Q4
2025-11-06,Fraud & Financial Crimes,Fraud,1,Multiple Counties,,Unknown,,5.0,Male and Female,,Embezzlement of public funds,Abuse of office,The Standard Pg 9,"Senior officials in Kenya's State Department for Sports and business associates allegedly embezzled Sh3.8 billion through fraudulent procurement deals between 2020 and 2026, leading to coordinated EACC raids recovering cash, vehicles, and property with ongoing investigations and prosecutions underway.",2025,2025-11,2025 Q4
2025-11-06,Environmental & Wildlife Crimes,Environmental Crimes,1,Nairobi,,Unknown,,1.0,Male,,Illegal logging,Axe and Machete,The Standard Pg 3,"The Labour Court affirmed the dismissal of Caleb Wafula for gross misconduct after he unlawfully cut down an indigenous tree on company property, upholding environmental protection policies though awarding him gratuity and notice pay for 13 years of service.",2025,2025-11,2025 Q4
2025-11-06,Fraud & Financial Crimes,Fraud,17000,Unknown,,Unknown,,,Unknown,,Embezzlement of public funds,Unknown,Daily Nation Pg 19,"A nationwide cartel of rogue HR officers, corrupt managers and private middlemen has been colluding to place fictitious or fraudulently-documented employees on government payrolls and manipulate promotions/retirement and allowances—diverting billions from the Kenyan public purse and denying legitimate job opportunities, and the Auditor-General, EACC and the Public Service Ministry are now investigating thousands of suspected cases.",2025,2025-11,2025 Q4
2025-11-06,Homicide & Unlawful Killing,Defilement And Murder,1,Kajiado,,Male,,2.0,Male,,Vengeance,Rope and a stuffed bag,The Standard Pg 9,"Two minors aged 12 and 10 unlawfully tied, weighted, and drowned a 4-year-old boy in Ongata Rongai as retribution for an insult, leading to their arrest and ongoing police investigations",2025,2025-11,2025 Q4
2025-11-06,Homicide & Unlawful Killing,Robbery And Murder,2,Nakuru,,Male and Female,,,Male and Female,,Robbery,Blunt object,Daily Nation Pg 14,"A 90-year-old pastor and his 63-year-old wife were brutally murdered at their home in Rigogo Farm, Nakuru County, with severe head injuries inflicted by an unidentified assailant using a blunt object, while their mobile phones were stolen, prompting ongoing investigations into the motives and suspects",2025,2025-11,2025 Q4
2025-11-07,Human Trafficking & Smuggling,Human Trafficking,33,Nairobi,,Male,,2.0,Male and Female,,Economic gain,Deception,The Standard Pg 2,"Ednah was charged at the Kahawa Law Courts for trafficking 11 men to Russia under the false pretenses of job opportunities. The victims were instead deployed to the Russian-Ukraine war. Detectives from the DCI  Transnational Organized Crime Unit arrested Kendi Ednah at Kasarani, recovering documents of other victim. Another suspect is Edward Kamau he was also charged for trafficking 22 Kenyans in a similar trafficking scheme.",2025,2025-11,2025 Q4
2025-11-07,Fraud & Financial Crimes,Extortion,2,Mombasa,,Male and Female,,,Unknown,,Financial gain,Unknown,Daily Nation Pg 22,"Danish resident of Shanzu claims to have noticed a pattern whereby when he drives alone, he's never stopped by police officers but when he drives with his kenyan wife , the police officers stop them and even detain them for nearly an hour and are forced to part with money. ",2025,2025-11,2025 Q4
2025-11-08,Homicide & Unlawful Killing,Murder,1,Nakuru,,Male,,1.0,Male,,Unknown,Unknown,The Standard Pg 3,Wilson Chebii is sentenced to 30 years for the murder of Wycliffe Simotwo.,2025,2025-11,2025 Q4
2025-11-08,Fraud & Financial Crimes,Fraud,2,Nairobi,,Male and Female,,,Unknown,,Financial gain,Forged documents,The Standard Pg 3,William Bentely Shares of EABL were sold out by a fraudster who used a fake passport.,2025,2025-11,2025 Q4
2025-11-08,Public Order & Administration of Justice,Swearing To False Affidavit,1,Nairobi,,Unknown,,1.0,Female,,Personal gain,Unknown,The Standard Pg 11,Sarah Wairimu lied to the police and swore a false affidavit about a lost passport to obtain a police abstract.,2025,2025-11,2025 Q4
2025-11-09,Other Offences,Examination Irregularity,1,Multiple Counties,,Unknown,,22.0,Unknown,,Examination cheating,Electronic Devices,The Standard Pg 3,Schools along Nyanza and Rift Valley have been using unauthorized materials and impersonations in their National Examinations. ,2025,2025-11,2025 Q4
2025-11-10,Public Order & Administration of Justice,Unlawful Docking,1,Kilifi,,Male and Female,,26.0,Unknown,,Economic gain,Unknown,Daily Nation Pg 5,"6 Passengers and 20 crew members were in a four-deckered yatch and the Kenya Ports Authority prove that they were here illegally. The yatch was in the country illegaly since no one noticed its arrival. It departed from Oman to Dubai to Kilifi but was not cleared. 4 sniper rifles were found. On Friday , Kilifi North Deputy Commisioner Samuel Mutisya chaired a multi-agency security meeting that focused on the technical search and verification of the yatch's documents. However, a report showed nothing suspicious was found in the vessel.",2025,2025-11,2025 Q4
2025-11-11,Homicide & Unlawful Killing,Murder,1,Machakos,,Male,,3.0,Male and Female,,Family property dispute,"Rope, a panga and sticks",Daily Nation Pg 19,"Detectives are holding three family members following the killing of a retired senior police officer Paul Kalima Tumbo at his home in Ngelani village. Machakos Central Sub-County Police Commander, Joseph Nderitu Muturi, said those in custody are Tumbo’s wife and two sons. Mr Muturi said the three were rescued from a mob that accused them of involvement in the killing of the 61-year-old Tumbo.",2025,2025-11,2025 Q4
2025-11-11,Drugs & Contraband,Drug Trafficking,1,Nairobi,,Male and Female,,,Unknown,,Drug trafficking,Drugs,The Standard Pg 20,"Reports of another meth shippment valued at sh. 20 Million nabbed in JKIA destined for Mahe-Seychelles, as DCI investigating officers reaffirmed unwavering ressolve to dismantle drug trafficking networks.",2025,2025-11,2025 Q4
2025-11-11,Homicide & Unlawful Killing,Murder,2,Homa Bay,,Male,,,Male,,Political differences,Unknown,The Standard Pg,"Confrontations between political supporters during an election campaign from Boyd Were ODM candidate and independent counterpart Philip Aroko's camp in Opondo village in central Kasipul led to 2 youths being killed, as religious leaders condemn the chaos rocking the campaigns.",2025,2025-11,2025 Q4
2025-11-11,Homicide & Unlawful Killing,Murder,4,Migori,,Male,,1.0,Male,,Leadership wraggles,Knife,The Standard Pg 19,"Reports of murder as a 30yr old victim got stabbed to death while three more victims undergo treatment at Migori county referral hospital over boda boda elections leadership wrangles, clergy in the county have condemned the incident as police carry a manhunt for the perpetrator who was identified but still at large.",2025,2025-11,2025 Q4
2025-11-11,Homicide & Unlawful Killing,Murder,1,Kakamega,,Male,,,Unknown,,Unknown,Unknown,The Standard Pg 19,"Teachers in Kakamega County have threatened to disrupt the ongoing KCSE examinations following death of Simon I. Shange - School Principal, Munyuki PAG Sec. Sch. who was reported missing after an accident incident in Eldoret - Malaba Highway where his car was found abandoned only a week later, the body to found mutilated at river Kipkaren. The teachers association in Kakamega hold grudge from a previous unsolved murder of a deputy teacher, as the western region police commander - Issa Mohamud affirm continued investigation into the case. ",2025,2025-11,2025 Q4
2025-11-13,Assault & Bodily Harm,Assault,2,Nakuru,,Male,,2.0,Male and Female,,Punishment,Hot metal rod,Daily Nation Pg 23,"A 60-year-old grandmother and the boys' stepfather tortured two grandsons (aged 8 and 11) by burning them with a hot iron rod over missing Sh1,500 chama money in Mau Summit, Nakuru, leading to her arrest while he fled.",2025,2025-11,2025 Q4
2025-11-13,Fraud & Financial Crimes,Fraud,1,Unknown,,Unknown,,,Unknown,,Economic gain,Forged documents,Daily Nation Pg 17,"Fraudulent hospitals and their directors stole hundreds of millions from Kenya’s Social Health Insurance Fund by falsifying medical records and billing for services not provided, diverting public health funds into personal accounts.",2025,2025-11,2025 Q4
2025-11-13,Homicide & Unlawful Killing,Murder,1,Kisii,,Female,,1.0,Male and Female,,Marital issue,Unknown,The Standard Pg 10,"A 48‑year‑old Kenyan woman, Margaret Bosibori, who had been missing for about two months, was found buried in a shallow grave in Mwembe–Cathedral, Kisii Town, with her 55‑year‑old intimate partner arrested as the prime suspect in her murder and secret burial.",2025,2025-11,2025 Q4
2025-11-13,Organized Crime & Terrorism,Banditry,19,Multiple Counties,,Unknown,,,Male and Female,,Cattle rustling,Firearm,The Standard Pg 8,Armed bandits killed 19 people and stole over 700 livestock in raids along the Turkwel belt bordering West Pokot and Turkana Counties since July 2025,2025,2025-11,2025 Q4
2025-11-15,Sexual & Gender-Based Violence,Fgm,50,West Pokot,,Female,,,Unknown,,Cultural practice,Unknown,The Standard pg 10,"More than 50 girls undergo FGM in West Pokot , Otiot. Chief Paul Kaytum confirmed the incident. Residents of the area have been urged to corporate with police to bring an end to this criminal activity.",2025,2025-11,2025 Q4
2025-11-15,Organized Crime & Terrorism,Terrorism,9,Mombasa,,Unknown,,9.0,Unknown,,Recruitment,Religious indoctrination,The Standard pg 3,"A well-known lawyer from Mombasa was arrested by ATPU for allegedly financing and coordinating the movement of at least 17 youths planning to join ISIS through Somalia and Yemen. The funds were moved through cryptocurrency and cross-border networks described as one of the most sophisticated terror facilitation cells ever uncovered in Kenya. Several earlier arrests and interviews from recruits gave ATPU the leads that linked the lawyer to the logistics, radicalization pipeline, and financing structure of the network.",2025,2025-11,2025 Q4
2025-11-15,Public Order & Administration of Justice,Contempt Of Court,1,Nairobi,,Male,,1.0,Male,,Evade debt repayment,Unknown,The Standard pg 10,"A retired diplomat, Marcellus Lazima Chege, was sentenced to one month in civil jail after repeatedly ignoring a court order requiring him to pay a KSh 6.4 million debt to a businessman. Despite being directed several times by the Environment and Land Court, he kept dodging both the court and the complainant, citing health issues. His continued disobedience led the court to jail him for contempt.",2025,2025-11,2025 Q4
2025-11-15,Homicide & Unlawful Killing,Murder,1,Baringo,,Male,,1.0,Male,,Confrontation,Machete,The Standard pg 3,"Jonathan Kiprop killed his father, William Kiptongony. He fatally attacked him with a panga where he cut off his right hand , then proceeded to chop his head off. He was sentenced to thirty years in prison.",2025,2025-11,2025 Q4
2025-11-16,Homicide & Unlawful Killing,Murder And Robbery With Violence,14,Multiple Counties,,Unknown,,6.0,Unknown,,Robbery,Physical Assault,Daily Nation Pg 2,"Police are seeking to charge Peter Muhia Njenga with the murder of a security guard killed during a February robbery at a Juja liquor store. Njenga is also suspected to be the mastermind of a gang responsible for over 13 break-ins across the Nairobi Metropolitan area, where alcohol worth more than Sh50 million was stolen. Several of his suspected accomplices have already been arrested and charged with robbery with violence and murder, while Njenga has repeatedly evaded arrest, including during a police raid on November 8. Investigators link him to the gang through surveillance, his unexplained cash flow, and information from a Ngara bar where the group frequently met. Police say they will charge him with murder and robbery with violence once apprehended.",2025,2025-11,2025 Q4
2025-11-17,Homicide & Unlawful Killing,Murder,3,Nakuru,,Male and Female,,,Unknown,,Economic gain,Robbery,Daily Nation Pg 13,"Detectives in Salgaa, Nakuru, are investigating three killings of elderly people within two weeks. The latest victim, Margaret Wambui (65), was found dead in her home with severe head injuries and signs of a violent struggle. Her house had been ransacked, and several items were stolen. Earlier, an elderly couple, Joseph Ndegwa Kihiti (90) and Rose Wanjiku (63), were murdered in their home at Rigogo Farm with similar blunt-force injuries. The repeated attacks have created fear among residents, who believe a serial killer or gang may be targeting elderly people. DCI officers are pursuing multiple leads to determine whether the murders are connected and to arrest the suspects.",2025,2025-11,2025 Q4
2025-11-18,"Robbery, Theft & Burglary",Burglary,1,Nairobi,,Unknown,,7.0,Male and Female,,Financial gain,Vehicle,The Standard pg 19,"Police in Nairobi have arrested six members of a sophisticated criminal syndicate believed to be responsible for over 180 house break-ins across the city's affluent estates. The gang used a high-end vehicle with fake plates to gain access to gated communities and relied on female accomplices who posed as domestic workers to scout targets. The arrest of the multi-national group, including an alleged Indian ringleader, is considered a major breakthrough after a two-year crime spree.",2025,2025-11,2025 Q4
2025-11-18,Homicide & Unlawful Killing,"Radicalization, Terrorism , Murder",1,Kilifi,,Male,,2.0,Male,,Religious manipulation,Religious indoctrination,The Standard pg 19,"DCI officers arrested two suspects linked to the Kwa Binzaro cult in Kilifi after more than five months on the run. Julius Thuva Liwali (35) was found hiding at Musee’s home in Kanyaa village, while Charles Mutua Musee (67) was arrested at Kanyonyo trading centre as he tried to flee. Musee is said to be a former Shakahola cult member whose family is believed to have died in 2022. Police recovered mobile phones, notebooks, a motorcycle and other exhibits.",2025,2025-11,2025 Q4
2025-11-18,Abduction & Kidnapping,Abduction,3,Lamu,,Male,,,Unknown,,Political intimidation,Gun and Vehicle,Daily Nation Pg 19,Three businessmen were forcibly abducted in separate incidents over three months in Kiunga Town. The abductions are believed to have been carried out by state security agents. The families have been unable to locate them and are demanding answers from the government.,2025,2025-11,2025 Q4
2025-11-18,Corruption & Abuse of Office,Corruption,1,Nairobi,,Male,,1.0,Male,,Financial gain,Abuse of office,The Standard pg 10,"The chairperson of the Anti-Counterfeit Authority, Josphat Kabeshea, was arrested and charged with six counts of corruption for allegedly demanding and receiving over Sh5 million in bribes from a Chinese investor. The bribes were intended to protect the investor from prosecution for trading in counterfeit goods. He was released on a Sh1 million cash bail.",2025,2025-11,2025 Q4
2025-11-19,Fraud & Financial Crimes,Fraud,3,Multiple Counties,,Male and Female,,3.0,Male and Female,,Financial gain,Deception,Daily Nation pg 3,"These are 3 separate cases but the same offense is fraud. First one is a Briton lady who met a man online , they were seeing each other for several months, she advocated for a romantic dinner. He then pulled over with two other men where hthey created a fake scenario and made her send 800k through mobile money means. The second one , found a woman on a dating site and he was lured and he lost 400k in Nakuru town. Third one ,  a businessman met a woman in a club at Lavington and he took an airbnb in Milimani and she coned him 300k.",2025,2025-11,2025 Q4
2025-11-20,Homicide & Unlawful Killing,Defilement And Murder,1,Garissa,,Female,,4.0,Male and Female,,Sexual assault,Strangulation,Daily Nation Pg 28,"Police are holding four suspects for 20 days for the defilement and murder of a 17-year-old girl. The main suspect, her uncle, is accused of defiling and strangling her. The other three are accused of being accessories and attempting to conceal the crime.",2025,2025-11,2025 Q4
2025-11-20,Fraud & Financial Crimes,Fraud,700,Multiple Counties,,Male and Female,,,Male and Female,,Financial gain,Deception,Daily Nation Pg 2,"Over 700 Kenyan youth allegedly defrauded by recruitment agencies that induced them to take Youth Fund loans using false promises of overseas jobs, leading to financial loss, passport confiscation, and prolonged unemployment in Nairobi and the Coast region.",2025,2025-11,2025 Q4
2025-11-20,Homicide & Unlawful Killing,Homicide And Destruction Of Property,1,Homa Bay,,Male and Female,,2.0,Male,,Political differences,Unknown,Daily Nation Pg 10,"Two Kenyan civilians were killed and several others injured in Kasipul, Homa Bay County, after supporters of rival by-election candidates Philip Aroko and Boyd Were clashed during campaign activities driven by political rivalry and failure to adhere to electoral conduct rules.",2025,2025-11,2025 Q4
2025-11-21,Cybercrime,Violation Of Privacy,2,Nairobi,,Male and Female,,2.0,Male and Female,,Security Purpose,Cctv,Daily Nation Pg 24,"A Nairobi couple has been ordered to pay their neighbour Sh200,000 in compensation for a privacy breach after CCTV cameras installed for security purposes had intruded into the neighbour’s home. Mr JK and Ms FW, installed CCTV cameras following a burglary attempt in their upscale Nairobi neighbourhood. What started as a standard security measure escalated into a protracted legal battle when their neighbours, Ms LN and Mr GM, noticed that two cameras were positioned in a way that captured not just the respondents’ property but also extended into their home.",2025,2025-11,2025 Q4
2025-11-21,Fraud & Financial Crimes,Forgery,1,Nairobi,,Unknown,,1.0,Male,,Personal advancement,Forged documents,The Standard Pg 20,"Kuppet National Secretary Sammy Chelang'a has been charged with forging union documents. The letter purported to nominate himself for the post of trustee from Kuppet, although the union's Secretary General Akelo Misori had officially nominated National Treasurer Mwethi Njenga. It is further alleged that the forgery was part of an internal boardroom struggle within Kuppet, aimed at undermining Misori's leadership",2025,2025-11,2025 Q4
2025-11-21,"Robbery, Theft & Burglary",Robbery,2,Nairobi,,Male,,4.0,Unknown,,Robbery,Unknown,The Standard Pg 20,"A Catholic priest and his servant escaped death after a gang of four In jungle green regalla resembling police uniform, attacked them in Uasin Gishu County, Father Robert Korir was attacked in his house at Augustine Parish, in Mulango on Tuesday night. Area Criminal Investigation Officer Daniel Mulell said the Incident occurred at midnight. ""The priest said the thugs forced entry from the back door and Instructed his servant to call him, pretending that he had something to share with the priest.",2025,2025-11,2025 Q4
2025-11-21,Homicide & Unlawful Killing,Murder,1,Nairobi,,Male,,2.0,Male,,Unknown,"Knife, Metal object",The Standard Pg 2,"Olwal, a boda boda rider had received an order to deliver an iPhone Pro Max smartphone in South B. According to WhatsApp communication, a man claiming to be in Eldoret directed him to deliver the phone to his ""brother"" in South B. Footage shows Olwal arriving at the building entrance around 11:50am, being directed to the house where he was to make the delivery. While
waiting, he appeared to be in communication with the client. At 12:02pm, one suspect was seen leaving a brown bag with his head covered, followed closely by a second suspect, seemingly checking if anyone was watching. His body was later discovered on the fourth floor, under a bed, past midday.",2025,2025-11,2025 Q4
2025-11-21,Homicide & Unlawful Killing,Murder,2,Siaya,,Unknown,,,Unknown,,Disperse crowd,Firearm,The Standard Pg 2,"A campaign rally in Ugunja, Siaya County, descended into chaos on Thursday after three people were reportedly shot during clashes at an Orange Democratic Movement (ODM) event. The incident occurred at Suwinga Vil-lage, within an MCA's homestead, shortly after ODM National Chairperson Gla-dys Wanga had addressed residents during the by-election campaign. Eye-witnesses said tensions escalated when a group of rowdy youths stormed the meeting, prompting security personnel to intervene. Some bodyguards allegedly fired shots into the air and at the crowd to disperse the youths",2025,2025-11,2025 Q4
2025-11-21,Abduction & Kidnapping,Abduction,1,Wajir,,Male,,,Unknown,,Terror,Unknown,The Standard Pg 2,"A Wajir Huduma Centre Manager and Assistant County Commissioner, Hus-sein Abdirahman Mohamed, who went missing for four months, has been safe-ly found. Mohamed was last seen in Wajir and was later found in Dhobley, Somalia, reportedly handed over by alleged Al Shabaab militants to Ajuran elders. His disappearance occurred shortly after attending an official event in the county attended by Public Service Cabinet Secretary Geoffrey Ruku. The family said that photos of Mohamed showed him weak, sickly, and visibly traumatised, but he was in the care of Somali authorities. Coordination is ongoing between Kenyan and Somali authorities to facilitate his return home.",2025,2025-11,2025 Q4
2025-11-21,Sexual & Gender-Based Violence,Defilement,1,Homa Bay,,Female,,1.0,Male,,Sexual exploitation,Unknown,The Standard Pg 20,"A 75-year-old man has been arrested for allegedly defiling his 12-year-old granddaughter. He reportedly defiled the girl in East Kakdhimu Location. The girl's father said the old man had been enticing the girl with money. ""He has been luring her by buying her mandazi and occasionally give her Sh20 and Sh50 to attract her for his ill Intentions,"" he said. Rachuonyo North Sub-county Police Com-mander Stephen Tanui said they had arrested the man after a medical report revealed that the minor had been defiled",2025,2025-11,2025 Q4
2025-11-22,Drugs & Contraband,Drug Trafficking,1,Nairobi,,Unknown,,1.0,Male,,Financial Gain,Drugs,The Standard Pg 3,Joseph Nisa Ouma was caught trafficking drugs and now the Nairobi High Court has orderd his wife to surrender motor vehicles and bank deposits worth over 4.2 million which they believe they are connected to aiding the crimes.,2025,2025-11,2025 Q4
2025-11-22,Homicide & Unlawful Killing,Murder,1,Uasin Gishu,,Male,,1.0,Male,,Unknown,Firearm,The standard Pg 3,Dolphine Mwangi a kitale national polytecnic student was fatally shot by David Omondi.,2025,2025-11,2025 Q4
2025-11-24,Sexual & Gender-Based Violence,Gender Based Violence,2,Nairobi,,Female,,2.0,Male,,Unknown,Unknown,Daily Nation Pg 15,"Kenya continues to record rising cases of GBV, affecting women across all social classes, from low-income families to high-profile households. Despite stronger laws, the impact remains low due to entrenched cultural norms that promote male dominance and toxic masculinity from a young age. Recent cases involving relatives such as boyfriends, brothers, and cousins highlight how GBV is deeply rooted in society. Global data shows one in three women experiences violence, a trend reflected in Kenya. The article calls for early GBV education in schools, financial empowerment for women, and better understanding of abuse within the justice system to reduce GBV cases.",2025,2025-11,2025 Q4
2025-11-24,Homicide & Unlawful Killing,Murder,2,Nyandarua,,Male and Female,,1.0,Male,,Family property dispute,Unknown,Daily Nation Pg 18,"Detectives in Nyandarua are probing the brutal murder of 60-year-old Millicent Wahura, whose dismembered body was dumped in a bush in Rumathe village. Her 34-year-old son, a former police officer, was arrested as the prime suspect after fleeing the same day she disappeared. Investigations show the murder likely happened in her home before her remains were transported and dumped. The suspect had ongoing disputes with his mother over inheritance and his late father’s pension. His eight-year-old son, who was under the grandmother’s care, also went missing the same night, raising fears of a second victim. The suspect is in custody and expected to reveal the child’s whereabouts.",2025,2025-11,2025 Q4
2025-11-25,Assault & Bodily Harm,Political Violence,1,Bungoma,,Male,,,Male,,Political Clashes,Unknown,The Standard Pg 11,High tension between political supporters in Kabuchai ward in Kakamega in the ongoing by-election exercise under the IEBC resulted to the death of a 70 year old man who got caught up in the stampede as rivalries looked to intimidate each other most of the blame being on the IEBC for failing to uphold free and fair by-election exercise and the National government accused of sponsoring the chaos.,2025,2025-11,2025 Q4
2025-11-25,Assault & Bodily Harm,Political Violence,1,Kakamega,,Male,,,Male,,Intimidation,Firearm,The Standard Pg 11,"Trans Nzoia's Governor G. Natembeya evenly faced the chaos and violence under goons who damaged his motorcade as he was addressing the public in favour of MCA candidate Eric Wekesa, He was forced to flee from the scene as gunshots were also fired.",2025,2025-11,2025 Q4
2025-11-25,Fraud & Financial Crimes,Fraud,1,Nairobi,,Male and Female,,1.0,Male,,Financial gain,Forged documents,The Standard Pg 9,Leo Wa Muthende - aspring Mbeere North MP through his company Biomax is accused of engaging in fraudulent dealing by forging procuring evidences and even failing to supply oxygen manufacturing plant to KNH which was estimated at 643 million.,2025,2025-11,2025 Q4
2025-11-25,Assault & Bodily Harm,Political Violence,1,Bungoma,,Male,,,Male,,Intimidation,Unknown,The Standard Pg 11,"Kabuchai MP Majimbo Kalasinga called out goons who resorted to attacking his home as the by-election exercise was being carried out, leading to damages worth 3 million.",2025,2025-11,2025 Q4
2025-11-28,Homicide & Unlawful Killing,Manslaughter,1,Nakuru,,Male,,,Male,,Toughening,Unknown,Daily Nation Pg 28,"What was meant to be a guided cultural transition into manhood has ended in tragedy in Nakuru County after one of them died from injuries believed to have been inflicted by his caregivers during seclusion. The incidents, linked to rogue initiation “guardians” allegedly abusing their authority under the guise of toughening up the boys, have raised concern over the safety of minors placed under mentors during seclusion after circumcision. Nyumba Kumi official Mr Amos Ng’ang’a said he learned of the death when family members were looking for a vehicle to take the boy’s body to the mortuary.",2025,2025-11,2025 Q4
2025-11-28,Assault & Bodily Harm,Grievous Harm,2,Nakuru,,Male,,,Male,,Toughening,"Sticks, electricity",Daily Nation Pg 28,"What was meant to be a guided cultural transition into manhood has ended in tragedy in Nakuru County after two boys sustained serious injuries and were admitted to a Naivasha hospital. The incidents, linked to rogue initiation “guardians” allegedly abusing their authority under the guise of toughening up the boys, have raised concern over the safety of minors placed under mentors during seclusion after circumcision. The boys told their father they were whipped with sticks and, at times, electrocuted using a phone charger. ",2025,2025-11,2025 Q4
2025-11-28,Political & Electoral Offences,Electoral Malpractices,1,Unknown,,Male and Female,,,Male and Female,,Political intimidation,"Guns, Ligter, stones",The Standard Pg 4,"The by-electioncwere supposed to be a normal exercise in democracy, but despite the few electoral areas taking part, what unfolded was anything but routine. From the outset, the process de-scended into chaos characterised by campaign clashes, bloodshed, and de-struction of property, transforming a simple vote into one of the most violent by-elections in recent memory. Many were injured, businesses looted. This attack is aimed at Intimidating voters to create voter apathy.",2025,2025-11,2025 Q4
2025-11-29,Sexual & Gender-Based Violence,Defilement,1,Nairobi,,Female,,1.0,Male,,Sexual assault,Unknown,The Standard Pg 3,"Musaab Hasan Jimale lured a 15 year old girl into his shop,gave her sedative pills and assaulted her.",2025,2025-11,2025 Q4
2025-11-29,Assault & Bodily Harm,Assault,1,Nakuru,,Male,,1.0,Female,,Punishment,Machete,Daily Nation Pg 12,A 27 year old mother of three attacked his 6 year old son with a panga four times on the head and face leaving him deep cuts for failing to peel potatoes for lunch.,2025,2025-11,2025 Q4
2025-11-29,Assault & Bodily Harm,Assault,2,Nakuru,,Male,,1.0,Female,,Punishment,Hot metal rod,Daily Nation Pg 12,"8 and 11 year old brothers were tortured by thier 60 year old gradmother with hot iron rod on the hands and legs after she accused them of stealing 1500 shillings meant for her chama.Their step father helped in pinning down the boys,destroyed the police documents and burned the medicine .He is still in the wind and yet to be arrested.",2025,2025-11,2025 Q4
2025-11-30,Organized Crime & Terrorism,Banditry,3,Meru,,Unknown,,,Unknown,,Cattle rustling,Unknown,The Standard Pg 3,"Security agencies are investigating an incident where cattle rustlers invaded three different locations in Meru County, leaving three dead and others injured.",2025,2025-11,2025 Q4
2025-12-01,Sexual & Gender-Based Violence,Gang Rape,1,Bomet,,Female,,3.0,Male,,Sexual assault,Unknown,Daily Nation Pg 11,Three men have been sentenced to thirty five years in prison after they were found guilty of gang rape.,2025,2025-12,2025 Q4
2025-12-02,Homicide & Unlawful Killing,Murder,3,Isiolo,,Male and Female,,,Unknown,,Cattle rustling,Firearm,Daily Nation pg 2,"Bandits ambushed police reservists during a cattle raid in Chari area, Merti Sub-county, killing three officers. The attack was deliberate and targeted security personnel protecting livestock.",2025,2025-12,2025 Q4
2025-12-02,Homicide & Unlawful Killing,Murder,3,Meru,,Male and Female,,,Unknown,,Cattle rustling,Firearm,Daily Nation pg 2,Coordinated bandit attacks across multiple areas of Meru County resulted in the deaths of three people and the theft of large numbers of cattle. The attackers used firearms and executed simultaneous raids to overwhelm security forces.,2025,2025-12,2025 Q4
2025-12-02,Organized Crime & Terrorism,Banditry,1,Meru,,Male and Female,,,Unknown,,Cattle rustling,Firearm,Daily Nation pg 2,Coordinated bandit attacks across multiple areas of Meru County resulted in the deaths of three people and the theft of large numbers of cattle. The attackers used firearms and executed simultaneous raids to overwhelm security forces.,2025,2025-12,2025 Q4
2025-12-02,Organized Crime & Terrorism,Banditry,1,Meru,,Male and Female,,,Unknown,,Cattle rustling,Firearm,Daily Nation pg 2,Coordinated bandit attacks across multiple areas of Meru County resulted in the deaths of three people and the theft of large numbers of cattle. The attackers used firearms and executed simultaneous raids to overwhelm security forces.,2025,2025-12,2025 Q4
2025-12-02,Organized Crime & Terrorism,Banditry,1,Meru,,Male and Female,,,Unknown,,Cattle rustling,Firearm,Daily Nation pg 2,Coordinated bandit attacks across multiple areas of Meru County resulted in the deaths of three people and the theft of large numbers of cattle. The attackers used firearms and executed simultaneous raids to overwhelm security forces.,2025,2025-12,2025 Q4
2025-12-02,Organized Crime & Terrorism,Banditry,1,Isiolo,,Male and Female,,,Unknown,,Cattle rustling,Firearm,Daily Nation pg 2,"Bandits ambushed police reservists during a cattle raid in Chari area, Merti Sub-county, killing three officers. The attack was deliberate and targeted security personnel protecting livestock.",2025,2025-12,2025 Q4
2025-12-03,Sexual & Gender-Based Violence,Rape,1,Garissa,,Female,,1.0,Male,,Sexual assault,Syringe,Daily Nation Pg 3,"When Anisa  was 18 years old she was raped by a tuk tuk driver she knows. Instead of taking her to school, he had diverted the vehicle to a diserted area,  while trying to defend herself he injected her with an unknown substance but became unconcious soon and raped her.",2025,2025-12,2025 Q4
2025-12-03,Homicide & Unlawful Killing,Murder,1,Nakuru,,Male,,1.0,Male,,Unknown,Unknown,Daily Nation Pg 10,"Osinde was killed in his home and then his body was dumped in River Gucha both and confessed byJulius Mogoi. However he later denied the charges when presented in court. So witnesses and a hearing is set to resume on January 27, 2026. ",2025,2025-12,2025 Q4
2025-12-03,Homicide & Unlawful Killing,Murder,1,Nakuru,,Male,,,Unknown,,Unknown,Unknown,The Standard Pg 3,Jackson Marucha was picked from his home in Kivumbini by suspected Gang members and his body was found in  stab wounds by his mother Sarah Owendi after she received a call from one of the gang members on the location of the body.,2025,2025-12,2025 Q4
2025-12-03,Homicide & Unlawful Killing,Murder,1,Nakuru,,Male,,,Unknown,,Unknown,Unknown,The Standard Pg 3,18 year old Henry On'gae was found in a pool of blood by Eunice Anyago after she heard a a commotion outside her house in Flamingo. The boy was announced dead in Nakuru level 5 Hospital.,2025,2025-12,2025 Q4
2025-12-03,Homicide & Unlawful Killing,Murder,1,Nyandarua,,Female,,1.0,Male,,Marital issue,Machete,Daily Nation Pg 12,Monica Muthoni was murdered by her husband Peter Kihiko  with a Machete. They have a history of domestic abuse and since then Peter has not been captured and the search  is still on.,2025,2025-12,2025 Q4
2025-12-04,Drugs & Contraband,Drug Trafficking,1,Mombasa,,Unknown,,8.0,Male and Female,,Drug trafficking,Unknown,Daily Nation Pg 12,"A Mombasa drug probe exposed rogue KDF officers and civilians accused of diverting part of a 1,024-kilogram meth haul intercepted in the Indian Ocean, resulting in arrests of Kenyan and Iranian suspects",2025,2025-12,2025 Q4
2025-12-04,Abduction & Kidnapping,Abduction,1,Uasin Gishu,,Male,,1.0,Male,,Political intimidation,Unknown,Daily Nation Pg 3,"Kenyan politician Shadrack Maritim disappeared from Eldoret, later found near Mbale, Uganda, in an alleged politically motivated abduction, prompting ongoing court scrutiny",2025,2025-12,2025 Q4
2025-12-04,Homicide & Unlawful Killing,Abduction And Murder,1,Nakuru,,Male,,,Male,,Retaliation,Sharp object,Daily Nation Pg 2,"A 25-year-old, Rodgers Maruche, a reformed former gang member, was abducted from his home in Kivumbini estate by suspected gang associates, brutally stabbed and killed, and his body dumped at a sewerage site in Kwa Rhonda, Nakuru County, in what police believe was a gang-related revenge murder.",2025,2025-12,2025 Q4
2025-12-04,Homicide & Unlawful Killing,Murder,1,Uasin Gishu,,Male,,1.0,Male,,Marital issue,Unknown,The Standard Pg 3,"Kenyan marathoner Samson Kandie was murdered on 3 October 2024, and in an Eldoret court on 4 December 2025 the prime suspect, Vincent Kiprono Ngosose, confessed he plotted and carried out the killing, alleging his wife paid him to commit the crime.",2025,2025-12,2025 Q4
2025-12-04,Fraud & Financial Crimes,Fraud,1,Uasin Gishu,,Male,,3.0,Male and Female,,Financial gain,Unknown,The Standard Pg 10,Three Kenyan suspects including a high‑school teacher appeared in court charged with fraudulent acquisition linked to a Sh10 million land sale after allegedly using improper transactions to obtain the parcel.,2025,2025-12,2025 Q4
2025-12-04,Sexual & Gender-Based Violence,Gender Based Violence,1,Bomet,,Male,,1.0,Female,,Marital issue,Boiling water,Daily Nation Pg16,"An Administration Police officer in Sotik, Bomet, was scalded with boiling water by his partner during a domestic dispute, highlighting the often-hidden issue of male gender-based violence in Kenya.",2025,2025-12,2025 Q4
2025-12-04,Assault & Bodily Harm,Assault,24,Laikipia,,Male,,,Unknown,,Negligence,Explosives,Daily Nation Pg16,"Twenty-four Kenyan workers, including 70-year-old Sanguiyan ole Legei, were injured during unsafe BATUK exercises in Laikipia due to British soldiers’ negligence under DCA immunity",2025,2025-12,2025 Q4
2025-12-05,Assault & Bodily Harm,Assault,6,Kakamega,,Male and Female,,,Male and Female,,Protest,Wooden batons,Daily Nation 14,"Six people were injured yesterday after police clashed with artisanal miners protesting against a mining firm at Isulu market in Kakamega County. Western Regional Police Commander Issa Mahmoud confirmed that among the injured were two police officers, several journalists, including NTV correspondent William Maina, also sustained injuries. Some journalists had their equipment and mobile phones damaged or stolen after being attacked by a group of rowdy miners.",2025,2025-12,2025 Q4
2025-12-05,Abduction & Kidnapping,Abduction,1,Nakuru,,Female,,,Unknown,,Financial gain,Unknown,Daily Nation 32,"When 30-year-old Irene Nduta left place of work in Nakuru on November 30, she expected to be home in minutes. After alighting from a matatu, Ms Nduta took the short cut she had taken countless times. She did not arrive home. Ms Nduta’s abduction plunged her family into days of panic, despair and frantic negotiations with faceless criminals.  She was found unconscious a few kilometres from her home. Ms Nduta is being treated at a hospital in Nakuru. ",2025,2025-12,2025 Q4
2025-12-05,Homicide & Unlawful Killing,Murder,3,Kakamega,,Unknown,,,Male and Female,,Disperse protestors,Firearm,Daily Nation 14,"Three people were killed after police clashed with artisanal miners protesting against a mining firm at Isulu market in Kakamega County. The confrontation erupted as miners opposed a government move to grant Shanta Gold Limited a mining licence covering sections of Ikolomani. The artisanal miners, who rely heavily on small-scale gold extraction, protested attempts to evict them from the gold-rich zone to pave the way for the multinational investor.",2025,2025-12,2025 Q4
2025-12-06,Fraud & Financial Crimes,Fraud,1,Kisumu,,Unknown,,1.0,Male,,Financial gain,Unknown,The Standard PG 17,"Kisumu City Manager,Abala Wanga was arraigned for forging his academic documents to secure a senior county job.",2025,2025-12,2025 Q4
2025-12-06,Homicide & Unlawful Killing,Murder,2,Nakuru,,Male,,,Unknown,,Kill,Unknown,Daily nation Pg 2,"The two Victims were killed by a notorious gang group in nakuru called ""confirm"".",2025,2025-12,2025 Q4
2025-12-06,Drugs & Contraband,Drug Trafficking,1,Mombasa,,Unknown,,6.0,Male,,Financial gain,Drugs,Daily nation Pg 2,"Six Iranian nationals arrested with 1,024kg of methamphetamine worth Sh8.2 billion will remain in custody for another month after a Shanzu court extended their detention to allow completion of complex, multi-agency investigations.",2025,2025-12,2025 Q4
2025-12-07,Homicide & Unlawful Killing,Murder,1,West Pokot,,Male,,,Unknown,,Cattle rustling,Firearm,The Standard Pg 3,Komole Siwa was ambushed and killed by a group of bandits while looking after his livestock.,2025,2025-12,2025 Q4
2025-12-08,"Robbery, Theft & Burglary",Robbery,1,Nakuru,,Unknown,,,Unknown,,Robbery,Unknown,The Standard Pg 7,Police in Naivasha have arrested two suspects who are believed to be behind highway robberies. They recovered a stolen vehicle that the suspects were attempting to sell.,2025,2025-12,2025 Q4
2025-12-08,Homicide & Unlawful Killing,Murder,1,Nairobi,,Female,,,Unknown,,Unknown,Unknown,The Standard Pg 11,DCI a probing  into the death of a young girl whose body was found in a trench in Embakasi Village. The identity of the girl is yet to be known.,2025,2025-12,2025 Q4
2025-12-08,Homicide & Unlawful Killing,Murder,1,Homa Bay,,Female,,,Unknown,,Unknown,Unknown,Daily Nation Pg 17,Phedona's lifeless body was found in a thicket. She had earlier been sent to the market but never returned.,2025,2025-12,2025 Q4
2025-12-09,Homicide & Unlawful Killing,Murder,1,Nakuru,,Male,,1.0,Female,,Marital issue,Knife,The Standard Pg 13,A domestic dispute led to a husband being murdered after being stabbed by the wife.,2025,2025-12,2025 Q4
2025-12-09,Sexual & Gender-Based Violence,Defilement,1,Bomet,,Female,,1.0,Male,,Sexual assault,Unknown,The Standard Pg 13,A man who was found guilty of defilement was sentenced to 40 years in jail.,2025,2025-12,2025 Q4
2025-12-09,Property Destruction & Arson,Arson,1,Nakuru,,Unknown,,1.0,Male,,Vengeance,Petrol,The Standard Pg 7,A man set ablaze his neighbours house after an argument between the two. The fired ended up spreading to other houses and consuming the property.,2025,2025-12,2025 Q4
2025-12-11,Homicide & Unlawful Killing,Extra-Judicial Killing,1,Nairobi,,Male,,,Unknown,,Incapacitation,Firearm,Daily Nation Pg 5,Elvis Musave was Fatally shot in the back while fleeing during the Saba Saba protests,2025,2025-12,2025 Q4
2025-12-11,Sexual & Gender-Based Violence,Defilement,1,Kilifi,,Female,,1.0,Male,,Sexual assault,Unknown,The Standard Pg 10 ,Hamisi Kazungu jailed for 15 years for sexual assaulting a 3 year old girl where he was working as an employee of the victim's grandmother.,2025,2025-12,2025 Q4
2025-12-11,Assault & Bodily Harm,Torture,1,Narok,,Male,,,Unknown,,Excessive force,Custodial torture,Daily Nation Pg 5,"Felix Senet Takona, a 17-year-old boy, suffered torture while in police custody in Narok County.",2025,2025-12,2025 Q4
2025-12-12,Drugs & Contraband,Drug Trafficking,1,Mombasa,,Unknown,,7.0,Male,,Drug trafficking,Drugs,The Standard Pg 10,Seven interdicted Kenya Navy officers will wait longer to learn whether they will face charges over the alleged possession of Sh192 million worth of drugs. This is after a ruling on their detention was extended to December 22. ,2025,2025-12,2025 Q4
2025-12-13,Assault & Bodily Harm,Assault And Obstruction Of The Press,4,Machakos,,Unknown,,,Unknown,,Silencing evidence,Unknown,The Standard Pg 17,"Four people were injured, a journalist and 3 homeowners during a clash with guards at Athi River, Machakos County. Besides that, the clashes erupted when the guards tried to force a journalist to erase video recorded of those homeowners who claimed for the keys that were not issued since 2022.",2025,2025-12,2025 Q4
2025-12-16,Homicide & Unlawful Killing,Murder,1,Laikipia,,Male,,1.0,Male,,Love affair,Firearm,The Standard Pg11,A police officer shot and killed a man over a suspected love triangle. Afterwards he went back to his post where he shot and killed himself.,2025,2025-12,2025 Q4
2025-12-16,"Robbery, Theft & Burglary",Theft,1,Murang'a,,Unknown,,,Unknown,,Financial gain,Unknown,The Standard Pg 19,A gang in Murang'a stole fifteen coffee bags from a coffee factory.,2025,2025-12,2025 Q4
2025-12-16,Homicide & Unlawful Killing,Murder And Assault,4,Kilifi,,Male,,,Unknown,,Vengeance,Panga and Axe,The Standard Pg 7,A 74 year old man was hacked to death and three others were left injured by relatives who had come to condole with him after the death of his son. They had accused Rimba of withcraft.,2025,2025-12,2025 Q4
2025-12-17,Homicide & Unlawful Killing,Murder,1,Nairobi,,Male,,1.0,Female,,Love affair,Unknown,The Standard Pg 3,A bar attendant is charged with murder after killing her lover in a bar and saging it to look like suicide.,2025,2025-12,2025 Q4
2025-12-17,Homicide & Unlawful Killing,Murder,2,Baringo,,Male,,1.0,Male,,Intoxication,Firearm,The Standard Pg 7,A police officer shot and killed two colleagues in a camp while he was intoxicated.,2025,2025-12,2025 Q4
2025-12-20,Public Order & Administration of Justice,Contempt Of Court,1,Unknown,,Unknown,,2.0,Male,,Delay Justice,Unknown,The Standard Pg 3,Two PCEA church leaders are convicted for contempt of court ordeers barring the installation of David Nderitu Ndumo as the church honorary treasurer.,2025,2025-12,2025 Q4
2025-12-20,Homicide & Unlawful Killing,Murder,1,Nakuru,,Female,,1.0,Female,,Unknown,Clothe,The Standard pg 2 ,A form four student stangles a toddler to death with a piece of clothe which she later confessed that she had a dream instructing her to kill the girl.,2025,2025-12,2025 Q4
2025-12-20,Homicide & Unlawful Killing,Murder,1,Kajiado,,Female,,1.0,Male,,Marital issue,Unknown,The Standard Pg 3,A man kills his wife and dumps her body in a thicket before fleeing.,2025,2025-12,2025 Q4
2025-12-21,Homicide & Unlawful Killing,Murder,4,Narok,,Unknown,,,Unknown,,Ethnic clashes,Firearm,Daily Nation Pg 7,Four people have been reported killed due to ethnic clashes between two communities.,2025,2025-12,2025 Q4
2025-12-22,Homicide & Unlawful Killing,Murder,1,Baringo,,Male,,1.0,Male,,Family property dispute,Unknown,The Standard Pg 3,"The Police arrested Daniel Yator for murdering his 60 year brother Harun Yator. Besides that, they fought due to land tussle and Daniel Yator left before Harun was found lifeless.",2025,2025-12,2025 Q4
2025-12-22,Homicide & Unlawful Killing,Defilement And Murder,2,Siaya,,Female,,1.0,Male,,Unknown,Unknown,The Standard Pg 3,The police from Siaya County have launched search for a boda boda rider who defiled and killed his daughter and her friend. The incident happened when his daughter and her friend paid a visit to her Dad. The Police are yet to ascertain the cause of their death as they wait for postmortem to be done.,2025,2025-12,2025 Q4
2025-12-22,Homicide & Unlawful Killing,Conspiracy To Murder,5,Nakuru,,Male and Female,,3.0,Male and Female,,Financial gain,Unknown,Daily Nation Pg 3,"A woman and her fiance living in the United States are supposed to be extradicted to face charges in Naivasha law court after conspiring with her father, so that they murder his estranged wife his four kids for them to take a multi-million parcel of land.  ",2025,2025-12,2025 Q4
2025-12-23,Drugs & Contraband,Smuggling Of Illicit Alcohol,1,Kiambu,,Unknown,,1.0,Male,,Financial gain,Illicit Alcohol,Daily Nation pg 7,"A man was arrested in Kijabe for allegedly supplying illicit alcohol that had been smuggled from Uganda into Kenya. Authorities believe he was part of a distribution network using illegal border routes and residential homes to store and circulate the contraband. The alcohol, packaged in unlawful 200ml bottles, poses severe health risks due to potential methanol contamination and inconsistent alcohol levels. He is expected to face prosecution as enforcement agencies intensify their crackdown on illicit alcohol ahead of the festive season.",2025,2025-12,2025 Q4
2025-12-23,Drugs & Contraband,Smuggling Of Illicit Alcohol,1,Nakuru,,Unknown,,1.0,Female,,Financial gain,Illicit Alcohol,Daily Nation pg 7,"A woman in Maai Mahiu was arrested after authorities found her selling illicit, coffee-flavoured vodka from her home. The alcohol, smuggled from Uganda and sold cheaply in 200ml plastic bottles, is illegal under Kenyan law and highly dangerous to consume. Investigators say her house was being used as a secret storage and distribution point, a tactic smugglers now use to avoid detection. The seized alcohol poses serious health risks, including alcohol poisoning, blindness, coma, and death, due to lack of quality control and possible methanol contamination. Authorities say she will face prosecution as part of a wider crackdown on illicit alcohol networks targeting the festive season.",2025,2025-12,2025 Q4
2025-12-23,Homicide & Unlawful Killing,Murder,1,Nakuru,,Male,,,Unknown,,Vigilantism,Unknown,The Standard pg 25,"A 17-year-old boy suspected of involvement in mugging was caught by residents in Kabati estate, Naivasha, beaten by a mob, and died from the injuries, while his colleagues managed to escape. Police later launched investigations and warned against mob justice.",2025,2025-12,2025 Q4
2025-12-23,"Robbery, Theft & Burglary",Robbery,1,Nakuru,,Male and Female,,3.0,Male,,Economic gain,Unknown,The Standard pg 25,"Residents in Naivasha (Nakuru County) lynched three suspected chicken thieves after repeated thefts and muggings in their area. The suspects were allegedly caught stealing chickens from homes, and angry residents beat them, leading to the death of two at the scene, while the third later died from injuries. Police confirmed investigations had been launched and warned the public against taking the law into their own hands, urging suspects to be handed over to authorities instead.",2025,2025-12,2025 Q4
2025-12-23,Homicide & Unlawful Killing,Murder,3,Nakuru,,Male,,,Unknown,,Vigilantism,Unknown,The Standard pg 25,"Residents in Naivasha (Nakuru County) lynched three suspected chicken thieves after repeated thefts and muggings in their area. The suspects were allegedly caught stealing chickens from homes, and angry residents beat them, leading to the death of two at the scene, while the third later died from injuries. Police confirmed investigations had been launched and warned the public against taking the law into their own hands, urging suspects to be handed over to authorities instead.",2025,2025-12,2025 Q4
2025-12-24,Political & Electoral Offences,Public Incitement,1,Narok,,Unknown,,6.0,Male,,Ethnic clashes,Unknown,The Standard page 3,Six suspects linked to clashes in transmara released on strict bond terms after the court rejected an application by the DCI to deatin them for 21 days pending investigations. Mibei is a former angata barikkoi ward MCA while Kamillan is an influencer who has been using social media to incite locals . The six were linked into a wave of violence in Angata Barikkoi and lolgorian.,2025,2025-12,2025 Q4
2025-12-24,Homicide & Unlawful Killing,Murder,1,Garissa,,Male,,1.0,Unknown,,Unknown,Firearm,The Standard page 2,"Leaders and family members claimed that a police officer shot dead one ahmed sheikh omar in Modka, Garissa county. However the police officer claimed that the victim died from a road accident. Moreover the family explained  that there were clear bullet wounds on the head of the deceased. ",2025,2025-12,2025 Q4
2025-12-24,Homicide & Unlawful Killing,Murder,2,Nakuru,,Male,,,Unknown,,Vigilantism,Stones,Daily nation page 21,"An ex-convict and another man were lynched by a mob in Sunrise Estate, Njoro, Nakuru County, on November 9, 2025, following allegations that they had sexually assaulted a minor.The incident occurred around noon after James Maina was accused of molesting a 14-year-old Grade Six pupil. His mother’s cries drew villagers, whose numbers quickly swelled into an angry crowd. Maina and the second suspect, both linked by residents to a string of murders and sexual assaults in the area, were attacked before police could arrive. Maina had previously served jail terms for robbery and burglary and had been released a few months earlier after a successful appeal. Residents said repeated reports to police over rising violent crime in Njoro had yielded few arrests, fuelling frustration. The two men were stoned and beaten to death, highlighting a growing pattern of mob justice across the South Rift, including Nakuru, Bomet, Kericho and Narok counties.",2025,2025-12,2025 Q4
2025-12-25,Homicide & Unlawful Killing,"Manslaughter,Facilitation Of Terrorist Acts, Radicalization And Organized Crime",30,Kilifi,,Unknown,,4.0,Male and Female,,Religious manipulation,Religious indoctrination,The standard page 8,"Four suspects charged with manslaughter, engaging in organized criminal acts, facilitation of terrorist acts at kwa binzarro in malindi, which is 27 kilometeres from the shakahola forest where 400 bodies were exhumed by security agencies. the perpetrators who were linked to the shakahola crimes, managed to evade the security agencies and continued with the radicalization of the public and killings through forced starvation at the kwa binzarro place. 30 bodies were found on shallow graves and 120 human body parts were found in the compund showing a possibility that the victims might have been marred by the wild animals.",2025,2025-12,2025 Q4
2025-12-25,Homicide & Unlawful Killing,Murder,1,Siaya,,Female,,1.0,Male,,Unknown,Unknown,Daily nation page 16,"Rachel Adhiambo travelled to Nakuru to attend the graduation of a colleague’s daughter at Kabarak University before joining her family for Christmas in Got Agulu, Siaya County. Throughout the trip, she remained in regular contact with her elder sister, Maureen Atieno, sharing photographs and updates on her whereabouts.After the ceremony, Ms Adhiambo secured a lift in a private car from Nakuru to Kisumu, keeping her family informed throughout. She arrived in Kisumu around 10pm. Despite the late hour, she chose to continue to Bondo Town, determined to reach home the same night. Her family arranged to pick her up near Equity Bank, a well-lit area, before she would take a taxi to Usenge Market, about 25 kilometres away, where she would be collected. At around 11pm, Ms Adhiambo called her sister to confirm she had reached Bondo but could not find transport onward. Moments later, she informed her she had decided to hire a boda boda operator as it was getting late.By dawn, Ms Adhiambo’s phone remained unreachable. Family members retraced her last known movements and sought information from friends. On Saturday morning, passers- by discovered a woman’s body in Magawa, Sakwa, roughly 200 metres from the Bondo– Usenge road, and alerted authorities. Rushing to Bondo, the family found no hospital record matching her description. Her fiancé, Peter Adulo, identified her at the morgue. The Bondo sub-county police commander confirmed the incident and stated that investigations have been commenced and that the bodaboda rider was the prime suspect. ",2025,2025-12,2025 Q4
2025-12-27,Homicide & Unlawful Killing,Murder,1,Isiolo,,Male,,,Unknown,,Unknown,Knife,The Standard Pg 10,A young bodaboda rider was stabbed multiple times and died while being rushed to the hospital.,2025,2025-12,2025 Q4
2025-12-27,Homicide & Unlawful Killing,Murder,1,Migori,,Male,,2.0,Male,,Anger,Machete,The Standard PG 10,The 45 year old man was killed with a machete while defending his son from his brother in law and son over land dispute.,2025,2025-12,2025 Q4
2025-12-27,Homicide & Unlawful Killing,Murder,1,Migori,,Female,,3.0,Male and Female,,Unknown,Machete,Daily Nation Pg 8,Lieutenant Cynthia awour Mboya was found dead in her migori home on christmas eve with her husband and two in laws arrested as suspects.,2025,2025-12,2025 Q4
2025-12-27,Homicide & Unlawful Killing,Robberry With Violence And Murder,1,Isiolo,,Unknown,,,Unknown,,Theft,Firearm,The Standard Pg 10,"Gunmen robbed a pub at Kambi Juu estate in Isiolo County,using firearms and in the process killed a motorbike rider.",2025,2025-12,2025 Q4
2025-12-28,Abduction & Kidnapping,Abduction,1,Isiolo,,Male,,3.0,Male,,Unknown,Unknown,The Standard Pg 3,A national police reservist  was abducted by three masked men in Isiolo while riding his motorcycle.,2025,2025-12,2025 Q4
2025-12-28,Homicide & Unlawful Killing,Murder,1,Homa Bay,,Male,,1.0,Male,,Confrontation,Machete,The Standard Pg 3,A 35 year old man has been arrested for murdering Thomas Owiti on Christmas day following a dispute involving his daughter.,2025,2025-12,2025 Q4
2025-12-28,Homicide & Unlawful Killing,Murder And Assault,3,Busia,,Male,,,Male,,Confrontation,Unknown,The Standard Pg 5,Two people have been killed and one left severely injured after an altercation ensued in a bar,2025,2025-12,2025 Q4
2025-12-29,Homicide & Unlawful Killing,Murder,1,Nakuru,,Female,,1.0,Male,,Love affair,Unknown,The Standard Pg 3,"An Intern medic at Naivasha Sub-county Hospital had a domestic dispute with his 42 year old girlfriend before she was pronounced dead. Besides that, he surrendered himself to the police accepting that he murdered his girlfriend. Postmorterm awaits to distinguish the cause of her death.",2025,2025-12,2025 Q4
2025-12-31,Homicide & Unlawful Killing,Murder,1,Migori,,Female,,3.0,Male and Female,,Unknown,Unknown,The Standard Pg 10,"George Ochieng' and Willis Opiyo alongside their mother, are suspects linked to the killing of Cynthia Awuor, a second lieutenant based at Gilgil Barracks.",2025,2025-12,2025 Q4
2026-01-01,"Robbery, Theft & Burglary",Stealing,1,Nairobi,South B,Unknown,,3.0,Unknown,,Personal gain,Abuse of office,Daily Nation Pg 18 ,Public officers allegedly abused their positions to steal relief food meant for vulnerable South B residents by diverting government supplies for personal gain in Nairobi County.,2026,2026-01,2026 Q1
2026-01-01,"Robbery, Theft & Burglary",Robbery With Violence,1,Nairobi,"Bembani, Embakasi Central",Male,,,Male,,Personal gain,Firearm,The Standard Pg 3,"A suspected murderer David Monda was discovered alive in Nairobi mortuary after being shot by police, then subsequently charged with robberry with violence and weapon possession.",2026,2026-01,2026 Q1
2026-01-01,Homicide & Unlawful Killing,Mob Justice & Arson,1,Kiambu,"Gitaru Interchange, along the Nairobi–Nakuru Highway",Unknown,,,Unknown,,Vengeance,Fire,The Standard Pg 3,"22-year-old Kenyan boda boda rider was killed instantly in Gitaru, Kiambu County, when a reckless matatu driver veered into the wrong lane, sparking a violent act of mob justice where local residents and riders torched the vehicle in protest.",2026,2026-01,2026 Q1
2026-01-01,Homicide & Unlawful Killing,Wreckless Driving And Manslaughter,1,Kiambu,"Gitaru Interchange, along the Nairobi–Nakuru Highway",Male,22,1.0,Male,,Negligence,Vehicle,The Standard Pg 3,"22-year-old Kenyan boda boda rider was killed instantly in Gitaru, Kiambu County, when a reckless matatu driver veered into the wrong lane, sparking a violent act of mob justice where local residents and riders torched the vehicle in protest.",2026,2026-01,2026 Q1
2026-01-02,Homicide & Unlawful Killing,Murder,1,Murang'a,Murang'a South,Male,29,,Unknown,,Retaliation,Blunt object,Daily Nation Pg 6,"Livingstone Mwangi was found dead on a path leading to his home in Muranga South. He died from a bllunt force to the head and had defensive injuries on his forarms. Before his death he had exposed a powerful cartel involved in trading bhang, stolen livestock, and illicit liquor.",2026,2026-01,2026 Q1
2026-01-03,Homicide & Unlawful Killing,Attempted Murder,1,Nakuru,Naivasha,Female,34,1.0,Male,,Unknown,Firearm,The Standard Pg 7,"As Kenyans ushered in the New Year with celebrations, Wanjiru made a deeply personal decision: to end her two-year relationship with her boyfriend, Corporal Collins Kochei.On the morning of January 1, Kochei drove Wanjiru to her workplace before leaving to run personal errands. At about 11am, he returned in plain clothes. Wanjiru told this writer that she informed him she was ending their relationship , he drove to Tangi Tano Police Station, accessed his service firearm, and returned to the bar with deadly intent. When he came back, he opened fire, shooting Wanjiru in the leg, arm, and chest as screams filled the air and patrons scrambled for safety.",2026,2026-01,2026 Q1
2026-01-03,Homicide & Unlawful Killing,Murder,1,Mombasa,Utange,Male,14,1.0,Male,,Unknown,Firearm,The Standard Pg 3,"A 14 year old grade 6 pupil,Denis Ringa was shot dead by a police officer on the motorbike on new years at Utange village Mombasa county.",2026,2026-01,2026 Q1
2026-01-04,Assault & Bodily Harm,Threatening To Kill And Assault,1,Nairobi,Kilimani,Male,,1.0,Male,,Political Intimidation,Firearm,The Standard Pg 5,"Kileleshwa mca robert alai is reported to have threatened to kill and assaulted the embakasi east mp babu owino when the  unexpectedly ran into each other at a popular reestaurant (cedar lebanese) in kilimani. alai accused babu of using a popular online activist , maverick aoko to tarnish his wife's reputation. alai drew his pistol, cocked it and pointed it at babu before attempting to pull the trigger several times in quick succession. fortunately, the gun was not properly ckcked and jammed. a senior police officer intervened and disarmed alai.",2026,2026-01,2026 Q1
2026-01-04,Sexual & Gender-Based Violence,Defilement And Assault,1,Uasin Gishu,Turbo subcounty,Male,13,1.0,Male,13,Sexual assault,Unknown,The Standard page 7,"A teacher has been arraigned in court on charges of defiling a 13-year-old minor inside a classroom in Uasin gishu county. He was also accused of sodomising the minor after releasing other learners to go home. According to documents filed by police , the accused allegedly committed the offence in Turbo Sub-county. He was also charged with a second count of assault after it was alleged that he caused the minor actual bodily harm on the same day of the incident.",2026,2026-01,2026 Q1
2026-01-05,Homicide & Unlawful Killing,Murder,2,Kericho,Kunyak Ward,Male,40 and 20,1.0,Male,,Love affair,Stick and Broken bottles,The Standard Pg 7,A man killed two men in a fight over a woman. He killed his first victim who he found with the woman using a stick an broken beer bottles. He then attacked his next victim a 20 year old man who was trying to intervene.,2026,2026-01,2026 Q1
2026-01-05,Homicide & Unlawful Killing,Murder And Assault,2,Laikipia,Salama Police Station,Male,,1.0,Male,,Unknown,Knife,Daily Nation Pg 13,A police constable stabbed his colleague at a police station and he died on the spot. He then turned to another officer who was trying to restrain him and injured him.,2026,2026-01,2026 Q1
2026-01-06,Public Order & Administration of Justice,Hate Speech,1,Nakuru,Naivasha,Female,,1.0,Male,,Political Intimidation,Verbal utterances,The Standard pg 3,"NCIC has been urged to take action against former CS Moses Kuria for utterences against Naivasha MP Jane Kihara abusing and alling her to the death of her husband in 2003, leaders denounce Kuria's statement as reckless and further condemned by Naivasha GBV cluster groups as attack against women.",2026,2026-01,2026 Q1
2026-01-06,Environmental & Wildlife Crimes,Environmental Crimes,1,Multiple Counties,Coast,Unknown,,,Male and Female,,Disposal,Plastics,The Standard pg 5,"Reports of continued pollution of the ocean in Lamu, Kilifi, and Mombasa affecting marine life.",2026,2026-01,2026 Q1
2026-01-07,Homicide & Unlawful Killing,Murder,1,Nyandarua,"Manunga, Kipipiri Sub-County",Male,,1.0,Male,,Vengeance,Knife,The standard pg 3,David ndichu njoroge was found guilty by the high court for murdering wallace mwangi kamau who was in a romantic relationship with his wife,2026,2026-01,2026 Q1
2026-01-07,Corruption & Abuse of Office,Corruption,2,Nairobi,South C,Male,,,Unknown,,Personal gain,Abuse of office,The standard pg 7,Investigations on the Nairobi south c  16-storey building collapse have exposed the opaque and compromised approval systems used by the Nairobi County government planning officials who receive bribes from corrupt developers at the expense of the structural safety.,2026,2026-01,2026 Q1
2026-01-07,Homicide & Unlawful Killing,Defilement And Murder,1,Homa Bay,Chamakawa village,Female,17,,Male,,Sexual assault,Unknown,The standard page 10,"Phedona ochieng, a grade nine student's body was found in a bush near her parent's home hours after she left home to visit a posho mill. Traces of blood were found around her genitals.",2026,2026-01,2026 Q1
2026-01-07,Homicide & Unlawful Killing,Defilement And Murder,1,Baringo,Sacho,Male,10,1.0,Male,,Sexual assault,Unknown,The standard page 10,Kevin kibiwott's body was discovered to be buried in a shallow grave with neck injuries four days after his disappearance. It was also discovered that he was molested before being killed.,2026,2026-01,2026 Q1
2026-01-07,Other Offences,Illegal Registration Of Persons,1,Nairobi,,Unknown,,8.0,Male and Female,,Citizenship acquisition,Forged documents,The standard page 11,"Eight people among them 6 Kenyans, a Burundian, and a Rwandese were arraigned at the kahawa law courts where they faced 12 counts related to the illegal registration of persons and in possession of fake documents.",2026,2026-01,2026 Q1
2026-01-08,Corruption & Abuse of Office,Corruption,20,Bomet,Konoin,Unknown,,,Unknown,,Personal gain,Unknown,Daily Nation pg 4,"About 20 trained teachers in Bomet county paid between sh200,000 and 500,000 each and remained unconfirmed. The actual control of appointment letters & approvals lies at the TSC headquaters and passed through brokers,politicians or trusted agents who then sell them to job seekers. County officers allegedly scout for desparate applicants & act as intermediaries.long-standing interference in teacher recruitment was revealed,hijacked by cartels involving senior officials and politicians.",2026,2026-01,2026 Q1
2026-01-08,"Robbery, Theft & Burglary",Robbery,1,Unknown,,Male,,2.0,Male,34 and 43,Robbery,Unknown,The Standard pg 12,Jackson and Yasin were arrested in Eldoret following a tip-offf from the public. the suspects have been on the police radar after fleeing Mombasa where they are facing five charges related to burglarly. They're alledged to have stolen jewelery and gold worth million of shillings. They target asians mostly and use master keys to access targeted apartments and use fake number plated vehicles to evade beig caught.,2026,2026-01,2026 Q1
2026-01-08,Homicide & Unlawful Killing,Attempted Murder,1,Nairobi,Tassia Estate,Unknown,2,1.0,Female,15,Unknown,Unknown,The Standard pg 3,A 15yrs old girl threw a 2yrs old child into Embakasi river. The toddler was saved by a passer by with the help of other witnesses. parents alledged the 15yr old girl to have mental health challenges and is in need of psychological support.,2026,2026-01,2026 Q1
2026-01-08,Corruption & Abuse of Office,Corruption,1,Unknown,Tier 1 schools,Unknown,,,Unknown,,Financial gain,Unknown,Daily Nation pg 5,"Parents allegedly faced demand for bribes especially in tier 1 schoools, their flexibility to seek placement schools for their children, because of the online system inconvinience, has created room for manipulation as they are required to pay fixers to secure favourable placements.",2026,2026-01,2026 Q1
2026-01-08,Fraud & Financial Crimes,Money Laundering,1,Nairobi,Mega shopping mall; Eastleigh,Male,                      N/A,2.0,Male,,Financial gain,Unknown,Daily Nation pg 12,"Mohamed Osman Abdille a trusted employee of Mega shopping mall in Eastleigh is alleged to siphon about sh296m from the mall for seven years through bank accounts,currency exchange and smokescreened business transactions. Investigation findings showed a money trail by Mr. Abdille and Mr. Barre who are directors of Fatzam Enterprises Limited (FEL) which they used to siphon money before transferrring it to other firms and individuals, a deliberate attempt to hide their source.",2026,2026-01,2026 Q1
2026-01-08,Drugs & Contraband,Drug Trafficking,1,Unknown,,Unknown,                      N/A,10.0,Male and Female,,Personal gain,Drugs,Daily Nation pg 12,"Last year Oct 19 during a deep -sea operation 8 KDF soldiers and 2 civillians siphoned, trafficked, concealed & stored sh330 worth methamphetamine from a vessel intercepted in the Indian Ocean.",2026,2026-01,2026 Q1
2026-01-09,Property Destruction & Arson,Vandalism,1,Nakuru,Gilgil,Male,,1.0,Male,,Retaliation,Petrol,The Standard pg  7,"A tenant in Gilgil, Naivasha set his neighbour’s house on fire after a dispute over water. The fire spread to other houses, destroying property worth millions of shillings and leaving several families homeless, though no one was injured. The suspect fled while police launched a search for him.",2026,2026-01,2026 Q1
2026-01-11,Drugs & Contraband,Manufacturing Of Illicit Brew,1,Multiple Counties,,Unknown,,8.0,Unknown,,Unknown,Unknown,The Standard Pg 15,Eight people suspected of manufacturing illicit brews have been arrested in the Western region.,2026,2026-01,2026 Q1
2026-01-11,Sexual & Gender-Based Violence,Robbery And Rape,1,Unknown,,Female,,3.0,Male,,Sexual assault and robbery,Machete,The Standard Pg 9,"On the night of July 25, 2013, a  woman was attacked by a gang that raped her and stole 12 plates, four sufurias, a weighing scale and six kilos of beans.",2026,2026-01,2026 Q1
2026-01-12,Organized Crime & Terrorism,Banditry,1,Kericho,Bureti,Male and Female,,3.0,Male and Female,,Cattle rustling,Unknown,The Standard Pg 16,Three suspects who were found with stolen herds of cattle were lynched to death. The 2 male suspects were doused in petrol and burned while the female suspect was slashed to death. The crowd later vandalized the suspects' hometead and torched houses and the destruction continued with the crowd vandalizing the farms in the compound.,2026,2026-01,2026 Q1
2026-01-12,Fraud & Financial Crimes,Forgery,1,Unknown,,Unknown,,4.0,Male and Female,,Financial gain,Forged documents,Daily Nation Pg 5,Four suspects have been arrested for soliciting bribes from trained teachers and giving out fake TSC appointment letters. The suspects are part of a wider cartel that swindles teachers seeking employment.,2026,2026-01,2026 Q1
2026-01-12,Homicide & Unlawful Killing,Murder,3,Kericho,Bureti,Male and Female,,,Unknown,,Retaliation,Petrol and Panga,The Standard Pg 16,Three suspects who were found with stolen herds of cattle were lynched to death. The 2 male suspects were doused in petrol and burned while the female suspect was slashed to death. The crowd later vandalized the suspects' hometead and torched houses and the destruction continued with the crowd vandalizing the farms in the compound.,2026,2026-01,2026 Q1
2026-01-13,Homicide & Unlawful Killing,Robbery And Murder,1,Uasin Gishu,Moi Teaching and Referral Hospital,Unknown,,3.0,Unknown,,Robbery,Unknown,The Standard Pg 3,Three members of a criminal gang were arrested in Eldoret  after commiting secal robberies with violence which one resulted to the death of a pharmacist at Moi Teaching and Refarral Hospital.,2026,2026-01,2026 Q1
2026-01-14,Homicide & Unlawful Killing,Murder,2,Vihiga,Mbale town,Male,"43,  N/A",,Unknown,,Unknown,Unknown,The standard page 6,"Police officers retrieve two bodies from a septic tank behind a commercial building in mbale town, vihiga county following reports from the public who raised the alarm after a foul smell from the septic tank. One of the bodies was positively identified as that of a 43 years old man known as a Humphrey balang'a who worked as a casual laborer at an entertainment joint.",2026,2026-01,2026 Q1
2026-01-14,Corruption & Abuse of Office,Abuse Of Office,1,Kiambu,Kamiti maximum security prison,Unknown,,3.0,Male,,Obstruction of justice,Abuse of office,Daily nation page 11,Three kamiti maximum security prison warders were convicted for aiding the november 2021 escape of convicted terrorist inmates in a highly coordinated operation. the court found that they abused their positions by neglecting duty and actively facilitating the escape despite CCTV surveillance. the escape posed a serious threat to national security.,2026,2026-01,2026 Q1
2026-01-14,Homicide & Unlawful Killing,Murder,1,Nairobi,Imara daima,Male,,2.0,Male,,Unknown,Firearm,Daily nation page 13,"An incident in which a police officer reportedly killed a young man in front of his friends. While walking home at Imara Daima Estate in Nairobi, after their car had been involved in an accident with a matatu, one of the three young men was shot dead from close range. The victim was barely 300 metres from his home when he was struck by a bullet in an apparent gangland-style execution. He and his friends had been suddenly confronted by two police officers, who ordered them to lie down. A report by the Independent Policing Oversight Authority (Ipoa) indicates that one of the officers shot him in the head.",2026,2026-01,2026 Q1
2026-01-15,Fraud & Financial Crimes,Forgery,1,Unknown,,Unknown,,2.0,Male,,Personal gain,Forged documents,Daily Nation pg 17,Josephat Munke Ole Mpoe and his brother Joseph Kakore Ole Mpoe were charged with forgery of a tittle deed of a 4296 acre of land which has had along-running dispute between the Mkope family and Koinange family.,2026,2026-01,2026 Q1
2026-01-15,Drugs & Contraband,Drug Trafficking,1,Unknown,,Unknown,,1.0,Male,42,Drug trafficking,Drugs,Daily Nation pg 17,"A 42yrs old man was arrested on suspicission of ferrying drugs. 379grams of heroin,10 rolls of bhang was retrived from his well concealed lugggage on his motorcycle. He is believed to be part of a wider syndicate a drug trafficking operation.",2026,2026-01,2026 Q1
2026-01-15,Homicide & Unlawful Killing,Murder,1,Uasin Gishu,Ilula village,Male,,3.0,Male,,Personal gain,Firearm,Daily Nation pg 18,"Richard Rotich a husband, father and a pharmacist at MTRH responded to a distress call from his children and unfortunately was murdered. His home was invaded, ransacked and his wife held at gunpoint was forced to give account pins and all the accounts were drained. Richard was shot at the chest as he was trying to stop them from evading.in this case police negligence is observed as he had already reported threats to his life and no action was taken. during the inveatigations three suspects were arrrested and an AK47 rifle believed to be the murder weapon was found.",2026,2026-01,2026 Q1
2026-01-16,Organized Crime & Terrorism,Banditry,1,West Pokot,Aroo Sub-county,Unknown,,,Unknown,,Unknown,Firearm,Daily Nation pg  21,"Armed bandits ambushed a vehicle transporting passengers along the Kitale–Lodwar highway near Kainuk in West Pokot County, killing a 12-year-old girl and injuring two others, including a 16-year-old girl who was seriously wounded and a male passenger with a fractured arm, while the driver escaped with minor bruises. The victims were heading to Kainuk for artisanal gold mining after requesting a lift when the attackers, one wearing a police jacket, opened fire and fled, in an incident believed to be linked to banditry and illegal firearms in the region.",2026,2026-01,2026 Q1
2026-01-16,Organized Crime & Terrorism,Illegal Possession And Use Of Firearms,1,West Pokot,Aroo Sub-county,Unknown,,,Unknown,,Unknown,Firearm,Daily Nation pg  21,"Armed bandits ambushed a vehicle transporting passengers along the Kitale–Lodwar highway near Kainuk in West Pokot County, killing a 12-year-old girl and injuring two others, including a 16-year-old girl who was seriously wounded and a male passenger with a fractured arm, while the driver escaped with minor bruises. The victims were heading to Kainuk for artisanal gold mining after requesting a lift when the attackers, one wearing a police jacket, opened fire and fled, in an incident believed to be linked to banditry and illegal firearms in the region.",2026,2026-01,2026 Q1
2026-01-16,Homicide & Unlawful Killing,Murder,1,West Pokot,Aroo Sub-county,Female,12,,Unknown,,Unknown,Firearm,Daily Nation pg  21,"Armed bandits ambushed a vehicle transporting passengers along the Kitale–Lodwar highway near Kainuk in West Pokot County, killing a 12-year-old girl and injuring two others, including a 16-year-old girl who was seriously wounded and a male passenger with a fractured arm, while the driver escaped with minor bruises. The victims were heading to Kainuk for artisanal gold mining after requesting a lift when the attackers, one wearing a police jacket, opened fire and fled, in an incident believed to be linked to banditry and illegal firearms in the region.",2026,2026-01,2026 Q1
2026-01-16,Homicide & Unlawful Killing,Attempted Murder,3,West Pokot,Aroo Sub-county,Male and Female,,,Unknown,,Unknown,Firearm,Daily Nation pg  21,"Armed bandits ambushed a vehicle transporting passengers along the Kitale–Lodwar highway near Kainuk in West Pokot County, killing a 12-year-old girl and injuring two others, including a 16-year-old girl who was seriously wounded and a male passenger with a fractured arm, while the driver escaped with minor bruises. The victims were heading to Kainuk for artisanal gold mining after requesting a lift when the attackers, one wearing a police jacket, opened fire and fled, in an incident believed to be linked to banditry and illegal firearms in the region.",2026,2026-01,2026 Q1
2026-01-17,Homicide & Unlawful Killing,Murder And Assault,4,Samburu,Nalsunyal,Unknown,,,Unknown,,Cattle rustling,Firearm,The Standard Pg 11,Two people were shot dead and two others were left injured after a bandit attack on a lorry transporting livestock in Samburu East.,2026,2026-01,2026 Q1
2026-01-17,Fraud & Financial Crimes,Fraud,1,Homa Bay,,Unknown,,6.0,Male and Female,,Embezzlement of public funds,Abuse of office,The Standard Pg 5,Former county officials have been arrested over tender irregularities in Homa Bay County amounting to Sh.348.9 million.,2026,2026-01,2026 Q1
2026-01-17,Assault & Bodily Harm,Assault,1,Nandi,Nandi Hills Town,Male,,,Unknown,,Unknown,Baton,Daily Nation Pg 10,A group of youth were assaulted by police officers while playing pool. They were ordered to lie down and were subjected to beatings.,2026,2026-01,2026 Q1
2026-01-18,Homicide & Unlawful Killing,Murder,1,Nyamira,Tindereti,Male,32,1.0,Female,27,Marital issues,Sword,The Standard Pg15,A woman stabs her husband to death after dispute over finances.,2026,2026-01,2026 Q1
2026-01-18,Homicide & Unlawful Killing,Abduction And Murder,1,Siaya,South Sakwa,Male,37,,Unknown,,Unknown,Unknown,The Standard Pg 15,A  key witness in a murder case was abducted by unknown individiuals and later hs body was dumped in a swamp.,2026,2026-01,2026 Q1
2026-01-18,Drugs & Contraband,Drug Trafficking,1,West Pokot,North Rift,Unknown,,8.0,Unknown,,Drug trafficking,Drugs,The Standard Pg 2,Eight Burundians were arrested by Kenyan police for cross border drug trafficking in the North Rift region.,2026,2026-01,2026 Q1
2026-01-19,Homicide & Unlawful Killing,Murder,1,Kwale,Kinango,Male,27,1.0,Male,,Unknown,Firearm,The Standard  pg 3,Salim Masha Mwadori was shot dead by a Kenya Forest Service Warden as he was fleeing from a gun fight between the warden and Administration Police Officers.,2026,2026-01,2026 Q1
2026-01-20,Homicide & Unlawful Killing,Manslaughter,1,Nairobi,"Kabiria , Dagoretti",Female,20,4.0,Female,,Resentment,Unknown,Daily Nation pg 17,"Mary Njeri and her sister Lilian Muhiaki were found guilty after the court ruled that the punishment inflicted on Wangui crossed the line from discipline into criminal brutality with irreversible consequences. Wangui was locked inside and assaulted by her mother, aunt, brother and another relative as she pleaded for mercy. The court heard the attackers claimed they only intended to “correct” her behaviour, not kill her. A neighbour, Lavender Kadesa, heard screams but found the door locked. Neighbours rushed her to Mutuini Level Four Hospital, but she was pronounced dead on arrival. A post-mortem found she died from blunt force trauma to the head. ",2026,2026-01,2026 Q1
2026-01-21,Homicide & Unlawful Killing,Murder,1,Nakuru,,Female,42,1.0,Male,70,Marital issues,Panga and hammer,The Standard Pg 2,A man killls his wife at their own home after a disagreement.,2026,2026-01,2026 Q1
2026-01-21,Homicide & Unlawful Killing,Murder,1,Siaya,Nyaguda,Male,75,3.0,Male,,Land dispute,Unknown,The Standard Pg 10,"The victim, Denis Ambrose Achieng, was killed in November 2025 in Nyaguda sub-location, South Sakwa, Bondo sub-county in Siaya County. Three suspects were later arrested and charged with murder in court. The killing was described as violent and targeted. Investigators and local sources believe the murder may have been linked to a long-standing land dispute",2026,2026-01,2026 Q1
2026-01-22,Assault & Bodily Harm,Aggravated Assault,3,West Pokot,Makutano town,Unknown,,1.0,Male,,Unknown,Knife,The Standard pg 9,"Hillary Pkemoi went on a rampage and started chasing people with a knife. Three police officers responded to the distress call and he turned on them stabbing one on the neck, another on the back and the other on the leg. He was subdued with the help of other officers, investigations on the why are underway.",2026,2026-01,2026 Q1
2026-01-23,Homicide & Unlawful Killing,Murder,1,Vihiga,Mbale,Male,40,,Male,,Political hooliganism,Unknown,The Standard pg 3,"The family of 40yr George Otobe a registered boda boda from Kisumu was trailed and murdered after violent confrontation with hired goons as he was heading to Mbale-Vihiga county to attend Linda Mwananchi rally, he cited his support for the Linda Mwananchi leaders, the indifference led to his attack. ",2026,2026-01,2026 Q1
2026-01-23,Assault & Bodily Harm,Organised Political Violence,1,Kisumu,Kisumu ,Male,,,Male,,Political hooliganism,Crude weapons,The Standard pg 3,"Organised Political Violence recruiting vulnerable youths through informal networks — including boda boda riders, touts, and unemployed to disrupt rallies, intimidate voters, or engage in clashes is generally criminal under Kenyan law. Recent incidents have been witnessed and reported in Mbale, Kakamega, Kisumu, and Kitengela. This has prompted the calling out of interior PS Raymond Omollo on containing the rising trend/ mushrooming pattern of political exploitation and hooliganism.",2026,2026-01,2026 Q1
2026-01-23,Homicide & Unlawful Killing,Murder,1,Murang'a,Kandara,Male,26,,Unknown,,Unknown,Trouser,The Standard Pg 9,Family in Kandara-Murang'a County  panics after the death of their 26yr old kin Francis Mukura Nyoike who in police custody at Kagundu Police station in suspicion of being bhang peddler. Police reported that the man committed suicide with his trouser. The death has sparked protests from residents who demand for justice.,2026,2026-01,2026 Q1
2026-01-24,Fraud & Financial Crimes,Fraud,1,Nairobi,Nairobi,Male and Female,,1.0,Male,,Financial gain,Forged visas,The Standard pg 7,"Fraud case reported as a man (Brian Reeves Obare) impersonated canadian embassy officials and extorted 51M leaving dozen stranded, arrested and turned back during transit.",2026,2026-01,2026 Q1
2026-01-24,Corruption & Abuse of Office,Abuse Of Office,1,Nairobi,SHA Institution,Male and Female,,,Unknown,,Institutional capture,Abuse of office,The Standard Pg 4,"Reported controversy around recruitment at the Social Health Authority (SHA) in Kenya where allegations emerged that the hiring list was dominated by only a few ethnic communities. Investigations and scrutiny by oversight bodies such as the National Cohesion and Integration Commission (NCIC) were discussed because the issue touches on constitutional and statutory rules about ethnic balance in public employment. The controversy centered on claims that the 47 County Operations Manager positions at SHA were disproportionately filled by people from just two ethnic communities, with about 22 of the 47 managers allegedly coming from those groups.",2026,2026-01,2026 Q1
2026-01-24,Human Trafficking & Smuggling,Human Trafficking,7,Nairobi,Nairobi,Male and Female,,,Unknown,,Human exploitation,Deception,The Standard pg 7,"Reports of Human Trafficking involving Kenyan Nationals in a deception/ labor trafficking scam and Chinese traffickers, lured to jobs in Vietnam and China but end up in rural remote areas of Cambodia where scamming operations are established, serving months for a year contract they often face torture, harrassment, and freedom is limited while being traded within scamming companies.",2026,2026-01,2026 Q1
2026-01-24,Police Misconduct,Police Brutality,3,Nairobi,CBD,Male and Female,,,Male,,Extortion,Abuse of office,Daily Nation Pg 17,"Reported incident of Police brutality and extortion; police culture disguised as authority by Police officers from Central Police station, where a man was extorted sh.60,000 while from withdrawing cash in an ATM around Kencom, paraded like vagabonds and driven around CBD, whipping street families in pleasure, and extorting sh.5,000 from college couple for the crime of falling in love.",2026,2026-01,2026 Q1
2026-01-25,Other Offences,Negligence,1,Kiambu,Lari,Male,,,Unknown,,Unknown,Unknown,The Standard page 9,"A form four student, Jimmy anaro of Gatamiyo Secondary school in Kiambu county, died after allegedly being denied pemmission to seek urgent medical care despite complaining of chest pains. Fellow students and the victim's mother claim that teachers refused to allow him to go to hospital until his condition became critical. He later collapsed, rushed to medical facilities, and died during treatment. Police have launched investigations, and a postmortem examination is expected to establish the cause of death. ",2026,2026-01,2026 Q1
2026-01-25,Organized Crime & Terrorism,Handling Stolen Properties And Organized Crime,1,Nairobi,,Unknown,,7.0,Male and Female,,Electronic trafficking,Electronics,The standard page 2,"Police uncovered a suspected cross-border electronic's theft syndicate after recovering over 150 mobile phones, tablets, and laptops. Investigations indicate that the group operated a black market for stolen devices, with goods collected in Kenya and trafficked to buyers in Uganda. Several suspects, including alleged coordinators, transport facilitators, and handlers of stolen electronics, were arrested in Nairobi and its environs. Authorities say the syndicate relied on transport workers and specific drivers to move stolen devices discreetly across the border.",2026,2026-01,2026 Q1
2026-01-25,Fraud & Financial Crimes,Extortion,1,Nairobi,Canadian Embassy,Unknown,,1.0,Male,,Extortion,Forged visas,Daily Nation Pg 6,"Between January 2022 and January 2024, Brian Reeves Obare allegedly orchestrated a sophisticated fraud scheme by masquerading as a Canadian Embassy official. He convinced Golden Kenya Travel Consultants Limited that he could facilitate visa processing, successfully obtaining over Sh51 million in the process.The scam had devastating real-world consequences: many travelers who paid for these services were issued invalid documents, leading to arrests at airports, being stranded, or being turned back during transit. Obare has denied all charges before the Milimani Law Courts",2026,2026-01,2026 Q1
2026-01-26,Organized Crime & Terrorism,Alleged Terrorism Financing,1,Mombasa,Mtwapa,Unknown,,1.0,Male,,Alleged Terrorism Financing,Financial Networks,The Standard pg 9,"ELSEK OSMAN (a Turkish investor and refugee living in Mtwapa area-Kenya for about 20 years) Arrest followed a road rage incident, after which authorities opened terrorism-related investigations. Prosecutors claim Osman and an associate are being investigated for financial links to terrorism. Draft charges referenced possession or misuse of a firearm alongside terrorism accusations.",2026,2026-01,2026 Q1
2026-01-26,Other Offences,Negligence,1,Siaya,Ugunja,Male and Female,,,Male and Female,,Human-Wildlife Conflict,Wildlife,The Standard pg 19,"KWS, County Gov., National Gov are reported to Ignored repeated warnings, failed mitigation as Human-Wildlife conflict escalates Crop destruction, injuries, property damage following increased elephant, Python, Leopards, Monkeys movements into villages and farmland in Ugunja Sub-County, the area Asst. Chief confirms.",2026,2026-01,2026 Q1
2026-01-27,Homicide & Unlawful Killing,Abduction And Murder,1,Siaya,Amayo village - Bondo,Male,37,,Male,,Obstruction of justice,Motorbike,The Standard Pg 10,"The investigation of the murder Denis Achieng became more serious due to witness intimidation concerns as Hezron Nyamburi was reportedly abducted and killed, raising fears for other witnesses. He was forced onto a motorcycle and taken away, His body was later discovered dumped in a swamp in Ndati village.Prosecutors argued the suspects could interfere with witnesses, which led the court to deny them bond.",2026,2026-01,2026 Q1
2026-01-27,Other Offences,Breech Of Duty,1,Nairobi,Kamiti Maximum Prison,Unknown,,3.0,Male,,Obstruction of justice,Abuse of office,The Standard Pg 3,Three prison officers were convicted for breech of duty after facilitating the escape of convicted terrorists linked to the Garrisa University attack.,2026,2026-01,2026 Q1
2026-01-28,Assault & Bodily Harm,Grievous Harm,1,Uasin Gishu,Kapsoya Estate,Female,23,1.0,Male,24,Love affair,Acid,The Standard Pg 17,"24 yr Tonny Kimwetich faces court charge for causing grievous harm to his girlfriend Evaline Jelimo Sum by spashing acid on her head in SOS area, Kapsoya estate, this was after the boyfriend got infurieted following rejection.",2026,2026-01,2026 Q1
2026-01-28,Homicide & Unlawful Killing,Murder,3,Machakos,Mlolongo,Male and Female,1 and 4,1.0,Female,,Marital issues,Vim detergent,The Standard pg 9,"Police holding a woman for suspected premediated murder of her children; 1 yr old girl twins and a boy following domestic dispute, the suspect sent a cryptic message to her neighbor requesting she be accompanied by caretaker and make way to her apartment, the children were found dead foam emanating from their mouth evidencing signs of poisoning.",2026,2026-01,2026 Q1
2026-01-28,Assault & Bodily Harm,Assault,1,Kericho,Tulwap Kipsigis,Male,31,4.0,Male,,Extortion,Wooden stick,The Standard pg 3,"31 yr old man seeks justice after gettinng assalted by 4 police officers from Kahorora police station, aong the four one officer who was drunk picked a stick and hit the bodaboda rider as they claimed he retaliated a fellow police officer who bumped into him as he was depositing 5,000 shillings at a M-pesa shop.",2026,2026-01,2026 Q1
2026-01-28,Fraud & Financial Crimes,Fraud,1,Nairobi,SHA Institution,Male and Female,,41.0,Male and Female,,Financial gain,Fake claims,Daily Nation Pg 4,Auditor General's report evidences how SHA has lost sh.11 B to private hospitals who billed bucky fake claims between Oct 2024 to April 2025.,2026,2026-01,2026 Q1
2026-01-28,Cybercrime,Cyber Crime,1,Unknown,,Male and Female,,,Male and Female,,Unknown,Ai,Daily Nation Pg 22,"Cyber threats targeting Kenyan organisations rose by over five times in the three months to December 2025, underscoring the growing scale and sophistication of attacks targeting critical digital infrastructure. New data from the Communications Authority of Kenya says detected cyber threats stood at 4.56 billion representing a 441.27 per cent increase from the 842 million earlier.",2026,2026-01,2026 Q1
2026-01-28,Assault & Bodily Harm,Gang Violence,1,Nakuru,London area,Male and Female,,,Male,,Robbery,Unknown,Daily Nation Pg 16,"Reports of heightened insecurity in London area, Nakuru county as gang of youths appear to target unsuspecting residents snatching their phones. Residents fear being outside past 10pm.",2026,2026-01,2026 Q1
2026-01-28,Public Order & Administration of Justice,Contempt Of Court,1,Nairobi,,Male and Female,,2.0,Male and Female,,Political Intimidation,Abuse of office,Daily Nation Pg 10,"Two senior advisers to President William Ruto, economist David Ndii and Women’s Rights Advisor Harriette Chiggai, face a fresh legal battle over alleged contempt of court. The dispute follows a High Court ruling last week that nullified their appointments, along with those of 19 other presidential advisers, declaring the creation of multiple advisory offices unconstitutional. The court cited a lack of Public Service Commission recommendations, inadequate public participation, and failure to scrutinize financial implications.",2026,2026-01,2026 Q1
2026-01-29,Organized Crime & Terrorism,Banditry,1,Laikipia,"Naibunga Upper, Salamba, Seek and Momonyot",Unknown,,,Unknown,,Robbery,Firearm,Daily Nation pg 12,"Communities in Mukugondu forest have been raided for three consecutive days by armed men who storm into their houses and start shooting into the sky so as to scare them. thousands of livestocks including goats and cows were stolen. the raids are well-planned and coordinated, the bandits even tried raiding a GSU camp but failed.",2026,2026-01,2026 Q1
2026-01-29,Organized Crime & Terrorism,Terrorism,2,Garissa,Hulugh primary school,Male,,,Unknown,,Terrorism,Firearm,The Standard pg  9,"In Northern Kenya, Al-Shabaab militants killed a chief and a teacher in Hulugho, Garissa County, in a targeted attack carried out by individuals familiar with the area. According to the article, the attackers are believed to be locals working with Al-Shabaab, who used their knowledge of the community to locate the victims’ homes and avoid security patrols, possibly blending in during wedding ceremonies to evade detection.",2026,2026-01,2026 Q1
2026-01-29,Fraud & Financial Crimes,Embezzlement Of Public Funds,1,Embu,,Unknown,,1.0,Female,,Financial gain,Abuse of office,Daily Nation pg 8," Ms Mbarire admitted to emblezzling funds, ksh 10m during a senate county public accounts comittee. she alleged that the county was compellelled to bankroll the function by Prof. Kindiki which she described as 'immense pressure'. the embezzled funds were meant for the construction of an aggrevated industrial park but was diverted to fund a political function targeting boda boda riders.",2026,2026-01,2026 Q1
2026-01-30,Fraud & Financial Crimes,Fraud,1,Nairobi,Kilimani,Male,,,Unknown,,Financial gain,Fake gold,The Standard Pg 5,"30 January 2026, detectives were investigating a sophisticated gold scam in which fraudsters posing as legitimate gold dealers lured a foreign investor into a fake gold transaction in Nairobi. The victim, a male United States national, was taken to Kilimani, where the suspects used forged documents, staged offices, and false assurances to convince him that the gold was genuine. He was defrauded of millions of shillings before realizing the deal was a scam and reporting the matter to authorities. Police said the incident was part of a wider underground network that targets foreign nationals seeking to invest in Kenya’s gold trade, with investigations ongoing to trace the suspects and identify any additional victims.",2026,2026-01,2026 Q1
2026-01-30,Homicide & Unlawful Killing,Murder,1,Bomet,Masare village,Male,26,1.0,Male,,Unknown,Machete,Daily Nation Pg 22,"Victor Kipngeno Koech, a 26-year-old Kenyan quarry worker, was brutally murdered on the evening of January 24 near Masare shopping centre in Masare village, Longisa Ward, Bomet County, after stepping out briefly to buy food for his family. According to police and witnesses, Koech was attacked under the cover of darkness during a power outage by a man known to him from the same neighbourhood, who waylaid him, slit his throat and hacked him repeatedly using a panga. Members of the public arrested the suspect and handed him over to police, who recovered the murder weapon and later arraigned the suspect in court. The killing shocked the community and left Koech’s family, who depended on him as their sole breadwinner, grappling with deep grief and financial hardship as investigations continue and the motive remains unclear.",2026,2026-01,2026 Q1
2026-01-31,Organized Crime & Terrorism,Terrorism,2,Mandera,Mandera town,Unknown,,,Unknown,,Extortion,Improvised Explosive Device (IED),Daily Nation Pg 12,"In Northern Kenya, two Police Officers were killed in Mandera town when an IED exploded at a border point where they were on duty. Al-Shabaab maintains its presence in the region by exploiting porous borders with Somalia, intimidating local communities, collecting “taxes” or protection money, and using local collaborators to carry out attacks against security personnel.",2026,2026-01,2026 Q1
2026-01-31,Human Trafficking & Smuggling,Human Trafficking,1,Lamu,Mpeketoni,Female,16,1.0,Female,,Human exploitation,Deception,The Standard Pg 3,"Diana was fined 30 million for traffiking a 16 year old from Thika to Lamu. She lured the teenager with promises for a better life but intended to eploit her for cheap labour. If she fails to pay the fine, she will serve 30 years in Prison. She was convicted in absentia because she jumped bail.",2026,2026-01,2026 Q1
2026-01-31,Homicide & Unlawful Killing,Murder,1,Narok,Huduma Center,Male,,,Unknown,,Unknown,Unknown,The Standard Pg 3,An unidentified man was found dead in Narok county near Huduma Center. His Body was taken to the Mortuary as police investigations continues.,2026,2026-01,2026 Q1
2026-01-31,Organized Crime & Terrorism,Terrorism,1,Nyeri,ACK Wit -ima Chrch,Unknown,,,Unknown,,Political hooliganism,Gun and Tear Gas,The Standard Pg 10,"Masked Police Officers and Goons fired live bullets, tear gas and vandalised cars where Rigathi Gachagua and sevral Other Victims were worshipping, forcing them to flee in panic. They said if no action is taken to arrest the perpetrators, they will launch a nationwide protests.",2026,2026-01,2026 Q1
2026-01-31,"Robbery, Theft & Burglary",Robbery,2,Kilifi,Mtwapa,Male,,6.0,Male,"21,26,20,32,19,18",Robbery,Machete,The Standard pg 17,"6 suspects pretended to be customers robbed a store, attacked the employee while the shopkeeper was cut on the head and shoulders. The Police also recoverd 18 rolls and one large package of Cannabis Sativa. They are now in custody waiting for charges to be made.",2026,2026-01,2026 Q1
2026-02-01,Homicide & Unlawful Killing,Murder,1,Machakos,Matuu,Male,,,Unknown,,Unknown,Machete,The Standard Pg 3,"A middle-aged man was found murdered yesterday morning in an estate in Matuu town, Yatta Sub-County. His body bore panga cuts to the face and neck, and bloodstains covered his clothes Matuu Sub-Location Assistant Chief Peter Muinde Wambua confirmed the incident and reported it to the local police, who took the body to Matuu Level Four Hospital mortuary He said the man had no identification and was unknown in the area. It is suspected that the victim may have been killed elsewhere and his body dumped in Matuu. The chief urged anyone with a missing persons report to come forward and identify the body.",2026,2026-02,2026 Q1
2026-02-01,Homicide & Unlawful Killing,Defilement And Murder,1,Nyandarua,Ol Jororok village,Female,,,Male,,Sexual assault,Unknown,The Standard Pg 3,"Shock and grief have engulfed Ol Jororok village, Nyandarua County, after a Grade Two pupil was allegedly defiled and killed on Friday evening. The child went missing while walking home from school, prompting her parents and neighbours to launch a search. ""We found her body in a bush, with blood oozing from her private parts",2026,2026-02,2026 Q1
2026-02-01,Sexual & Gender-Based Violence,Defilement,1,Kiambu,Thika west,Female,13 years,1.0,Male,,Sexual assault,Authority,The Standard Pg 2,"A former deputy headteacher, John Kamau, has been sentenced to 28 years in prison by a Thika court for defiling a 13-year-old schoolgirl. The offenses occurred repeatedly in 2023 at private school where he worked. The victim testified that the abuse happened several times and caused emotional trauma and poor academic perfomance.",2026,2026-02,2026 Q1
2026-02-01,Homicide & Unlawful Killing,Murder,1,Kajiado,Kitengela,Male,,3.0,Unknown,,Unknown,Firearm,The Standard Pg 5,"Kevin maseri died after allegedly being shot by a senior DCI officer following an altercation at a night club in Kitengela. CCTV footage shows the victims being ejcted from the club, returning shortly afterward, and a confrontation that escalated into gunfire. Maseri was shot at a close range and later died while undergoing treatment, while another man survived with injuries. Investigations are ongoing, with the IPOA involved, amid public concern over possible abuse of police power.",2026,2026-02,2026 Q1
2026-02-02,Organized Crime & Terrorism,Illegal Possession Of Firearm,1,Tana River,,Male and Female,,,Unknown,,Protection against tribal attacks,Unknown,The Standard Pg 2,"Police seize 12 guns from locals in Tana River in efforts to keep peace  as security agents intensify efforts to disarm the locals, Coast Regional Police Command-er Ali Nuno says recovery of the fire-arms is part of the effort by security officers to bring peace in the area that is always prone to tribal clashes",2026,2026-02,2026 Q1
2026-02-03,Drugs & Contraband,Smuggling Of Regulated Agricultural Commodities,1,Mombasa,,Male and Female,,1.0,Female,,Tax evasion,Forged documents,The Standard Pg 8,"A Chinese businesswoman was on Friday fined Sh250,000 for smuggling 2,159 bags of unprocessed macadamia nuts to China. Chen Fang pleaded guilty to smuggling the macadamia that had been disguised as tarpaulin destined for Maputo, Mozambique. Senior Resident Magistrate Odera Green directed that Fang pays the fine, failure to which she will serve a one-year sentence. She was accused of making false declaration contrary to section 203 (b) of the East African Community Customs Management Act.",2026,2026-02,2026 Q1
2026-02-04,Fraud & Financial Crimes,Fraud,9,Nairobi,Kenyatta road,Male and Female,,6.0,Male,,Financial gain,Unknown,Daily Nation Pg 7,"Developers solicited payments from buyers, often diaspora Kenyans, for off-plan housing projects that were never completed or did not exist. The perpetrators used fake documentation, misrepresented property locations, and ignored arbitration or refund orders.",2026,2026-02,2026 Q1
2026-02-04,Corruption & Abuse of Office,Corruption,1,Busia,Busia county government,Unknown,,1.0,Male,,Financial gain,Abuse of office,The Standard Pg 2,Busia Governor Paul Otuoma appeared before the Ethics and Anti-Corruption Commission (EACC) Western Regional Office in Bungoma after being summoned over the alleged irregular award and payment of a Sh1.4 billion tender to 26 companies reportedly linked to family members and associates of senior county officials.,2026,2026-02,2026 Q1
2026-02-04,Property Destruction & Arson,Arson,5,Homa Bay,Rangwe Sub-county,Unknown,,,Male and Female,,Vengeance,Lighter,The Standard Pg 25,"A primary school head teacher and his extended family have lost their homes in an arson attack following a land dispute in Rangwe Sub-county that left two people dead. The teacher's permanent house in Wi Kawiti village, Gem Sori Kachiena Location, was torched after residents. accused him of involvement in the deaths of retired teacher Joseph Owuoth and his wife, Pamela. After learning of Pamela's death, a mob raided the teacher's home but did not find him. They set fire to the house, destroyed his sugarcane plan-tation and crusher and stole his live-stock. The attackers also burned two houses at his parents' homestead and a posho mill. The five affected households are now homeless, fleeing to unknown locations for safety.",2026,2026-02,2026 Q1
2026-02-04,Organized Crime & Terrorism,Terrorism,1,Mombasa,,Male and Female,,1.0,Male,,Unknown,Unknown,The Standard Pg 25,"Turkish billionaire Osman Elsek was yesterday charged with being a member of the Somali-based Al-Shabaab terrorist group, which has carried out several attacks in Kenya. He was also charged with possessing four controversial videos on his mobile phone, which allegedly suggested the commission of terrorist activities. In addition, Ehek was charged with possessing a Glock pistol at Majengo Kanamai, Kilifi County, allegedly with intent to use it in a manner prejudicial to public order.",2026,2026-02,2026 Q1
2026-02-05,Homicide & Unlawful Killing,Murder,1,Nyeri,Karatina,Male,,1.0,Male,,Unknown,Firearm,The Standard Pg 8,A police officer accused of shooting a businessman in Karatina town after an argument between the deceased did not take a plea after the prosecution requested more time to complete investigations. Peter Wamiti appeared before Senior Resident Magistrate Mary Gituma but will be held for an additional seven days,2026,2026-02,2026 Q1
2026-02-05,Homicide & Unlawful Killing,Manslaughter,1,Nakuru,Sanctuary village,Male,5,1.0,Female,23,Unknown,Unknown,The Standard Pg 11,A 23 yrs old woman is being held by the police at Naivasha for alledgedly assaulting her 5 yr old son leading to his death. The police are searching for the suspect's boyfriend who went missing after the incident .,2026,2026-02,2026 Q1
2026-02-05,Homicide & Unlawful Killing,Murder,1,Nairobi,Mihang'o,Female,,1.0,Male,,Unknown,Unknown,The Standard Pg 16,Bernard Mutiso and Anne Muthoni entered Anne's apartment with the help of a neighbour only for Anne's roommate to return home after work to find her dead in her bed with a stab wound. The suspect is at large and investigations are on going.,2026,2026-02,2026 Q1
2026-02-06,Fraud & Financial Crimes,Forgery,1,Uasin Gishu,Soy Sub-county,Unknown,,1.0,Male,30,Illegal Acquisition of Property,Forged documents,Daily Nation Pg 22,"In a dramatic turn in one of the North Rift’s longest-running land disputes, a man who won a 30-year legal battle over the 606-acre Nyalibei Farm has been sentenced to five years in jail for forgery. A Magistrate’s Court in Eldoret found David Lei Soit’s victory relied on forged documents, including a fake signature of a senior Ministry of Lands official. The papers were allegedly used to guide surveyors in subdividing the disputed land and issuing title deeds to 17 beneficiaries. Senior Principal Magistrate Peter Areri rejected Mr Soit’s plea for leniency, ruling that the livestock farmer’s claim to the multibillion-shilling estate was based on criminal deception.",2026,2026-02,2026 Q1
2026-02-06,Homicide & Unlawful Killing,Murder,1,Nakuru,Sanctuary village,Male,4,1.0,Male,32,Marital issues,Rungu,The Standard Pg 10,Police in Naivasha have arrested a 32-year-old man accused of killing his four-year-old stepson after allegedly hitting him on the head with a rungu in Sanctuary Village on Mol South Lake Road following a domestic dispute.,2026,2026-02,2026 Q1
2026-02-06,Assault & Bodily Harm,Grievous Harm,1,Nakuru,Kasarani Estate,Male,,1.0,Male,,Unknown,Unknown,The Standard Pg 10,Police arrested a suspect over the stabbing of a man during a bar fight in Kasarani estate,2026,2026-02,2026 Q1
2026-02-06,Fraud & Financial Crimes,Fraud,1,Mombasa,,Unknown,,1.0,Male,,Illegal Acquisition of Property,Forged documents,Daily Nation Pg 22,"A Mombasa court has issued a warrant of arrest for businessman Joginder Singh Dhanjal over allegations of defrauding a family-linked company of land valued at Sh400 million. The warrant follows his repeated failure to honour court summons. Joginder faces two counts: conspiracy to defraud M/S Jaypee and Sons Limited of eight parcels of land, and obtaining registration by false pretences, including creating over 15 parallel title numbers.",2026,2026-02,2026 Q1
2026-02-06,Organized Crime & Terrorism,Banditry,6,Turkana,South Lokichar,Unknown,,,Unknown,,Cattle rustling,Unknown,Daily Nation Pg 22,"MPs have kicked off public hearings on the South Lokichar oil project amid demands by locals to boost security before operations continue. Villagers recounted deadly bandit attacks, stolen livestock, and rising violence, citing last weekend’s Kakong attack that left six people dead.",2026,2026-02,2026 Q1
2026-02-07,Homicide & Unlawful Killing,Murder,1,Baringo,Kabarnet town,Male,,,Unknown,,Unknown,Unknown,The Standard Pg 3,An unidentified man was found dead a few meters from the governor's and county assembly offices. Investigations are still ongoing.,2026,2026-02,2026 Q1
2026-02-07,Sexual & Gender-Based Violence,Defilement,1,Kilifi,Kitengwani,Male,5,1.0,Male,26,Sexual assault,Unknown,The Standard Pg 3,A 26 year old man lured and sexually assaulted his five year old cousin at a farm in Kitengwani and now the court has sentenced him to life imprisonment.,2026,2026-02,2026 Q1
2026-02-07,Public Order & Administration of Justice,Contempt Of Court,2,Nairobi,Millimani Law court,Male,,1.0,Male,,Debt evasion,Unknown,The Standard Pg 3,"Pius Mbugua Ngugi was involved in legal dispute where the court ordered him to pay his former lawyers,Githori and Harrison Assiciates Advovates LLP, over 4 Million Shillings but he didnt pay and kept on avoiding.The court issued a warrant of arrest and he will be facing six months in Jail.",2026,2026-02,2026 Q1
2026-02-07,Homicide & Unlawful Killing,Murder,2,Homa Bay,Wi Kawiti,Male and Female,,1.0,Male,,Land dispute,"Pangas, Clubs and Crude objects",The Standard Pg 3,"A Primary Head teacher has been arrested for allegedly murdering a retired teacher with his wife believing he murderd them because over a land dispute.The couple scummbed to their injuries after being attacked with Pangas, clubs and crude weapons. He surrenderd to the police along with his lawyer following accusations that he killed the couple. For now court orders are asking for him to be detained until further investigations.",2026,2026-02,2026 Q1
2026-02-08,Public Order & Administration of Justice,Defamation,1,Mombasa,Kenya Ports Authority (KPA),Male,,1.0,Male,,Work conflict,Press statement,The Standard Pg6,"The court found out that the Dock Workers Union chairman Simon Sang' falsely accused Daniel Ogutu, a former Kenya Ports Authority general manager, of murder and satanic activities following the death of a union member in hospital. The magistrate ruled that the claims were malicious, unproven, and unsupported by any legal or factual evidence. As a result, Sang' was ordered to pay Sh 2.4 million in damages for defamation.",2026,2026-02,2026 Q1
2026-02-08,"Robbery, Theft & Burglary",Vandalism And Theft,1,Nairobi,Lang'ata cemetery,Female,,,Unknown,,Financial gain,Saw,Daily Nation Pg 2,"Isabella Wanjiku, parents' graves at Lang’ata Cemetery were vandalized decades after they died in the 1993 Kathekani train disaster. In 1996, Isabella spent Sh150,000 to install marble and metallic enclosures, which have since been sawed off and stolen by gangs for scrap metal. While Isabella and her siblings previously won an 18-year legal battle against Kenya Railways for negligence, they now face a ""double tragedy"" due to the desecration of the burial site. Despite claims from the Nairobi City County that 24-hour security is present, Isabella argues that the authorities have failed to protect the plots that families paid for, leaving her appalled and calling for systemic change",2026,2026-02,2026 Q1
2026-02-08,Corruption & Abuse of Office,Abuse Of Office,1,Nairobi,Eastleigh,Unknown,,5.0,Male,,Financial gain,Irregular approvals,The Standard Pg 6,"The comission on administrative justice has recommended the prosecution of five senior Nairobi County officials for illegally approving building developments without following required planning and safety procedures. The unlawful approvals allegedly put residents' lives at risk and violated zoning and environmental laws. The case arose from a complainant by a private developer over irregular approvals in Eastleigh, and the EACC has been asked to investigate potential corruption.",2026,2026-02,2026 Q1
2026-02-08,"Robbery, Theft & Burglary",Robbery With Violence,1,Nyandarua,Njura village,Male,,2.0,Male,,Robbery,Unknown,The Standard Pg 7,"In a landmark ruling by the court of the appeal in nakuru, two convicted robbers- Samuel maina and joseph mungai- had their 30-year prison sentences upgraded  to the mandatory death penalty for the 2016 robbery with violence/murder of william karanja. The pair broke into karanja's home and stole goods worth Sh81,000, and killed him. Despite three explicit warnings from the judges about the risk of appealing, they proceeded. The court upheld their conviction based on strong evidence, including eyewitness accounts and a tip-off that led their quick arrest. The decision underscores Kenya's strict stance on violent robberies.",2026,2026-02,2026 Q1
2026-02-09,Homicide & Unlawful Killing,Murder,1,Nakuru,Naivasha,Female,23,1.0,Male,,Unknown,Blunt object,Daily Nation Pg 15,"For ten agonising days, the family of 23-year-old Rachael Moraa searched frantically, calling unanswered phones and scouring hospitals for their missing relative. Hope turned to grief on December 17 when Moraa’s body was found at Naivasha Sub-County Hospital mortuary. An autopsy by government pathologist Titus Ngulungu, in the presence of the family’s pathologist, revealed Moraa died from internal bleeding caused by trauma from a blunt object.",2026,2026-02,2026 Q1
2026-02-09,Homicide & Unlawful Killing,Murder,1,Nairobi,Huruma,Female,21,1.0,Unknown,,Unknown,Firearm,Daily Nation Pg 8,A KMTC student was shot by a stray bullet and died instantly when a police officer was pursuing a suspect.,2026,2026-02,2026 Q1
2026-02-10,"Robbery, Theft & Burglary",Motor Vehicle Theft,1,Kirinyaga,Mwea,Unknown,,4.0,Male,,Financial gain,Unknown,Daily Nation Pg 3,"Detectives from the Directorate of Criminal Investigations arrested former Mwea MP Peter Gitau on suspicion of involvement in vehicle theft, including a truck belonging to the devolved government of Murang’a County. According to Central Region Criminal Investigations Officer Abraham Mugambi, Gitau was arrested alongside three others, marking the second time the men had been apprehended after previously being arraigned on another vehicle theft charge two weeks earlier.",2026,2026-02,2026 Q1
2026-02-10,Fraud & Financial Crimes,Fraud,1,Kilifi,Malindi,Male,,1.0,Male,,Financial gain,Unknown,Daily Nation Pg 3,"An imam has been charged with defrauding a worshipper of Sh774,000 after claiming he would facilitate his travel to Mecca, Saudi Arabia, for pilgrimage.",2026,2026-02,2026 Q1
2026-02-11,Homicide & Unlawful Killing,Defilement And Murder,1,Nyandarua,,Female,,3.0,Unknown,,Unknown,Unknown,Daily Nation Pg 20,"A grade two pupil who went missing on her way home from school was defiled and later strangled to death.The body was found a few hours after she was reported missing, dumped in a thicket and partially covered with shrubs and her jacket.",2026,2026-02,2026 Q1
2026-02-12,Sexual & Gender-Based Violence,Sexual Assault,1,Bomet,Chemaner Health Center,Female,,1.0,Male,,Unknown,Unknown,Daily Nation Pg 21,An expectact alledged to have been raped by a medic at Chamener Health Centre during examination before being transferred to Longisa County Refferal Hospital where she delivered safely. investigations are unerway.,2026,2026-02,2026 Q1
2026-02-12,Homicide & Unlawful Killing,Murder,1,Nyeri,Kianjogu village,Female,9,1.0,Male,,Unknown,Unknown,The Standard Pg 16,Shantel aged 9 yrs was reported missing only to be found dead in a pit latrine. The main suspect is her uncle its alledged he was the last person to see her. he is currently in custody as the investigations go on.,2026,2026-02,2026 Q1
2026-02-12,"Robbery, Theft & Burglary",Robbery,1,Siaya,Ajigo Trading Centre,Unknown,,1.0,Male,,Financial gain,Unknown,The Standard Pg 18,Police constable accused of involvement in a violent robbery at Ajigo Trading Centre in Bondo sub-county will remain in custody for seven days as Investigations continue.Owino was arrested on Saturday night at his Holo Police Station post in Kisumu County. Investigators sald CCTV footage shows armed robbers harassing a trader before fleeing on a motorcycle.,2026,2026-02,2026 Q1
2026-02-12,Organized Crime & Terrorism,Banditry,1,Turkana,Lokamoswing village,Unknown,,,Unknown,,Unknown,Unknown,Daily Nation Pg 21,"Lokomoswing village lost more than 2000 livestocks to bandits who raided the communal grazing fields. this has left them at great loss as that was their drought refuge.The bandits were persued and only 150 goats were recovered,cause the herders burned vegetation to hide their tracks.",2026,2026-02,2026 Q1
2026-02-12,Assault & Bodily Harm,Grievous Harm,2,Nakuru,,Male and Female,,2.0,Male,,Gang violence,Unknown,Daily Nation Pg 21,"Jacob and Ann were attacked by people they recognise,though on different dates and places, the incident happened in the same estate where there've been a series of such cases thus creating fear among the estate residents.Jacob suffered injuries to his left eye. In both cases no arrest has been made,investigations are still underway.",2026,2026-02,2026 Q1
2026-02-12,Homicide & Unlawful Killing,Murder,1,Nakuru,Kasarani estate (Naivasha),Male,44,1.0,Male,,Unknown,Unknown,Daily Nation Pg 21,Ali 44 yrs old man was walking home from a local bar when he was accosted by a man believed to be from the neighbourhood.ali was stabbed several times and succumbed to his injuries while receiving treatment. The suspect is currently MIA.,2026,2026-02,2026 Q1
2026-02-13,Homicide & Unlawful Killing,Murder,1,Kiambu,Kamakis,Male,43,,Male,,Financial gain,Unknown,Daily Nation Pg 2,"Andrew Nyaga, a 43-year-old deputy catering manager at Kenyatta University Referral Hospital, was abducted from his home in the Kamakis area of Ruiru, Kiambu County after being lured out by people he appeared to know. His captors forced him to send ransom messages and surrender his social media access to convince relatives he was alive while withdrawing money from his phone account. He was later killed by repeated blows to the head and his body dumped near Kwa Samaki along the Kenol–Sagana Road on the Murang’a–Machakos border, in what investigators believe was a planned kidnapping, extortion, and murder carried out by acquaintances who then removed his SIM card to avoid tracking.",2026,2026-02,2026 Q1
2026-02-14,Homicide & Unlawful Killing,Murder,1,Siaya,,Male,,,Unknown,,Unknown,Unknown,The sandard Pg 17,"A human rights organization has renewed calls for Investigations into the death of former Slaya County Assembly Clerk Felix Olwero, alleging police involvement and accusing oversight agencies of failing to act. The Community Initiative Action Group Kenya (CIAG) has written to the Directorate of Criminal Investigations, the Independent Policing Oversight Authorityand the Office of the Director of Public Prosecutions, demanding urgent action over the killing.",2026,2026-02,2026 Q1
2026-02-15,Public Order & Administration of Justice,Creating Disturbance,1,Wajir,,Male,,1.0,Male,,Attract the attention of the president,Unknown,Daily Nation Pg 16,"Asecurity breach involving President William Ruto at a public event in Wajir County was terribly shocking. A man, perhaps keen to attract the attention of the Head State, surprisingly got within reach, prompting the President to plead for calm as his security aides confronted the intruder. However, it is commendable that the presidential security team moved swiftly to avert a possible disaster.",2026,2026-02,2026 Q1
2026-02-16,Fraud & Financial Crimes,Counterfeiting And Selling Fake Agricultural Inputs,1,Uasin Gishu,Naiberi shopping centre,Male and Female,,7.0,Male,,Financial gain,Unknown,The Standard Pg 7,"Police in Uasin Gishu County have busted a fake fertilizer syndicate targeting gullible farm-ers ahead of the planting season. Acting on a tip-off, the multi-agency team stormed Kotut Balers Agro Feeds at Naiberi shopping centre in Ainabkoi Sub-county arresting seven suspects and recovered hundreds of bags that were being repackaged.",2026,2026-02,2026 Q1
2026-02-16,Property Destruction & Arson,Arson,3,Meru,Buuri,Male and Female,,,Unknown,,Land dispute,Fire,The Standard Pg 10,Assailants in Meru stormed the home of a family of three and set it ablaze. The homeowner Simon believes the attack was linked to a long-standing land dispute.,2026,2026-02,2026 Q1
2026-02-17,Drugs & Contraband,Possession Of Uncustomed Goods,1,Baringo,Eldama Ravine,Male and Female,,1.0,Male,,Financial gain,Unknown,The Standard Pg 3,"A man has denied being in possession of ethanol in Eldama Ravine, as agitated residents demonstrated within the court premises over the high consumption of alcohol in the area. According to the charge sheet, Nderitu was allegedly found in possession of 255 litres of uncustomed ethanol valued at Sh612,000, which attracted an excise duty of Sb 452,880, on February 15, 2026, at Shauri Vil-lage in Baringo County",2026,2026-02,2026 Q1
2026-02-17,Fraud & Financial Crimes,Forgery,1,Wajir,Wajir East,Male and Female,,1.0,Male,37,Secure a job,Forged ID,The Standard Pg 20,"A Somali national has been arrest-ed in Wajir County while attempting to secure employment using a Ken-yan national identity card. Abdi Hassan Ibrahim was seized at the weekend at Johwar location in Wajir East, where he was allegedly searching for job opportunities.",2026,2026-02,2026 Q1
2026-02-18,Sexual & Gender-Based Violence,Voyeurism,1,Unknown,"malls, churches, roadsides",Female,,1.0,Male,,Sexual exploitation,Meta Glasses,The Standard,"The Russian–Kenyan women incident reported in Kenya can be classified as a sexual exploitation and cyber-enabled privacy violation case. The alleged offender reportedly lured women, secretly recorded them, and later shared the footage online without consent. This suggests possible offences such as non-consensual recording, invasion of privacy, online dissemination of intimate material, and digital sexual exploitation. The matter was reported by Daily Nation on 18 February 2026 and by The Standard on 18 February 2026, with later follow-up commentary and feature coverage in both outlets.",2026,2026-02,2026 Q1
2026-02-18,"Robbery, Theft & Burglary",Robbery With Violence,1,Siaya,Ajigo Market,Male,,3.0,Male,,Financial gain,Gun and Machete,Daily Nation Pg 7,A police constable Mark Owino is among suspects lined up for an identification parade over a violent robbery at Ajigo Market in Siaya County.CCTV footage showed three men attacking shopkeeper Ezrah Gumbe,2026,2026-02,2026 Q1
2026-02-18,"Robbery, Theft & Burglary",Robbery With Violence,1,Bungoma,Kabula Market,Male,,,Unknown,,Financial gain,Unknown,The Standard Pg 10,"Police are investigating the killing of a security guard during a robbery at Kabula market in Bumula Constituency. Residents recalled the 3am Incident. ""I heard screams after a security guard at a neighbouring shop was killed and several items stolen. The attackers also vandalised my CCTV camera but we have the captured footage when they were getting in, and we hope the police can use it and arrest the perpetra-tors,"" said Mahamud Mohammed, a trader. ",2026,2026-02,2026 Q1
2026-02-19,Homicide & Unlawful Killing,Murder,1,Murang'a,Ngaini village,Male,43,,Unknown,,Unknown,Unknown,Daily Nation Pg 26,Mr. Kawira was lynched over livestock theft. Mr. Kawira was a tuktuk driver and was ferrying  3goats assigned to him by a customer who fled when they were confronted by a mob accusing them of theft. Mr.Kawira became a victim of a frustrated and confused mob that beat him up and lit him and his tuktuk on fire. ,2026,2026-02,2026 Q1
2026-02-19,Homicide & Unlawful Killing,Murder,1,Nakuru,Mai Mahiu,Female,82,,Unknown,,Unknown,Rope,The Standard Pg 10,"A one-week search for an 82-year-old woman ended tragically when her decomposed body was found abandoned in a latrine in Mai Mahlu, Naivasha. It is believed she was murdered and her body discarded in Mafuta Taa village, about 10 kilometres from Mai Mahiu Town. Tensions ran high as police retrieved the body which had a rope around the neck.",2026,2026-02,2026 Q1
2026-02-20,Public Order & Administration of Justice,Obstruction Of Public Service Delivery,1,Multiple Counties,County Offices,Male and Female,,,Male,,Oversight gaps,Abuse of Office,The Standard Pg 6,"A February 2026 report states that residents and local stakeholders complained that some governors and senior county officials from Turkana, Nandi, and Tana River Counties rarely work from their official offices. Some residents and reports claim officials sometimes operate from private residences or hotels rather than the county offices, which reduces public accessibility.",2026,2026-02,2026 Q1
2026-02-20,Organized Crime & Terrorism,Illegal Possession Of Firearm,1,Kajiado,,Unknown,,13.0,Male,,Terrorism,Gun and Improvised Explosive Device (IED),Daily Nation Pg 4,"Kenyan security agencies have foiled what officials describe as a major terror attack planned for Nairobi during the holy month of Ramadhan, Intelligence work led by officers drawn from the National Intelligence Service (NIS) supported by the multi-agency Special Operations Group. Suspects were arrested at a hideout in Kajiado County where they were allegedly finalising plans for a coordinated strike. Security agents seized 10 Kenyans, two Tanzanians and a Ugandan as they planned to leave for Nairobi. Among items seized were five AK 47 assault rifles — powerful automatic weapons capable of sustained fire — along with 20 magazines loaded with 600 rounds of ammunition, enough to fuel prolonged gun battles. The multi-agency team also found six hand grenades, small but deadly explosives designed to cause maximum damage in close quarters, and a Makarov pistol with 24 rounds of 9mm ammunition, a compact handgun often used as a backup weapon.",2026,2026-02,2026 Q1
2026-02-20,Homicide & Unlawful Killing,Murder,1,Nyeri,Karatina,Female,Mary Murutuni,1.0,Male,23,Unknown,Unknown,Daily Nation Pg 8,"Police in Mathira, Nyeri County, are investigating the murder of two women linked to a suspected serial killer who attempted to hide behind a claim that two detectives had plotted to assassinate the area MP. On February 12, Mathira MP Eric Wamumbi was alerted by a local official that he was the target of an assassination. The intelligence came from Thiuu Assistant Chief Justus Gathecha, Joseph Njoroge Weru had reported to Mr Gathecha that he had been hired by persons suspected to be DCI officers from Mathira East sub-county to assassinate the MP. The second victim already identified. Mary Murutuni, 28, a mother of three, had moved from Mukima in Nanyuki to Narumoru town, where she worked at a boutique and lived alone in a rented house. She went missing on January 17. When relatives went to Narumoru looking for her, Neighbours said she had left in the company of a man identified as Joseph Weru who had stayed at Mary’s house for three days shortly before her disappearance. Her body was discovered on January 19, dumped in a farm along the Karogoto River in Karatina.",2026,2026-02,2026 Q1
2026-02-20,Homicide & Unlawful Killing,Murder,1,Nyeri,Tetu-Sub County,Female,Beatrice Nyawira,1.0,Male,23,Unknown,Unknown,Daily Nation Pg 8,"Police in Mathira, Nyeri County, are investigating the murder of two women linked to a suspected serial killer who attempted to hide behind a claim that two detectives had plotted to assassinate the area MP. On February 12, Mathira MP Eric Wamumbi was alerted by a local official that he was the target of an assassination. The intelligence came from Thiuu Assistant Chief Justus Gathecha, Joseph Njoroge Weru had reported to Mr Gathecha that he had been hired by persons suspected to be DCI officers from Mathira East sub-county to assassinate the MP. Beatrice Nyawira,aged 23, whose body had been found in Tetu sub-county on February 12, the same day the MP was being tipped off about the alleged murder plot was living with Weru.",2026,2026-02,2026 Q1
2026-02-21,Assault & Bodily Harm,Assault,1,Nyamira,Rateti Primary School,Male,,1.0,Male,,Emotional Outburst,Arrow,The Standard pg 3,"An eighth grade pupil from Rateti Primary School in Nyamira got into a fight with his fellow student, then stromed home, took an arrow and attacked him with it while his cousin intervened and tried to protect him. The victim is now in hospital fighting for his life.",2026,2026-02,2026 Q1
2026-02-21,Homicide & Unlawful Killing,Defilement And Murder,1,Nyeri,Witemere Slum,Female,7,1.0,Male,35,Unknown,Spade and a Fork,The Standard pg 3,35 year old Nicholus Julius Macharia  has been sentenced to death for defiling and murdering a 7 year old girl. He asked for liniency but  the court refused.,2026,2026-02,2026 Q1
2026-02-22,Assault & Bodily Harm,Grievous Harm,2,Kajiado,Kitengela,Female,,,Unknown,,Forceful county law's enforcement,Firearm,The standard page 3,"Two middle-aged women, Pauline wanjiku and Purity muhatia, were shot and injured in kitengela, during clashes between county askaris and hawkers at a local market. One sustained abdominal injury and the other was shot in the arm. Authorities have urged calm among residents and confirmed that suspects have been identified and investigations commenced.",2026,2026-02,2026 Q1
2026-02-22,Homicide & Unlawful Killing,Murder,1,Uasin Gishu,Kapymit area,Female,,1.0,Male,,Marital issues,Strangulation,The standard page 3,"A man identified as Jonah Kiplimo is accused of killing his fiance by strangulation after a domestic dispute at their home in Uasin gishgu county. After the incident, the suspect fled the area and later surrendered to the police, citing fear of retaliation by the villagers.  ",2026,2026-02,2026 Q1
2026-02-23,Homicide & Unlawful Killing,Murder And Assault,1,Kitui,Waita,Male,70,,Unknown,,Retaliation,Unknown,Daily Nation Pg 15,A man was hacked to death by a group of youth for opposing unregulated sand mining that caused destruction. At least six other people were left with injuries.,2026,2026-02,2026 Q1
2026-02-24,Other Offences,Negligence,1,Nakuru,Moi Primary and Junior school,Male,,1.0,Unknown,,Unknown,Unknown,The Standard pg 3,"Moses Joseph Nyang'au collapsed while at school on 23 February 2026, Teachers attempted to take him to the school nurse, but the nurse was not present, and he was later declared dead at around 10:10 a.m, The body was taken to hospital, but the facility reported he was already dead on arrival. Angry parents and community members wheeled the body back to the school in protest, demanding an explanation for the sudden death, Police had to intervene as tensions escalated at the school. Only minor trauma on the forehead was noted.",2026,2026-02,2026 Q1
2026-02-25,"Robbery, Theft & Burglary",Robbery,1,Nairobi,Livington,Female,,2.0,Male,,Financial gain,Unknown,The Daily Nation pg 3,"In Lavington, teacher Elizabeth Njoki had her phone snatched by a boda boda passenger in a swift grab-and-ride incident, leaving her shaken and fearful.",2026,2026-02,2026 Q1
2026-02-25,Homicide & Unlawful Killing,Murder,2,Mombasa,Gede Forest,Male,36 and 39,,Male,,Obstruction of justice,Firearm,The Standard pg 3,"Abu Mohammed Salim and Ruben Athman Dzuya aged 36 and 39 respectively bodies were found dumped around Gede forest in Mombasa and Kwale after being abducted by security agency/ Kenya Police, their families narrated how the two were abducted, Salim was lured by a police officer who called and requested to meet him in Ukunda. Armed men in prado and fielder surrounded his car pulled him and left his friend behind. Ruben was abducted in his own home compound by armed men and prado vehicles leaving behind his children and wife who had gone to buy supper. Their bodies exhibited signs of torture and bullet wounds. Their families demand independent inquiry for Justice.",2026,2026-02,2026 Q1
2026-02-25,Abduction & Kidnapping,Abduction,2,Mombasa,Msambweni and Kwa bullo village,Male,36 and 39,,Male,,Repression,Gun and Vehicle,The Standard pg 3,"Abu Mohammed Salim and Ruben Athman Dzuya aged 36 and 39 respectively bodies were found dumped around Gede forest in Mombasa and Kwale after being abducted by security agency/ Kenya Police, their families narrated how the two were abducted, Salim was lured by a police officer who called and requested to meet him in Ukunda. Armed men in prado and fielder surrounded his car pulled him and left his friend behind. Ruben was abducted in his own home compound by armed men and prado vehicles leaving behind his children and wife who had gone to buy supper. Their bodies exhibited signs of torture and bullet wounds. Their families demand independent inquiry for Justice.",2026,2026-02,2026 Q1
2026-02-25,Homicide & Unlawful Killing,Attempted Murder And Violent Robbery,1,Nairobi,Kiambu Road,Male,,2.0,Male,,Financial gain,Sword and Machete,The Daily Nation pg 3,"Gospel musician Jimmy Gait was brutally assaulted during his usual Sunday walk along Kiambu Road. Two men attacked him, attempted to kill him, robbed him, and severely injured his hand. He managed to escape and was rescued by Good Samaritans before being rushed to hospital.",2026,2026-02,2026 Q1
2026-02-25,Homicide & Unlawful Killing,Attempted Murder And Violent Robbery,1,Nairobi,Kawangware,Male,,3.0,Male,,Financial gain,Machete,The Daily Nation pg 3,"Nation Media photojournalist Evans Habil was also attacked in Kawangware by three assailants on a motorbike. They beat him with machetes, leaving him critically injured but alive thanks to quick help from passers‑by.",2026,2026-02,2026 Q1
2026-02-26,Corruption & Abuse of Office,Corruption,1,Unknown,,Unknown,,1.0,Unknown,,Financial gain,Abuse of Office,Daily Nation pg 1," A recording started circulating in a doctors group in whatsapp,in the 11 minutes recording a KMPDC official is heard demanding a sh500,000 bribe in return for a slp in the wrist for a doctor who had been found guilty of negligence. instead of an ethics and disciplinary comitte of the KMPDC imposing ash 1million fine and one-year suspension.",2026,2026-02,2026 Q1
2026-02-26,Assault & Bodily Harm,Organised Political Violence,1,Vihiga,Mbale,Male and Female,,,Male,,Political hooliganism,Crude weapons,The Standard pg 7,"Organised Political Violence recruiting vulnerable youths through informal networks — including boda boda riders, touts, and unemployed to disrupt rallies, intimidate voters, or engage in clashes is generally criminal under Kenyan law. Recent incidents have been witnessed and reported in Kakamega, Kisumu, and Kitengela. This has prompted the calling out of interior PS Raymond Omollo on containing the rising trend/ mushrooming pattern of political exploitation and hooliganism.",2026,2026-02,2026 Q1
2026-02-26,Assault & Bodily Harm,Organised Political Violence,1,Kakamega,Kakamega,Male and Female,,,Male,,Exploitation,Money,The Standard pg 7,"Organised Political Violence recruiting vulnerable youths through informal networks — including boda boda riders, touts, and unemployed to disrupt rallies, intimidate voters, or engage in clashes is generally criminal under Kenyan law. Recent incidents have been witnessed and reported in Kakamega, Kisumu, and Kitengela. This has prompted the calling out of interior PS Raymond Omollo on containing the rising trend/ mushrooming pattern of political exploitation and hooliganism.",2026,2026-02,2026 Q1
2026-02-26,Assault & Bodily Harm,Organised Political Violence,1,Kajiado,Kitengela,Male and Female,,,Male,,Political hooliganism,Crude weapons,The Standard pg 7,"Organised Political Violence recruiting vulnerable youths through informal networks — including boda boda riders, touts, and unemployed to disrupt rallies, intimidate voters, or engage in clashes is generally criminal under Kenyan law. Recent incidents have been witnessed and reported in Kakamega, Kisumu, and Kitengela. This has prompted the calling out of interior PS Raymond Omollo on containing the rising trend/ mushrooming pattern of political exploitation and hooliganism.",2026,2026-02,2026 Q1
2026-02-26,Assault & Bodily Harm,Organised Political Violence,1,Kisii,Keroka,Male and Female,,,Male,,Political hooliganism,Crude weapons,The Standard pg 7,"Organised Political Violence recruiting vulnerable youths through informal networks — including boda boda riders, touts, and unemployed to disrupt rallies, intimidate voters, or engage in clashes is generally criminal under Kenyan law. Recent incidents have been witnessed and reported in Kakamega, Kisumu, and Kitengela. This has prompted the calling out of interior PS Raymond Omollo on containing the rising trend/ mushrooming pattern of political exploitation and hooliganism.",2026,2026-02,2026 Q1
2026-02-26,Abduction & Kidnapping,Abduction,1,Machakos,Kyumbi area,Male,,3.0,Male,,Transnational Repression,Syringe and Vehicle,The Standard pg 3,"Edward Mwangi, Nelson Wanjohi Kihara, Aziz Hamad were intercepted and arrested by DCI from Kyumba Police station who were alerted of the abduction incident where the three tried to throw out of the moving toyota prado Mshambaha Mshabaha Hamsa a well known Tanzanian Human rights defender after also trying to inject him with syringe. The Law Society of Kenya and Amnesty International called out the incidence while citing that Kenya must ensure its territory is not used for Transnational Repression.",2026,2026-02,2026 Q1
2026-02-27,Assault & Bodily Harm,Bribery And Violence,1,Kakamega,West Kabras Ward,Male and Female,,,Unknown,,Political hooliganism,Unknown,The Standard Pg 3,"Reports of voter bribery and violence in West Kabras Ward MCA By-elections in Kakamega County, some voters claimed of harassment and disposssession of their voters ID in attempt to rig elections. Vehicles of political parties were damaged as people sustained injuries in polling stations such as Mukongolo. All these took place reguardless of the heavy presence of GSU and AP.",2026,2026-02,2026 Q1
2026-02-27,Fraud & Financial Crimes,Illegal Naturalization And Fraud,1,Nairobi,Nyayo House,Male and Female,,,Unknown,,Personal gain,Kenyan passports and IDs,The Standard Pg 5,"The alleged Kenyan passport scandal involves corruption, illegal citizenship issuance, and possible facilitation of international criminals, including individuals linked to the Sudan war. The motives likely include bribery, sanctions evasion, and geopolitical interests, but investigations are ongoing.",2026,2026-02,2026 Q1
2026-02-28,Fraud & Financial Crimes,Fraud,1,Nairobi,SHA Institution,Male and Female,,7.0,Male,,Financial gain,Health Facilities,The Standard Pg 9,"Julun Nursing Home Owner - Ismail Omar Mohammed faces charges of Conspiracy to defraud, and irregular facilitation of registration of health facilities such as Adfaal Kids Care Medical centre, Danaba Care Hospt., Dimtu Nursing Home Ltd., Mama Nerbeel Nursing Home. Other beneficiaries linked to this scheme include Mohamed Mahmud Sheikh, Ali Akhmed Adan, Mohamednoor Ismael Omar, Naima Sheikh, Abdihakim Sheikh, and Adan Abdullahi.",2026,2026-02,2026 Q1
2026-02-28,Fraud & Financial Crimes,Fraud,1,Nairobi,SHA Institution,Male and Female,,1.0,Male,,Financial gain,Abuse of office,The Standard Pg 9,"KMPDC Officer - Harun Liluma faces charges of Conspiracy to defraud, Abuse of Office, Unauthorised access to computer systems, and irregular facilitation of registration of health facilities such as Julun Nursing Home while linked to the owner who is also under remand custody - Ismail Omar Mohammed",2026,2026-02,2026 Q1
2026-02-28,Homicide & Unlawful Killing,Murder,1,West Pokot,Makutano Town,Male,45,1.0,Male,,Unknown,Arrow,The Standard Pg 3,"Residents and boda boda riders of Makutano Town Kapenguria in West Pokot County protest the murder of a 45 yr old boda boda rider - Gerorge Cheptot, He had dropped a passenger at Chepareria from  Makutano Town when another passanger requested to be ferried to Salaga and while on transit the passanger attacked him with an arrow killing him on the spot. Riders criticize the security forces for failing to curb insecurities.",2026,2026-02,2026 Q1
2026-02-28,Fraud & Financial Crimes,Fraud,1,Uasin Gishu,Moi Teachers and Refferal Hospital,Male and Female,,2.0,Male and Female,,Financial gain,E-Citizen,The Standard Pg 3,Reports of patient fraud in Moi Teachers and Refferal Hospital Eldoret  as investigators discover patients had been making payments while believing the transaction reflected in e-Citizen government accounts as they even recieved reciepts but some portion of the payment got syphoned from the payment platform with the assistance of hospital staff.  Jane Wangari Wachira in with an outsider Khamisi Hussein Akida used her access into the billing e-Citizen platform and cleared billings without depositing any payment. The scheme had been going on for 13 months making away with sh. 10M. The lead investigator Edwin Chirchir cited the scheme could involve more perpetrators as the technical hack would have raised alarm.,2026,2026-02,2026 Q1
2026-02-28,Assault & Bodily Harm,Assault,1,Meru,Nkubu High School,Male,,1.0,Male,,Vengeance,Fist,The Standard Pg 2,KUPPET and KNUT are reported to demand for immediate arrest and prosecution of a parent (Meru's Senetor Kathuri Muringi Driver) who visited Nkubu High School and assaulted the deputy principal Nweton Gitari in claims that his son went missing after being sent home from school following disciplinary actions.,2026,2026-02,2026 Q1
2026-03-01,Homicide & Unlawful Killing,Robbery And Murder,5,Kakamega,Nyalenya Police Patrol Base,Unknown,,5.0,Male,,Gun theft,Firearm,The Standard page 2,"A police officer was shot dead and four others injured after armed robbers raided the Nyalenya Police Patrol Base in Kakamega. The attackers pretended to report a stolen motorcycle before launching the assault. During the attack, they shot the officer at the report office and fired at the others. They stole two rifles, each loaded with 20 rounds of ammunition, and used crowbars to break into a steel box to access the firearms.",2026,2026-03,2026 Q1
2026-03-01,Assault & Bodily Harm,Assault,3,Nairobi,Westlands Mosque,Male,,1.0,Male,,Unknown,Machete,The Standard page 7,"A man identified as Abdul Mohamed attacked worshippers with a machete during early morning prayers at Westlands Mosque, Nairobi. Worshippers overpowered and disarmed him before police arrested and handed him to the Anti-Terror Police Unit (ATPU)",2026,2026-03,2026 Q1
2026-03-03,Corruption & Abuse of Office,Corruption,1,Nairobi,Jogoo Road,Male and Female,,,Unknown,,Extortion,Abuse of office,The Standard Pg 17,Reports of continued extortion by traffic police officers along jogoo rd doubting EACC commitment to eroding corruption.,2026,2026-03,2026 Q1
2026-03-06,Human Trafficking & Smuggling,Human Trafficking,1,Nairobi,Kahawa,Unknown,,1.0,Male,,Financial gain,Unknown,The standard page 6,"A man accused of trafficking Kenyans to Russia to fight in the Ukraine war has been remanded for 14 more days. Magistrate Gideon Kiage ordered the extension to determine if the accused, Festus Omwamba, qualifies for bail. The court lacks evidence of Omwamba's place of abode and social ties, making it unclear if he meets bail requirements. A WhatsApp message allegedly confessing to breaking the law influenced the decision. The magistrate also directed a social inquiry into Omwamba's societal connections.",2026,2026-03,2026 Q1
2026-03-06,Fraud & Financial Crimes,Counterfeiting And Tax Evasion,1,Uasin Gishu,Tarakwa Trading Centre,Unknown,,1.0,Female,,Tax evasion,Counterfeit VAT stamps,The Standard page 20,"Frida Tololo was arraigned in an Eldoret court for allegedly distributing counterfeit alcohol and using fake VAT stamps to evade taxes amounting to over Sh278,000. She was apprehended by DCI detectives at Tarakwa Trading Centre.",2026,2026-03,2026 Q1
2026-03-06,Corruption & Abuse of Office,Corruption,1,Nairobi,Makadara Law courts,Male,,1.0,Male,,Financial gain,Professional position,The Standard page 2,"The Director of Public Prosecution (DPP) has approved the prosecution of Samuel Mugo, a senior state prosecutor based in Makadara. Kiarie is accused of demanding a bribe of Sh 30,000 from Elly Mukosero to withdraw a criminal case that had stalled due to a lack of witnesses. Following the demand, the EACC conducted an investigation and laid a trap, leading to the current charges.",2026,2026-03,2026 Q1
2026-03-06,Public Order & Administration of Justice,Contempt Of Court,1,Isiolo,Environmental and Land court Isiolo,Unknown,,3.0,Male and Female,,Debt evasion,Administrative control,The Standard page 2,"Justice Mboya has sentenced three high ranking Isiolo County officials to six months in jail for contempt of court. The officials failed to comply with a November 2025 court order mandating the payment of sh 3.9 million to a law firm. The judge emphasized that court orders are mandatory directives, not suggestions and hence ordered county police commander to arrest the offfials immediately to serve their sentences.",2026,2026-03,2026 Q1
2026-03-08,Corruption & Abuse of Office,Corruption,1,Bungoma,Bungoma,Unknown,,1.0,Female,,Financial gain,Procurement malpractice,The standard page 15,Residents of Bungoma county have supported investigations by the EACC into Catherine wambilianga over alleged corruption linked to tenders funded by the National Government Affirmative Action Fund. The probe focuses on suspected conflict of interest and money laundering involving companies awarded tenders during the 2022-2024 financial years. Residents have called foa a transparent and thorough investigations.,2026,2026-03,2026 Q1
2026-03-09,Property Destruction & Arson,Malicious Damage,1,Nakuru,Mission in Action's Children's Home,Unknown,,,Unknown,,Malice,Pangas and Machetes,The Standard Pg 16,"The perpetrator Dickens Otieno alias Mapesa stormed a children's home with a group armed with pangas and machetes , destroying part of the fence and causing panic among children.",2026,2026-03,2026 Q1
2026-03-10,Homicide & Unlawful Killing,Murder,1,Nakuru,Naivasha,Male,24,,Unknown,,Love affair,Knife,The Standard Pg 4,"The murder of 24 yr old Joseph Owino-Journalist found dumped while badly mutulated near Kihoto primary school in Naivasha, initial investigations pointed out that the incident was evoked from a love triangle and he had recieved threats from politician-cum-trader.",2026,2026-03,2026 Q1
2026-03-11,Fraud & Financial Crimes,Fraud,3,Kwale,Diani beach,Male and Female,,6.0,Male and Female,65,Financial gain,Unknown,Daily nation pg12,"Four Kenyan nationals of British origin appeared before a court in Mombasa charged with multiple offences related to the alleged fraudulent disposal of trust property worth more than KSh 600 million located at diani Beach. The accused—Annelise Lulu Archer Clark, John Christopher Clark, Hellen Kay Hartley, and Richard Hartley denied charges of conspiracy to defraud, fraudulent disposal of trust property, obtaining land titles by false pretences, and perjury.",2026,2026-03,2026 Q1
2026-03-11,Organized Crime & Terrorism,Terrorism,1,Kilifi,Mtwapa,Unknown,,1.0,Male,,Financial gain,Firearm,Daily nation pg12,"Kenyan authorities are seeking to revoke the refugee status of Turkish businessman Osman Erdinc Elsek,who is a fugitive from Turkey where he is wanted for fraud and document forgery.In kenya he has faced multiple investigations over the years involving threats, assault, and other alleged offences.",2026,2026-03,2026 Q1
2026-03-12,"Robbery, Theft & Burglary",Robbery With Violence,1,Kisumu,Fairways Hotel,Unknown,44,100.0,Unknown,,Debt recovery,"Crude weapons, knives and metal rodes",The Standard pg 3,"A group of goons sormed into the hotel and broke windows, overturn furniture and looted electronics and expensive alcohol. They also attacked and tied up a female security guard and harassed and injured several hotel staff memebrs. The hotel owner Irungu Nyakera used his licence firarm to scare the attackers away. While he wasn't hurt he and his team were left shaken.",2026,2026-03,2026 Q1
2026-03-13,"Robbery, Theft & Burglary",Stealing,1,Nairobi,,Unknown,,1.0,Male,,Financial gain,Unknown,Daily Nation Pg 12,A man believed to be a member of a cybercrime syndicate who police say was found with two passports and eight national identity cards has been charged with stealing Sh200 million from a company and a financial institution.,2026,2026-03,2026 Q1
2026-03-13,Property Destruction & Arson,Malicious Damage,1,Nairobi,Nairobi City Center,Male,,1.0,Female,,Retaliation,Stones,The Standard Pg 4,A driver has reported that a matatu he was driving was maliciously damaged after a lady smashed the windscrreen using a stone.Further investigations have revealed that thre driver and the lady are in a relationship and were disputing over taking the child to school.,2026,2026-03,2026 Q1
2026-03-14,Homicide & Unlawful Killing,Murder,6,Busia,Teso South and Nambale,Unknown,,,Unknown,,Unknown,Machete,The Standard page 3,"Residents of Teso South and Nambale constituencies in Busia County experienced a series of brutal killings. Five-night guards and a businessman were murdered in separate but similar attacks. One night guard was killed at Kotur Market, and another was murdered along with a businessman in Nambale town.",2026,2026-03,2026 Q1
2026-03-14,"Robbery, Theft & Burglary",Armed Robbery,5,Multiple Counties,"Limuru,Gitaru,Rironi,Wanguige,Kikuyu,City Centre (Nairobi)",Male and Female,,4.0,Male,,Financial gain,Gun and Crude weapons,The Standard page 3,"Four individuals were charged with carrying out a series of armed robberies across Limuru, Gitaru, Rironi, Wanguige, and parts of Nairobi. These robberies occurred hours before the assassination of Kabete MP George Muchai, though the court clarified the ruling did not relate to the murder case itself. The robbers used pistols and improvised weapons to threaten victims and steal items including cash and mobile phones.",2026,2026-03,2026 Q1
2026-03-14,Fraud & Financial Crimes,Fraud,1,Nairobi,Harambee House,Unknown,,7.0,Unknown,,Financial gain,Forged documents,the Standard page 8 and 9,"There are reports of major fraud operation centered at Harambee House, the Office of the President in Nairobi. A group of seven individuals was arrested after allegedly orchestrating a KSh 60 million scam. The suspects reportedly gained access to government offices and used this proximity to stage fake meetings that appeared legitimate to unsuspecting businesspeople seeking government tenders.",2026,2026-03,2026 Q1
2026-03-15,Assault & Bodily Harm,"Assault,Arson,Malicious Damage",8,Migori,Macadier police station,Unknown,,,Unknown,,Protest over insecurity,Stones and Fire,The standard page 3,"A peaceful protest in Nyatike, Migori county, over rising insecurity turned violent after youths reacted to the killing of an M-Pesa agent. The protesters overwhelmed police, attacked Macalder Police tsation, injured several officers including the county police commander, burned a police vehicle and houses, and damaged other vehicles using stones.",2026,2026-03,2026 Q1
2026-03-15,Organized Crime & Terrorism,Banditry,1,Meru,Tigania east,Unknown,,,Unknown,,Cattle rustling,Firearm,The standard page 11,"Residents of Tigania East in Meru county are facing persistent attacks from armed bandits who steal livestock and have caused loss of life. The community has appealed to the national government for urgent intervention, as the raids have led to economic hardship and food insecurity among affected families.",2026,2026-03,2026 Q1
2026-03-15,Assault & Bodily Harm,Assault,1,West Pokot,Sigor,Male,,,Unknown,,Enforcement operations,Police brutality,The standard page 15,"Leaders in West pokot have raised concerns over alleged police brutality by a Special Operations Group during a firearm recovery operation. Several civilians and leaders were reported injured, including former MP Philip Rotino. Calls have been made for an immediate investigation into the conduct of the officers involved.",2026,2026-03,2026 Q1
2026-03-15,Sexual & Gender-Based Violence,Operating An Illegal Sect And Practicing Fgm,1,Kiambu,Juja,Female,,,Male and Female,,Ritualistic belief,Indoctrination,The standard page 2,"Police in Juja, Kiambu county raided a suspected cult shrine and arrested several members, including a suspected leader. The group is believed to have been involved in illegal activities, notably Female Genital Mutilation (FGM). Investigations are ongoing as authorities gather more evidence and warn about rising outlawed sects.",2026,2026-03,2026 Q1
2026-03-16,Property Destruction & Arson,Malicious Damage,7,Migori,Macalder Police Station,Unknown,,,Unknown,,Protest over killing,Unknown,The Standard Pg 16,An MCA was arrested in connection with protests that led to the attack and destruction of Malcader Police Station. Protesters stormed the police station and burned down a police vehicle and destroyed 3 others. They also burned down 6 police houses. ,2026,2026-03,2026 Q1
2026-03-17,Organized Crime & Terrorism,Banditry,3,Kisumu,Koguta,Unknown,,,Unknown,,Cattle rustling,Arrows,The Standard Pg 20,Three people were injured after being shot with arrows along the border of Kisumu and Kericho counties as they were trying to retrieve their stolen livestock.,2026,2026-03,2026 Q1
2026-03-18,Homicide & Unlawful Killing,Homicide,1,Kericho,Ketingo Village,Male,40,1.0,Male,70,Domestic altercation,Axe,The standard pg17,"A 70-year-old man was arrested in Kericho County after allegedly killing his 40-year-old son, Peter Kipkoech Rono, during a domestic dispute in Ketingo Village.",2026,2026-03,2026 Q1
2026-03-18,Fraud & Financial Crimes,Fraud,2,Uasin Gishu,Eldoret,Male and Female,,1.0,Male,,Financial gain,Unknown,The standard pg17,"A businessman, Duncan Kipchirchir Kitur, was charged in an Eldoret court for allegedly defrauding a couple of KSh 1.1 million by falsely claiming he could sell them land.",2026,2026-03,2026 Q1
2026-03-18,"Robbery, Theft & Burglary",Robbery With Violence,1,Kakamega,Mundika market,Female,,,Unknown,,Robbery,Firearm,The standard pg17,"An M-Pesa attendant, Harriet Nabonwe, was shot dead during a robbery at Mundika Market in Kakamega County.",2026,2026-03,2026 Q1
2026-03-18,Fraud & Financial Crimes,Fraud,1,Homa Bay,Homa Bay County Government offices,Unknown,,1.0,Male,,Financial gain,Unknown,The standard pg17,A Kenyan court found that Odhimbo Ottoman Adel Walter unlawfully earned over Sh10.9 million by holding two full-time public positions simultaneously—one at KMTC in Kisumu and another with the Homa Bay County Government.,2026,2026-03,2026 Q1
2026-03-18,Corruption & Abuse of Office,Corruption,1,Homa Bay,Homa Bay County Department Of Health,Unknown,,1.0,Male,,Financial gain,Unknown,The Daily Nation page 15,"An anti-corruption court found that Dr. Adel Ottoman, the Homa Bay County Public Health Director, unlawfully held two public jobs at the same time and received salaries from both. Justice Benjamin Musyoki ruled that Dr. Ottoman must repay KSh10,991,712 earned from Homa Bay County between June 2016 and August 2021.",2026,2026-03,2026 Q1
2026-03-18,Corruption & Abuse of Office,Corruption,1,Kisumu,KMTC Kisumu,Unknown,,1.0,Male,,Financial gain,Unknown,The Daily Nation page 15,"An anti-corruption court found that Dr. Adel Ottoman, was employed full-time by KMTC Kisumu while simultaneously serving in a senior county government role and later also lecturing part-time at Great Lakes University of Kisumu. Despite being appointed County Deputy Director of Health in March 2016, he never relinquished his KMTC job and continued drawing salaries from multiple institutions.Witnesses—including a county HR officer and a bank employee—provided bank records and electronic evidence linking him to dual salary payments. The court determined that he remained a KMTC employee until May 5, 2022, when he was dismissed for desertion of duty.",2026,2026-03,2026 Q1
2026-03-18,Fraud & Financial Crimes,Fraud,1,Multiple Counties,County Government Payroll Systems (Manual and IPPD),Unknown,,,Unknown,,Fraudulent salary collection,Unknown,The Daily Nation page 15,"Audits conducted by the Auditor‑General across eight Rift Valley counties revealed massive payroll fraud and ghost worker schemes resulting in an estimated loss of over Sh1 billion over three years. The fraud was facilitated by irregular manual payroll systems, which enabled payments to nonexistent employees, retirees, unverified staff, and individuals lacking documentation such as appointment letters or academic qualifications.",2026,2026-03,2026 Q1
2026-03-19,Fraud & Financial Crimes,Fraud,1,Nairobi,Harambee house,Male,,7.0,Male and Female,,Unknown,Unknown,The standard pg 4,Seven suspects were accussed of defrauding a swedish businessman of over ksh60m in a fake ambulance supply deal. The incident is believed to have occurred at Harambee House where the complainant was lead to sign an alleged multi million contract,2026,2026-03,2026 Q1
2026-03-20,Homicide & Unlawful Killing,Murder,1,Kiambu,"Thogoto,Kikuyu campus (university of Nairobi) kwa Mathare and Kwa Jamba neighborhood",Unknown,,,Unknown,,Unknown,Unknown,The Standard page 16,"The Kikuyu Campus area of the University of Nairobi is experiencing a violent crime, prompting multiple warnings and a temporary recommendation for students to study from home. A mob killed a suspected phone snatcher, sparking tensions between students and the local community.",2026,2026-03,2026 Q1
2026-03-20,Sexual & Gender-Based Violence,Defilement,1,Kilifi,Pingilikani,Female,16,1.0,Male,,Unknown,Unknown,The Standard page 16,"Between March 2023 and August 2023, in PingiLikani village, Chonyi, Kilifi South, Abraham Mwatsuma committed the offence of defiling and impregnating a 16‑year‑old minor.A court found him guilty.",2026,2026-03,2026 Q1
2026-03-21,Homicide & Unlawful Killing,Murder,2,Kisumu,Obunga,Male and Female,,1.0,Male,,Love affair,Knife,The Standard Pg 6,"Reports of two murders in a suspected love traingle, Triza and Omondi Jalego had gone to Obunga where they planned to spend the night unaware they had been trailed by Triza's other boyfriend - Aboy, who broke into the house and stabbed them repedeatly resulting to their death. Police are trailing the suspect who's on the run.",2026,2026-03,2026 Q1
2026-03-21,Assault & Bodily Harm,Assault,2,Trans Nzoia,Cherangany,Male,,1.0,Male,,Vengeance,Fists,The Standard Pg 9,Joram Wataka - PA to Trans Nzoia's Senator is reported to have assaulted two Journalists George Njoroge-Media Max and Gilbert Sitiati-KTN following a screenshot post on Harambee House fraud deal that involved his boss Senator Chesang and Interior PS Raymond.,2026,2026-03,2026 Q1
2026-03-22,Homicide & Unlawful Killing,Murder,1,Trans Nzoia,Matumbei ward,Male,22,,Unknown,,Unknown,Firearm,The standard page 3,KWS officers in Trans Nzoia County sparked public outrage after allegedly shooting and killing 22-year-old Boaz Kiprop Kibet while he was collecting firewood. The incident has intesified community frustration over the Shamba System and recent cases of alleged brutality by forest and wildlife authorities. Local laeders and human rights groups are now demanding a swift investigation and the prosecution of those responsible.,2026,2026-03,2026 Q1
2026-03-22,Homicide & Unlawful Killing,Murder,1,Migori,Isebania,Female,42,4.0,Male,48 others unknown,Unknown,Unknown,The standard page 3,"A man and three accomplices were arrested for allegedly killing his wife in Isebania. The victim reportedly died while being taken to hospital after sustaining injuries from an assault. Police have launched investigations, and the suspects are awaiting arraignment in court.",2026,2026-03,2026 Q1
2026-03-22,Assault & Bodily Harm,Gang Violence,1,Nakuru,Gioto,Unknown,,1.0,Male,21,Mayhem,Sword and Gun,The standard page 3,"Police in Nakuru conducted an intelligence-led operation that led to the arrest of a 21-year-old suspected gang leader in Gioto. The suspect, believed to head the outlawed Confirm gang linked to murders in Gioto and Kivumbini, had been in hiding for nearly a month. He was apprehended with a sword and a homemade firearm.",2026,2026-03,2026 Q1
2026-03-24,Assault & Bodily Harm,Assault,1,Nairobi,Utawala,Female,24,2.0,Male,,Spiraling obsession,Acid,The Standard Pg 13,A 24 year old lady was attacked with acid by a hitman who was hired by her lover  which left her with injuries on heer face.,2026,2026-03,2026 Q1
2026-03-25,Assault & Bodily Harm,Assault,2,Nairobi,Karen Police Station,Male,,,Unknown,,Intimidation,Police brutality,The Standard Page 12,"Former Cabinet Secretary Raphael Tuju was manhandled by police officers at Karen Police Station. Prior to the incident, officers had stormed his Karen residence shortly after he held a press conference explaining that he had not been abducted but had been hiding for safety reasons.",2026,2026-03,2026 Q1
2026-03-25,Corruption & Abuse of Office,Attempted Bribery,3,Nairobi,Karen,Male,,,Unknown,,Judicial favor,Money,The Daily Nation Page 3,"A meeting on March 9 at Entim Sidai in Karen, Nairobi, brought together Raphael Tuju, lawyer Kimani Wachira, former judge‑turned‑advocate Joseph Mutava, and businessman Thomas Awili. Tuju had recently lost a High Court ruling in a billion‑shilling commercial dispute involving his company, Dari Limited, and sought urgent legal advice.During the meeting, Tuju allegedly placed Sh1 million in cash on the table, saying it was for legal instruction fees. Shortly afterward, EACC officers raided the meeting and arrested Wachira, Mutava, and Awili, claiming an attempt to bribe a judge.",2026,2026-03,2026 Q1
2026-03-26,Fraud & Financial Crimes,Forgery,1,Unknown,,Unknown,,3.0,Male,"19,21 and 17",Human trafficking,Unknown,The Standard pg 17,Three Somali nationals were arrested at Tana Bridge police barricade on their way to Nairobi in possession of Kenyan birth certificates. Mr. Zacharia Bashir Duale was also arrested as he facilated entry of undocumented persons.,2026,2026-03,2026 Q1
2026-03-26,Other Offences,Unauthorized Interments,25,Kericho,Makaburini Cemetry,Male and Female,,,Unknown,,Body disposal,Unknown,The Standard pg 4,A white landcruiser is alledged to have been seen by witnesses at the cemetery early morning of 20th march 2026 and local casual labourers were hired to dig a large pit without notifying of security agencies or obtaining standard permits. the bodies initially reported were 13 but the grave had an extra unaccounted for bodies. the nature of the dicovery was 25 children and neonates some showing signs of mutilation.,2026,2026-03,2026 Q1
2026-03-26,Public Order & Administration of Justice,Contempt Of Court,1,Unknown,,Female,,1.0,Male,,Debt evasion,Unknown,Daily Nation pg 23,"Mr. JLM a retired civil servant with a sh 1 million debt owed to his former lover. After repeated defaults,he appealed and was given a temporary relief of paying the debt.",2026,2026-03,2026 Q1
2026-03-26,Homicide & Unlawful Killing,Murder,1,Mombasa,Likoni,Female,34,1.0,Male,,Love affair,Unknown,Daily Nation pg 23,"Elizabeth Nina a 34yr old paged woman left her home for idd-ul-fitr celebration at her friends place who live less than a kilometer away.The friend claims that Nina left in the company of a man. Nina was later found bruised, dead and dumped in a nearby unfinished building on a heap of garbage.",2026,2026-03,2026 Q1
2026-03-27,Public Order & Administration of Justice,Contempt,1,Nairobi,Kenya Senate,Unknown,,1.0,Male,,Audit evasion,Unknown,The standard pg10,"The Senate imposed a Sh500,000 fine on Nairobi Governor Johnson Sakaja for contempt of the House after he repeatedly failed to appear before a Senate committee",2026,2026-03,2026 Q1
2026-03-27,Environmental & Wildlife Crimes,Ilegal Fishing,1,Nakuru,Lake victoria,Unknown,,6.0,Male,,Economic gain,Unknown,Daily nation pg 27,young fishermen illegally enter a protected national park to fish despite a government ban due to toxic contamination. Driven by poverty and lack of livelihoods after displacement,2026,2026-03,2026 Q1
2026-03-28,Homicide & Unlawful Killing,Murder,1,Meru,Kangogo village,Unknown,,,Unknown,,Cattle rustling,Firearm,The standard pg10,"Armed raiders attacked Kangogo village in Nyambene, Meru County, killing one person and stealing approximately 200 cattle.",2026,2026-03,2026 Q1
2026-03-28,Homicide & Unlawful Killing,Murder,1,Kajiado,Kitengela,Female,2,1.0,Female,,Unknown,Unknown,Daily nation pg 9,"Two-and-a-half-year-old Joy Otieno died under suspicious circumstances at a day care centre in Kitengela shortly after being dropped off by her mother. Initially reported as a choking incident, a post-mortem later revealed that she died from blunt force trauma to the head, raising serious concerns of foul play.",2026,2026-03,2026 Q1
2026-03-28,Abduction & Kidnapping,Kidnapping And Robbery,1,Nairobi,Mombasa road,Male,,4.0,Male,,Financial gain,Firearm,The Standard pg 3,"A Nairobi businessman was abducted by four men posing as police officers shortly after withdrawing money from Equity Bank. The suspects, armed with pistols and dressed in police uniforms, falsely accused him of drug trafficking before handcuffing and robbing him of Sh4.2 million.",2026,2026-03,2026 Q1
2026-03-28,Public Order & Administration of Justice,Conspiracy To Rob And Kill,1,Kajiado,Kitengela,Male,,6.0,Male and Female,,Robbery and assassination,Unknown,Daily nation pg 3,"A Nairobi court allowed the detention of two KDF soldiers and four civilians for 10 days over an alleged plot to rob and kill Major General George Okumu. Acting on prior intelligence, officers from the DCI intercepted the suspects at the general’s residence in Kitengela on March 25.",2026,2026-03,2026 Q1
2026-03-29,Homicide & Unlawful Killing,Murder,1,Migori,Kehancha,Female,19,1.0,Male,,Suspected dispute,Unknown,The Standard page 3,"Police in Kuria west are searching for a man who fled after allegedly killing a 19-year-old woman in a Kehancha hotel. Authorities believe the fatal altercation was sparked by a disagreement over money. This tragedy follows a separate, recent incident in nearby Isebania where a 42-year-old woman was killed by her husband, highlighting a concerning trend of local violence.",2026,2026-03,2026 Q1
2026-03-29,Cybercrime,Cyber Harassment,3,Kiambu,Ruiru,Male,,1.0,Male,,Extortion,TikTok platform,The Standard page 3,"A Tiktoker known as wamitambo is being held for an additional seven days as police investigate claims of extortion and cyber harassment. The susupect allegedly posted videos accusing a Ruiru estate company of illegally selling public land. Despite court orders being served requiring the removal of the content and suspensions of his accounts, the videos remained online, leading to additional concerns regarding contempt of court.",2026,2026-03,2026 Q1
2026-03-29,Other Offences,Negligence,1,Nakuru,Gilgil Hills Academy,Male,3,2.0,Unknown,,Unknown,Unknown,The standard page 3,"The death of three-year-old Faiz Faraji at Gilgil Hills Academy has sparked a demand for a thorough investigation due to conflicting accounts from school officials. Initially reported as having a fever, the child's cause of death was later changed to drowning in a school fish pond, a claim the family disputes as the body and clothes appeared clean. Despite a postmorterm citing aspiratory asphyxia, the family points to the school's failure to follow mediacl protocols and their history of past negligence as evidence that the full truth has yet to be revealed.",2026,2026-03,2026 Q1
2026-03-29,Homicide & Unlawful Killing,Murder,1,Migori,Isebania,Female,49,1.0,Male,,Marital issues,Unknown,The Standard page 3,"Police in Kuria west are searching for a man who fled after allegedly killing a 19-year-old woman in a Kehancha hotel. Authorities believe the fatal altercation was sparked by a disagreement over money. This tragedy follows a separate, recent incident in nearby Isebania where a 42-year-old woman was killed by her husband, highlighting a concerning trend of local violence.",2026,2026-03,2026 Q1
2026-03-29,Fraud & Financial Crimes,Impersonation,1,Vihiga,Kaptis Primary School,Unknown,,1.0,Male,,Financial gain,Forged documents,The standard page 2,A man impersonating an officer from the National Intelligence Service allegedly defrauded a contractor through a fake Sh15 million project in Vihiga County using forged documents and false authority. The scam was discovered when the contractor sought payment from the NGCDF office and found the project never existed. He was later arrested by the EACC while allegedly receiving a bribe.,2026,2026-03,2026 Q1
2026-03-31,Homicide & Unlawful Killing,Murder,1,Nakuru,Keringet police station,Male,30,,Unknown,,Police brutaliy,Unknown,The Standard Pg 19, A man was found dead under unclear circumstances after being arrested by the police who claimed that he injured himself on the cell wall.,2026,2026-03,2026 Q1
2026-04-01,Homicide & Unlawful Killing,Murder,1,Nakuru,Bahati Sub County,Female,30,1.0,Male,,Domestic violence,Sharp object,The Standard Pg 16,"Police in Bahati Sub‑County, Nakuru, are investigating the killing of a woman whose headless body was discovered near a quarry where she worked as a security guard. The woman had a history of domestic violence in her marriage.",2026,2026-04,2026 Q2
2026-04-02,Fraud & Financial Crimes,Fraud,1,Multiple Counties,Business premises of the dealers across the four counties,Unknown,,6.0,Unknown,,Financial gain and unfair market competition,Price fixing,The Standard Pg 17,"The Competition Authority of Kenya (CAK) recently executed a dawn raid on six major foam mattress manufacturers and distributors across Nairobi, Machakos, Kiambu, and Kisumu. This intervention was prompted by intelligence regarding suspected cartel-like behavior, including price fixing and collusive tendering, which may be artificially inflating prices for Kenyan households. Investigators seized a wide range of forensic evidence, such as laptops, hard drives, and sales records, to determine if these firms are violating the Competition Act. CAK Director-General David Kemei emphasized that the goal is to ensure essential household goods remain affordable and that unfair trade practices do not exploit the public.",2026,2026-04,2026 Q2
2026-04-03,Sexual & Gender-Based Violence,Defilement,21,Kilifi,Watamu,Female,16,1.0,Male,72,Sexual exploitation,Luring,The Standard Pg10,"A 72-year-old Dutch national was arrested in Watamu, Kilifi County, following allegations of sexually abusing multiple underage girls. Reports indicate that approximately 21 teenage victims were involved. The suspect allegedly exploited vulnerable minors over a period of time.",2026,2026-04,2026 Q2
2026-04-03,Fraud & Financial Crimes,Fraud,1,Kakamega,Masinde Muliro University of Science and Technology,Unknown,,,Unknown,,Corrupt obtaining of academic degrees,Unknown,The Standard Pg 6,The report highlights allegations that Masinde Muliro University of Science and Technology awarded degrees to individuals who were never admitted or did not attend classes.,2026,2026-04,2026 Q2
2026-04-03,Fraud & Financial Crimes,Fraud,1,Nairobi,Nairobi county government,Unknown,,,Unknown,,Secure employment,False documents,Daily Nation Pg17,An audit by the Nairobi City County Public Service Board revealed that several senior officials were employed without proper academic qualifications.,2026,2026-04,2026 Q2
2026-04-03,Public Order & Administration of Justice,Contempt Of Court,1,Nakuru,Naivasha,Unknown,,3.0,Male,,Land dispute,Abuse of office,The Standard Pg 6,"Agricultural Development Corporation MD Tonui, ADC Secretary Rojers Karumpu, NYS Director General Joseph Kiplangat were sued and found guillty of contempt of court by members of public who cited themselves of being rightful owners to a disputed land, the three hired 50 police officers who demolished and evicted residents, violating court orders that no party would interfere with the land till a verdict was passed.",2026,2026-04,2026 Q2
2026-04-03,Homicide & Unlawful Killing,Murder,1,Tharaka Nithi,Ndagani,Male,22,1.0,Female,,Love affair,Unknown,The Standard Pg 6,"Kelvin Sigei - Chuka University 2nd year student was found dead on his bed in Rovines hostel within Ndagani in Tharaka Nithi county, it's suspected his life was taken away by the girlfriend whos body was found in Kakuzi in what is said to be suicide.",2026,2026-04,2026 Q2
2026-04-03,Homicide & Unlawful Killing,Murder,1,Bungoma,Tongaren,Male,24,1.0,Male,21,Confrontation,Knife,The Standard Pg 8,A 21 Yr old man has been arrested in Tongaren Bungoma following suspicion of stabbing his brother Joshua Wafula 24yrs to death,2026,2026-04,2026 Q2
2026-04-04,Sexual & Gender-Based Violence,Sexual Harassment,1,Nairobi,Work place,Female,,1.0,Male,,Sexual exploitation,Whatsapp messages,Daily Nation Pg3,"A Nairobi tech company CEO was found liable for sexually harassing and assaulting a junior employee through repeated inappropriate WhatsApp messages, sexually suggestive videos, and non-consensual physical advances. The employee later reported being sexually assaulted in the CEO’s car after a work-related night out. The court ruled that the CEO’s conduct crossed professional boundaries and amounted to workplace sexual harassment and gender-based violence. The employee resigned, claiming the work environment had become unbearable, and was awarded Sh1.32 million in compensation while the company’s counterclaim against her was dismissed.",2026,2026-04,2026 Q2
2026-04-04,Property Destruction & Arson,Arson,7,Elgeyo Marakwet,Chesiyo,Unknown,,,Unknown,,Land dispute,Firearm,The Standard Pg11,"Violence erupted in Chesiyo, Elgeyo Marakwet County, after a disputed burial on contested land triggered armed clashes between rival groups. The conflict led to houses, granaries, and stores being burned, while gunshots forced dozens of families to flee the area. Authorities linked the attacks to illegal firearms and ongoing land disputes, and security operations were launched to disarm suspects and restore order.",2026,2026-04,2026 Q2
2026-04-04,Public Order & Administration of Justice,Conspiracy To Commit A Misdemeanour,1,Nairobi,Kenya pipeline company depot,Unknown,,3.0,Male,,Financial gain,Abuse of office,The Standard Pg 9,Kenyan investigators arrested senior energy officials over an alleged scheme to release substandard fuel into the market despite failed quality tests. Authorities claim the officials collaborated with oil dealers to bypass fuel safety regulations for financial and commercial gain. The scandal has exposed weaknesses in fuel oversight systems and raised concerns about corruption within Kenya’s energy sector.,2026,2026-04,2026 Q2
2026-04-04,Homicide & Unlawful Killing,Murder,1,Kisumu,Lake victoria shores,Female,,,Unknown,,Financial dispute,Unknown,The Standard Pg11,"The death of Carolyn Khamete, a principal at Kakamega County Polytechnic. Carolyn Khamete was reported missing in Kakamega town while delivering an important document to county finance and education offices. Three days later, Carolyn Khamete’s body was discovered along the shores of Lake Victoria in Kisumu.The family of Carolyn Khamete has raised concerns and is demanding a thorough investigation, citing inconsistencies in the postmortem report that indicated drowning. The family believes the death could be linked to threats Carolyn Khamete had previously mentioned regarding financial dealings.",2026,2026-04,2026 Q2
2026-04-05,Abduction & Kidnapping,Child Stealing,1,Nairobi,Mukuru Kwa Njenga,Female,5,2.0,Female,,Unknown,Unknown,The Standard Pg11,"A five-year-old Fardosa Katia disappeared from her home in Mukuru kwa njenga while her mother was away briefly. According to Fardosa's siblings, a known neighbour entered the house and left with the child. While police have arrested one female suspect, the family is frustrated by a lack of progress and the fact that the suspect has been moved between stations without being formally charged in court. ",2026,2026-04,2026 Q2
2026-04-05,Homicide & Unlawful Killing,Mob Justice,2,Isiolo,Isiolo municipality,Male,,,Unknown,,Vigilante justice,Petrol,The Standard Pg 11,"Two middle-aged men were lynched on Friday after alegedly raping and killing a 75-year-old woman in Isiolo Municipality. The passerby pursued the suspects, who were doused in petrol and burned beyond recognition. County Commissioner, David Kiprop condemned the act and urged the public not to take the law into their own hands.",2026,2026-04,2026 Q2
2026-04-05,Homicide & Unlawful Killing,Murder And Sexual Assault,1,Isiolo,Isiolo municipality,Female,75,2.0,Male,,Unknown,Blunt object,The Standard Pg 11,"A 75-year-old woman, Howo Kadiro Omar, was sexually assaulted by two middle-aged men while she was herding goats. In immediate retaliation, a mob of ""passerby"" hunted down the two suspects and burned them to death.",2026,2026-04,2026 Q2
2026-04-06,Fraud & Financial Crimes,Fraud,1,Multiple Counties,Health facilities,Unknown,,,Unknown,,Financial gain,Fraudlent claims,The Standard Pg18,12 hospitals are reported to have been shutdown for defrauded SHA  by laying fraudulent claims. Among them is the Bungoma West Hospital which has been suspended for 90 days.,2026,2026-04,2026 Q2
2026-04-06,Corruption & Abuse of Office,Abuse Of Office,2,Nairobi,Kenya Pipeline Authority (KPA),Unknown,,5.0,Male,,Financial gain,Abuse of office,Daily Nation Pg 4,"A  fuel scandal involving alleged importation of substandard fuel has implicated senior officials over approval letters. Investigations suggest a coordinated scheme exploiting the Middle East crisis, with arrests, resignations, and an expanding probe into a possible cartel.",2026,2026-04,2026 Q2
2026-04-07,Corruption & Abuse of Office,Corruption,1,Nairobi,NYS headquarters,Unknown,,6.0,Male and Female,,Financial gain,System manipulation,Daily Nation Pg10,"The third NYS corruption scandal involves allegations that senior NYS officials and their associates embezzled about Sh2 billion through procurement fraud, fictitious contracts, and payments to companies linked to insiders. Deputy Commandant-General Nicholas Makokha and Senior Superintendent David Mbogo are central suspects in the investigation led by the Ethics and Anti-Corruption Commission (EACC). Investigators believe stolen funds were hidden through proxy businesses, luxury assets, and properties including a hotel in Embu County. The scandal mirrors previous NYS corruption cases that have plagued the institution over the past decade.",2026,2026-04,2026 Q2
2026-04-07,Assault & Bodily Harm,Assault,3,Uasin Gishu,Bayete,Male,,,Unknown,,Unknown,Crude weapons,The Standard Pg 3,3 police officers were attacked and injured by mob in Kesses. The officers from DCI were acting on intelligence reports that suspected stolen goods were being held in Bayete area and they were attacked upon arrival.,2026,2026-04,2026 Q2
2026-04-07,Homicide & Unlawful Killing,Extra-Judicial Killing,2,Siaya,Gem-Ramula,Male,,,Unknown,,Disperse protesters and protect the police post.,Firearm,Daily Nation Pg12,"Two protesters, Henry Otieno and Jack Omenda, were shot dead in Gem–Ramula, Siaya County, during demonstrations linked to alleged forced evictions associated with Shanta Gold Kenya Limited’s mining activities. Police claimed protesters attacked a police post and damaged property, prompting officers to respond. However, a local rights group said the victims were part of a peaceful protest and accused police of opening fire without warning despite an existing court order halting evictions and mining-related relocations in the area. Investigations and an independent autopsy have been demanded.",2026,2026-04,2026 Q2
2026-04-08,"Robbery, Theft & Burglary",Plotting To Commit Robbery,1,Kajiado,Kitengela,Unknown,,5.0,Male and Female,,Unknown,KDF uniforms,The Standard Pg 3,"Five individuals, including two serving Kenya Defence Forces soldiers, were charged before the Milimani Magistrate’s Court with plotting to break into the home of a senior military officer in Kitengela.",2026,2026-04,2026 Q2
2026-04-08,Homicide & Unlawful Killing,Murder,2,Bungoma,Near Sang'alo Police Station,Unknown,,,Unknown,,Robbery,Unknown,The Standard Pg 6,"Residents of Bungoma County stormed Sang’alo Police Station after the murder of two night guards who were attacked by robbers at around 4:00 a.m. on Monday, just a few metres from the police station.",2026,2026-04,2026 Q2
2026-04-08,Land & Eviction Offences,Forced Eviction,30,Nairobi,Woodley Estate,Unknown,,,Unknown,,Land control,Physical force,The Standard Pg17,"Residents of Woodley Estate in Nairobi have accused Nairobi County officials of carrying out illegal evictions in defiance of existing court orders. According to the residents, the evictions resulted in approximately 30 people being rendered homeless.",2026,2026-04,2026 Q2
2026-04-09,Homicide & Unlawful Killing,Mob Justice,4,Kisumu,Ahero Town,Unknown,,,Unknown,,Vigilante justice,Unknown,Daily Nation Pg 19,"Continued series of attacks targeting passengers, pedestrians and bodaboda operators triggered a wave of mob justice Ahero town where bodaboda riders began a manhunt after identification of one of the gang members which led to a killing of 7 members of the gand group. ",2026,2026-04,2026 Q2
2026-04-09,Homicide & Unlawful Killing,Murder,1,Nakuru,Keringet police station,Male,33,,Unknown,,Unknown,Blunt object,The Standard Pg 11,"Bernard Cheruiyot was arrested when he went to help his brother and was charged with threatening to kill a neighbour. he died while in police custody, where he was for 2 days. the police claimed that he injured himself but the postmotern results show that he was beaten to death with his hands and feet tied and hit with either fists, kicks or a soft blunt object on his head, which was the cause of death.",2026,2026-04,2026 Q2
2026-04-10,Abduction & Kidnapping,Abduction,1,Kajiado,Kitengela town,Male,34,3.0,Male,,Unknown,Unknown,Daily Nation Pg 20,"A 34-year-old businessman, Fortune Muthina Kinyanzui, was abducted in Kitengela, Kajiado County, by three masked men in an incident captured on CCTV. The attackers blocked his car, forcibly removed him, handcuffed him, and bundled him into a waiting vehicle before fleeing.",2026,2026-04,2026 Q2
2026-04-10,Corruption & Abuse of Office,Corruption,1,Kakamega,County government offices,Male and Female,,,Unknown,,Financial gain,Unknown,Daily Nation Pg 4,"A 2025 report by the Ethics and Anti-Corruption Commission reveals widespread corruption across Kenya, where citizens are routinely forced to pay bribes to access public services.Kakamega County recorded the highest average bribes, especially within the judiciary.",2026,2026-04,2026 Q2
2026-04-10,Assault & Bodily Harm,Assault,1,Kisumu,Coffee house,Male,,15.0,Unknown,,Unknown,Physical assault,Daily Nation Pg 7,"Police in Kisumu have arrested three suspects linked to a violent gang attack on Godfrey Osotsi at a coffee house in Kisumu City. The attack, captured on CCTV, showed a group of hooded assailants assaulting the senator for several minutes, leaving him injured.",2026,2026-04,2026 Q2
2026-04-10,Fraud & Financial Crimes,Fraud,1,Nairobi,Nairobi,Male,,,Male,,Financial gain,Forged documents,The Standard Pg 8,A Dubai-based Australian businessman was defrauded of Sh78 million in a Nairobi-based gold scam after being lured into a fake gold deal by individuals posing as legitimate traders. The suspects used forged documents and staged transactions to convince the victim that the gold was genuine.,2026,2026-04,2026 Q2
2026-04-11,Assault & Bodily Harm,Political Violence,1,Taita Taveta,TaitaTaveta county assembly chambers,Unknown,,,Unknown,,Leadership wrangles,Physical force,The  Standard Pg 17,"Chaos broke out in the Taita Taveta County Assembly after MCAs initiated leadership changes that removed key assembly leaders. Heated disagreements escalated into a physical confrontation involving several members, forcing assembly proceedings to pause while security restored order.",2026,2026-04,2026 Q2
2026-04-11,Corruption & Abuse of Office,Abuse Of Office,1,Nairobi,Parliament,Unknown,,1.0,Male,69,Opposition to nurses occupying senior roles over doctors,Verbal statement,The Standard Pg 11,"The National Nurses Association of Kenya threatened nationwide industrial action against Dadaab MP Farah Maalim after he allegedly made offensive remarks about nurses in Parliament. The association demanded a public apology within seven days, arguing that the statements undermined nurses’ qualifications and leadership roles in healthcare. The disagreement originated from a dispute over training opportunities and authority structures within the health sector.",2026,2026-04,2026 Q2
2026-04-11,Assault & Bodily Harm,Political Violence,1,Kisumu,Kisumu,Unknown,,,Unknown,,Intimidation,Unknown,The Standard pg 9,Rirising political violence and disorder in Kenya’s Nyanza region as rival political groups allegedly use hired gangs (“goons”) to intimidate opponents and disrupt meetings.  highlights growing tensions linked to struggles for political influence ahead of future elections.,2026,2026-04,2026 Q2
2026-04-11,Land & Eviction Offences,Forced Eviction,1,Kiambu,Githunguri township,Unknown,,,Unknown,,Land eviction,Teargas canisters,The Standard Pg 5,"Residents and elders in Githunguri, Kiambu County, staged protests against a government-backed affordable housing project planned on land they claim is a sacred cultural shrine. Police intervened to disperse demonstrators using tear gas, causing panic and minor injuries. Community members accused authorities of ignoring public participation and attempting to seize public land, while local political leaders alleged that some groups were politically mobilizing opposition to development projects in the area.",2026,2026-04,2026 Q2
2026-04-12,Homicide & Unlawful Killing,Unclear Death,1,Nairobi,Jomo Kenyatta University of Agriculture and Technology (JKUAT),Male,,,Unknown,,Unknown,Drugs,The Standard Pg 3,"A Chinese student, Xuaning Li, was found dead in his room at JKUAT under unclear circumstances. Police recovered assorted drugs from the scene, but no suspects or confirmed cause of death have been identified. Investigations ongoing to determine wheteher the death was natural, accidental or criminal.",2026,2026-04,2026 Q2
2026-04-12,Homicide & Unlawful Killing,Murder,1,Nairobi,Somer club (CBD),Male,,10.0,Unknown,,Unknown,Physical force,The Standard Pg 3,"A reveller Brian Mwendo, died after allegedly being assaulted by a bouncer at a Nairobi club. Police arrested ten individuals, including club staff and a manager, while the main suspect (the bouncer) remains at large. The victim succumbed to injuries after being hospitalised.",2026,2026-04,2026 Q2
2026-04-12,"Robbery, Theft & Burglary",Robbery With Violence,1,Kiambu,Kikuyu,Unknown,,,Unknown,,Political rivalry,Stones,The Standard Pg 8,"A planned political rally by Rigathi Gachagua in Kikuyu town turned violent after suspected hired goons allegedly blocked roads, attacked civilians, and robbed motorists. Police were also accused of using tear gas and live ammunition to disperse crowds and prevent the rally from proceeding. Businesses closed, transport was disrupted, and several civilians were injured or affected by the unrest. Political leaders later exchanged accusations over who was behind the violence.",2026,2026-04,2026 Q2
2026-04-12,Fraud & Financial Crimes,Fraud,1,Nairobi,Nairobi,Unknown,,3.0,Male and Female,,Financial default,Unknown,The Standard Pg 4,"The Cooperatives Tribunal temporarily lifted arrest warrants against three top officials of Kencom Cooperative Society Limited, who were accused of failing to settle a KSh 183 million debt owed to Kuscco Savings and Credit Society Limited. The officials were given three months to present a workable repayment plan. If they fail to comply, the tribunal may allow the attachment and sale of cooperative assets to recover the debt.",2026,2026-04,2026 Q2
2026-04-13,Homicide & Unlawful Killing,Murder,1,Nyeri,,Female,1.5,1.0,Female,21,Unknown,Drowning in River Gura,Daily Nation Pg 8,"A tragic incident occurred in Nyeri County involving the death of a one-and-a-half-year-old child, Mary Wanjiru. The toddler had been left under the care of her 21-year-old cousin, Linet Wangechi, while her mother stepped away for less than an hour. Upon the mother’s return, the child was missing, prompting a search effort involving the suspect and local residents. However, the child’s body was later recovered from River Gura two days after her disappearance.Linet Wangechi subsequently confessed to the crime, admitting that she had thrown the child into the river.",2026,2026-04,2026 Q2
2026-04-14,Homicide & Unlawful Killing,Murder,1,Kisumu,Riat,Female,21,1.0,Male,,Love triangle,Unknown,Daily Nation Pg 15,Steven Okoth confesses to the police about his involvement in the murder of a 21 year old Rose Benta after he accesed her phone and saw whatsapp messages between Benta and another man which alluded to wedding plans. He then sought two men to punish her.,2026,2026-04,2026 Q2
2026-04-14,Homicide & Unlawful Killing,Murder,1,Nakuru,"Nyathuna, Bahati",Female,42,1.0,Male,,Love triangle,Unknown,The Standard Pg 3," A man kills his wife by slashing her several times on the head, neck an face after he found the wife with another man.",2026,2026-04,2026 Q2
2026-04-15,Homicide & Unlawful Killing,Murder,2,Embu,Ishiara town and Ishiara road,Male,,,Unknown,,Dispersing Protesters,Firearm,Daily Nation Pg 3,"Two people were shot dead and several others injured after chaos erupted during a protest in Ishiara, Embu County. Residents were demonstrating against the poor state of Ishiara Level Four Hospital, citing blocked toilets, lack of an ambulance, and dilapidated infrastructure.",2026,2026-04,2026 Q2
2026-04-15,Homicide & Unlawful Killing,Murder,1,Kitui,Ngomeni,Male,18,11.0,Unknown,,Farmer-Pastoralist conflict,Firearm,Daily Nation Pg 19,"Residents of Ngomeni in Kitui County are living in fear following the fatal shooting of 18-year-old camel herder Osman Hassan Ali, who was killed at a private ranch straddling Kyuso and Mwingi Central sub-counties. The killing has intensified long-standing tensions between farmers and pastoralists along the volatile Kitui–Tana River border.",2026,2026-04,2026 Q2
2026-04-15,"Robbery, Theft & Burglary",Robbery,1,Nairobi,Twiga tower,Unknown,,,Unknown,,Financial gain,Drugs,The Standard Pg 7,"A gang of robbers broke into a computer shop at Twiga Towers in Nairobi on Saturday night, stealing electronics valued at approximately Sh16 million. The stolen items included computers and mobile phones.CCTV footage captured part of the incident, showing one suspect speaking to the shop’s security guard around 9:00 p.m. before the guard was allegedly drugged and dragged away, leaving him unconscious. It is suspected that the robbers used drugs to incapacitate the guards before carrying out the theft.",2026,2026-04,2026 Q2
2026-04-16,Homicide & Unlawful Killing,Murder,1,Kirinyaga,Mukindiru market in kerugoya,Female,37,,Unknown,,Kill,Unknown,Daily Nation Pg 15,Kirinyaga trader Peninah Wambui was strangled to death in her house and her hands burnt.Evidence shows that the perp did not break into the house his access and exit is still a mystery nothing was stolen from the house thus signifying that the intent of the attacker was to end wambui's life.,2026,2026-04,2026 Q2
2026-04-16,Assault & Bodily Harm,Domestic Violence,1,Mombasa,Changamwe,Female,,1.0,Male,,Domestic abuse,Physical assault,The Standard Pg 3,Susan Achieng was lured by her partner in the name of reconciliation before carrying out the planned brutal assault on her. The intervention of a  neighbour made the attacker flee but he was later arrested. Susan succumbed to her injuries.,2026,2026-04,2026 Q2
2026-04-17,Homicide & Unlawful Killing,Murder,1,Nairobi,Enaibelibel,Male,54,1.0,Male,,Land gain,Unknown,The Standard Pg 2,"A 54-year-old male teacher from Erua Primary School in Narok North was killed after a long-running land dispute with his neighbour. The conflict, which had lasted over 10 years, escalated into violence following an altercation.",2026,2026-04,2026 Q2
2026-04-17,Homicide & Unlawful Killing,Murder,2,Meru,Muthara,Male and Female,8,1.0,Male,32,Stress relieve,Poison,Daily Nation Pg 28,"A tragic incident occurred in Muthara, Meru County, where a 32-year-old man allegedly killed his two young children—an 8-year-old boy and a 3-year-old girl—by poisoning them and physically assaulting them while they were alone at home.Preliminary accounts from family members suggest that David Mwenda had been experiencing significent stress,particulary after a leg injury that impacted his ability to earn a living as a boda boda ridar.",2026,2026-04,2026 Q2
2026-04-18,Abduction & Kidnapping,Abduction,1,Kilifi,Malindi,Female,17,1.0,Male,25,Financial gain,Mobile phone,The Standard Pg 11,"Lucky Okoth Okoth, had been arrested by Directorate of Criminal Investigations detectives and was being held as investigations continued. The alleged abduction escalated into a ransom case after the suspect reportedly contacted the victim’s family demanding Sh200,000 and threatening harm.",2026,2026-04,2026 Q2
2026-04-18,Fraud & Financial Crimes,Fraud,2,Nairobi,Westlands,Female,,2.0,Male,,Financial gain,Abuse of office,The Standard Pg 10,"A Nairobi court has issued arrest warrants against two businessmen, Abdisalan Adan Hussein and John Kigomo Mwaura, over a land fraud case involving a prime Westlands property valued at Sh150 million. The accused are alleged to have defrauded the daughters of a deceased businessman.",2026,2026-04,2026 Q2
2026-04-18,Fraud & Financial Crimes,Fraud,1,Kilifi,Mnagoni and Mapotea group ranches,Unknown,,,Unknown,,Financial gain,Abuse of office,The Standard Pg 25,"Residents of Mnagoni and Mapotea group ranches in Ganze Sub-County, Kilifi County, have raised alarm over the alleged illegal sale of community land by certain ranch officials.The situation has led to widespread anger among local residents, leaders, and government officials, with allegations including fraud, abuse of office, and attempts to dispossess the community of ancestral land.",2026,2026-04,2026 Q2
2026-04-18,Land & Eviction Offences,Forced Eviction,1,Laikipia,Ratia Village,Unknown,,,Unknown,,Economic gain,Vehicle,The Standard Pg 25,"Residents of Ratia Village in Ol Moran, Laikipia County, staged protests following the alleged illegal seizure of their land by private developers. Despite holding legitimate title deeds, the residents claim they were forcibly evicted from their homes.The eviction reportedly took place on a Thursday night, involving individuals accompanied by an armoured vehicle, suggesting intimidation and use of force.",2026,2026-04,2026 Q2
2026-04-19,Homicide & Unlawful Killing,Murder,3,Kakamega,Mukoyani village,Unknown,,1.0,Male,45,Domestic dispute,Physical assault,The Standard Pg 2,"A 45-year-old man, Shimenga, allegedly attacked his three children in Mukoyani Village, Kakamega County, after reportedly becoming emotionally distressed when his estranged wife failed to return home. One child died from severe injuries, while two others were seriously injured and hospitalized. Villagers restrained the suspect before police arrived. Authorities confirmed investigations are ongoing to establish the exact circumstances of the attack.",2026,2026-04,2026 Q2
2026-04-20,Police Misconduct,Police Brutality,1,Siaya,"Ramula, Gem",Unknown,,,Unknown,,Maintenance of law and order,Abuse of office,The Standard page 11,"In Ramula, Siaya County, a dispute over Shanta Gold’s mining operations has escalated into a violent standoff between residents and state authorities. Following the arrest of alleged protest leader Silas Asitiba, the DCI has labeled the unrest as criminal incitement. Conversely, residents and rights groups like Haki Madini Kenya claim the state is using ""excessive force"" and intimidation to push through opaque land acquisitions without community consent. The conflict remains a clash between official narratives of law enforcement and local claims of human rights violations.",2026,2026-04,2026 Q2
2026-04-20,Property Destruction & Arson,Destruction Of Property,1,Siaya,"Ramula, Gem",Unknown,,,Unknown,,Resistant against illegal mining operations,Blunt force and fire,The Standard page 11,"In Ramula, Siaya County, a dispute over Shanta Gold’s mining operations has escalated into a violent standoff between residents and state authorities. Following the arrest of alleged protest leader Silas Asitiba, the DCI has labeled the unrest as criminal incitement. Conversely, residents and rights groups like Haki Madini Kenya claim the state is using ""excessive force"" and intimidation to push through opaque land acquisitions without community consent. The conflict remains a clash between official narratives of law enforcement and local claims of human rights violations.",2026,2026-04,2026 Q2
2026-04-21,Other Offences,Copyright Infringement,1,Nairobi,,Male,,2.0,Female,,Commercial gain,Identity theft,The Standard Pg 2,"CocaCola is facing a trademark dispute in Kenya after comedian Inspekta Mwala accused the company and influencer Jacky Vike of infringing on his brand. The issue stems from CocaCola's use of the phrase Ka-Mwala in its ""Kachingching na Coke"" campaign, which Mwala said caused public confusion and misled fans into thinking he was involved. He has filed suit seeking injuctions, damages and disclosure of profits.",2026,2026-04,2026 Q2
2026-04-22,Assault & Bodily Harm,Assault,1,Kisumu,Nyalenda,Female,34,2.0,Male,,Personal Dispute,Acid,Daily Nation Pg 2,"Mercy Awuor, a 34-year-old woman and small business owner in Nyalenda, Kisumu County, was attacked on a Friday evening while walking home from her eatery. Two individuals on a motorbike approached her and, as they passed, the passenger threw a liquid substance on her. Initially believed to be water, it quickly became evident that it was acid when her skin began to burn and her clothing started to disintegrate.",2026,2026-04,2026 Q2
2026-04-23,Homicide & Unlawful Killing,Murder,1,Garissa,Modika,Male,22,,Unknown,,Unknown,Firearm,Daily Nation Pg 24,Aden Mohamed Hassan was allegedly killed at Modika in the outskirts of town while responding to a distress call from a friend. Reason for the shoooting is yet to be confirmed.,2026,2026-04,2026 Q2
2026-04-24,Homicide & Unlawful Killing,Murder,1,Nairobi,Harambee Sacco Estate,Male,,,Unknown,,Unknown,Unknown,Daily Nation Pg 5,"Lawyer Tom Ouya Imbukwa died after being assaulted at his residence in Harambee Sacco Estate, Donholm, Nairobi. He was found with serious injuries and taken to Kenyatta National Hospital, where he later died in the ICU.",2026,2026-04,2026 Q2
2026-04-24,Corruption & Abuse of Office,Corruption,1,Nairobi,Kenya Wildlife Service (KWS) Headquarters,Male,,1.0,Male,40,Financial gain,Manipulation,The Standard Pg 9,"An activist, Francis Awino Onyango, was charged in a Nairobi court with attempting to extort Sh1.7 million from KWS Director-General Prof. Erastus Kanga. The prosecution alleges that Onyango threatened to file a petition seeking Kanga’s removal from office over alleged constitutional violations unless he was paid the money.",2026,2026-04,2026 Q2
2026-04-25,Homicide & Unlawful Killing,Murder,1,Nakuru,Gituamba village,Female,33,1.0,Unknown,,Unknown,Unknown,The Standard Pg 3,"The body of a 33 yr old woman who was a hotel worker was found lying in a pool of blood by th roadside by residents heading to work early morning. It is believed she was attacked at around 5am as she was headed to work, none of her belongings were missing.",2026,2026-04,2026 Q2
2026-04-26,Abduction & Kidnapping,Child Stealing,1,Mombasa,Soweto,Female,,1.0,Female,26,Vengeance,Unknown,The Standard Pg 3,"Asha Wanyonyi aged 26 was sentenced to three years in prison after pleading guilty to stealing a child belonging to Mispher Chepkenol.She  stated that she did the action out of jealousy and vengeance because Chepkenol allegedly had a romantic relationship with  Asha's husband .The incident occurred in Soweto/Kiwerera,where the child was left under the care of the grandmother",2026,2026-04,2026 Q2
2026-04-26,Fraud & Financial Crimes,Fraud,1,Nairobi,Nairobi,Unknown,,1.0,Male,,Financial Gain,False documents,The Standard Pg 3,"Bonventure Aradi, owner of Golden Key Travel Consultants engaged Brian Obare who posed as a Canadian consular to produce travel documents for clients. The documents were fake and most clients were left stranded at the airport while others were arrested. the company lost 51 million KSH.",2026,2026-04,2026 Q2
2026-04-26,Homicide & Unlawful Killing,Murder,1,Laikipia,Ol Donyo Lemboro,Male,14,1.0,Male,14,Unknown,Firearm,The Standard Pg 2,"Fourteen years old Peter Edung was murdered by his fellow teenager Lance using his father's gun. Peter had gone to visit his father who works at the ranch owned by Ivans Tomlinson,Lance's father. The two teenagers are said to have been friends. The police are looking into the cause of the murder.",2026,2026-04,2026 Q2
2026-04-27,Homicide & Unlawful Killing,Murder,7,Kitui,Tseikuru- Kwa Kamari,Male and Female,,40.0,Unknown,,Vengeance,Gun and machete,The Standard Pg 2,"A group of about 40 bandits killed 7 people in Kwa Kamari,Tseikuru in Kitui county before disappearing into Mwingi North National Reserve which connects to Kora National Park. According to Muasya, a local, it was a retariatory attack after some camel herders had been killed in the area for killing a farmer. Investigations are underway.",2026,2026-04,2026 Q2
2026-04-28,Homicide & Unlawful Killing,Murder,1,Nairobi,Kileleshwa,Female,22,1.0,Male,33,Love triangle,Unknown,Daily Nation Pg 14,A 22 year old Consolata Githinji dies after falling from sixth floor of an apartment in Kileleshwa. The police suspects it to be murder as there had been a spat between her and her lover whom she met on a popular dating website.,2026,2026-04,2026 Q2
2026-04-29,Homicide & Unlawful Killing,Murder,1,Mombasa,Likoni-Maka ,Female,21,1.0,Male,,Love triangle,Strangulation,Daily Nation Pg 2,"Mombasa County, particularly Likoni, is facing growing concern over a series of unresolved murders, many involving women and suspected gender-based violence. The most recent case involves 21-year-old Fidelis Chepchumba, whose decomposing body was discovered in her boyfriend’s house in the Maka area.A post-mortem revealed she had been strangled with bare hands, and her body showed visible facial and neck injuries.",2026,2026-04,2026 Q2
2026-04-29,Corruption & Abuse of Office,Corruption,1,Nairobi,Football Kenya Federation Goal Project Offices,Unknown,,3.0,Male,,Financial gain,Unknown,The Standard Pg 37,Officers from the Ethics and Anti-Corruption Commission (EACC) conducted a raid at the Football Kenya Federation (FKF) offices in Nairobi as part of an ongoing investigation into an insurance fraud scandal tied to preparations for the African Nations Championship (CHAN) 2024.The investigation centres on the alleged mismanagement of approximately USD 4.2 million (KSh 42 million) in insurance funds.,2026,2026-04,2026 Q2
2026-04-30,Homicide & Unlawful Killing,Murder,1,Kitui,Sosoma,Male,14,,Unknown,,Conflict related to grazing,Sharp object,The Standard pg 3,A 14 yr old boy was hacked to death by suspected camel herders. His death lead to protests by resisdents leading blocking of roads thus creating tension in the area.,2026,2026-04,2026 Q2
2026-05-01,Homicide & Unlawful Killing,Murder,1,Nairobi,Kileleshwa,Female,22,1.0,Male,33,Unknown,Unknown,Daily nation pg7,"Tony Odhiambo Lwal is under investigation over the death of Consolata Githinji, a 22-year-old university student who died after falling from the sixth floor of an apartment in Kileleshwa, Nairobi.",2026,2026-05,2026 Q2
2026-05-01,Corruption & Abuse of Office,Corruption,1,Nairobi,Nairobi county government,Unknown,,4.0,Male,,Financial gain,System manipulation,The standard pg9,"Mike Sonko and three co-accused persons were ordered by the Anti-Corruption Court to answer charges in a KSh14 million corruption and graft case linked to an irregular tender for heavy road equipment awarded by Nairobi County in 2018.The case is significant as it highlights misuse of public office and manipulation of county procurement system,the public funds being the primary concern.",2026,2026-05,2026 Q2
2026-05-02,"Robbery, Theft & Burglary",Theft,1,Kisumu,Kamsera,Female, N/A,3.0,Unknown,,Financial gain,Blunt object,The standard page11,"Three suspects allegedly vandalized and broke into an official vehicle linked to PS Jane Imbunya while it was parked outside a guest house in Kisumu. Using a blunt object, they smashed the rear window and stole a camera worth Sh400,000 before fleeing. CCTV footage captured parts of the incident, and police investigations are ongoing.",2026,2026-05,2026 Q2
2026-05-03,Homicide & Unlawful Killing,Murder,1,Kajiado,Ongata Rongai,Male,,1.0,Female,,Relationship Dispute,Sharp object,The Standard page 2,"Kamau Mungai Gathage, a chef at Parliament, was fatally stabbed on April 28 at his residence in Ongata Rongai. Following a reported confrontation, Mungai’s girlfriend, who had moved in three weeks prior, allegedly left the house and later returned to alert security that he was injured. Found bleeding profusely by neighbors, Mungai was pronounced dead on arrival at Kenyatta National Hospital. The girlfriend is currently detained as the primary suspect while detectives investigate the motive behind the attack.\",2026,2026-05,2026 Q2
2026-05-03,Homicide & Unlawful Killing,Murder,1,Nairobi,Lumumba Drive,Female,43,1.0,Male,,Marital issues,Sharp objects,The Standard Pg 11,"DCI Inspector Daniel Macharia Mburu was arraigned at the Makadara Law courts following the death of his wife, Florence Nyagah. The victim's body was discovered on March 1, 2026, at their home on Lumumba Drive with multiple stab wounds. Macharia surrendered himself to authorities at Naivasha Police Station after his pictures circulated online.",2026,2026-05,2026 Q2
2026-05-04,Corruption & Abuse of Office,Corruption,1,Nairobi,Entim Sidai Retreat,Male,,4.0,Male and Female,,Financial gain,Abuse of office,The Daily Nation pg 2,The EACC has presented digital records that captures a chain of communication between Raphael Tuju and a chain of intermediaries who claimed they could influence the outcome of his case before Justice Mongare. The three who claimed to be acting on her behalf solicited bribes on several occassions one of which Mr Tuju liased with EACC detectitives and two suspects sere arrested havink received Sh 1 million treated money.,2026,2026-05,2026 Q2
2026-05-05,Homicide & Unlawful Killing,Murder,1,Nakuru,Lanet,Male,,2.0,Male and Female,,Unknown,Crude weapons,The Standard Pg 3,A PCEA preacher was brutally murdered at his home which was inside the church compound. It is suspected that he was killed for always standing with the truth.,2026,2026-05,2026 Q2
2026-05-05,Homicide & Unlawful Killing,Murder And Sexual Assault,1,Kilifi,,Female,7,,Unknown,,Unknown,Physical force,The Standard Pg 3,"A 7 year old was abducted, raped and brutally murdered. The police report indicate that the deceased had visible injuries on the right side of her face, bruises on her hands and had signs of being sexually assaulted.",2026,2026-05,2026 Q2
2026-05-06,Property Destruction & Arson,Arson,4,Multiple Counties,"Jilore Senior School,Dr Aggrey Boys National School,St Mary's Boys High School and Mapi Comprehensive Junior day",Unknown,,,Unknown,,Students unrest and disciplinary grievances,Fire,The Standard Pg 3,"A wave of student unrest swept across parts of Kenya’s Coast region, leading to the destruction of four schools in Kilifi, Kwale, and Taita Taveta counties. The incidents mainly involved arson attacks on dormitories and school facilities, causing extensive property damage but no reported fatalities.",2026,2026-05,2026 Q2
2026-05-06,Homicide & Unlawful Killing,Murder,1,Nairobi,Mukuru Kwa Njenga,Female,52,1.0,Male,,Unknown,Unknown,The Standard Pg 7,"Police in Nairobi are investigating the murder of a 52 year old widow, whose body was discovered in her house located in Mukuru Kwa Njenga slums. Concern arose when neighbours noticed a strong smell coming from the house, prompting investigation.The primary suspect is the victim’s son, a young adult in his mid‑twenties, who had reportedly been seen with the victim shortly before the incident and later observed with unusually large amounts of money.",2026,2026-05,2026 Q2
2026-05-06,Homicide & Unlawful Killing,Murder,1,Homa Bay,Mikuyu Beach,Male,35,,Unknown,,Dispute over fishing grounds,Crude weapons,The Standard Pg 11,"Authorities in Homa Bay County are investigating the murder of a 35-year-old fisherman, Fredrick Oduol, who died following a violent dispute over fishing grounds at Mikuyu Beach in Suba South.The incident occurred during a fishing expedition when two groups of fishermen clashed after one group accused the other of operating in an area not allocated to them. The confrontation escalated into a physical fight, during which the victim was struck with a paddle, sustaining serious injuries.",2026,2026-05,2026 Q2
2026-05-07,Fraud & Financial Crimes,Fraud,1,Nairobi,Marurui,Male and Female,,,Unknown,,Financial gain,False documents,Daily  Nation pg 13,"A major land dispute in the Marurui area of Nairobi has resulted in the demolition of about 80 homes, leaving over 100 families homeless. The affected residents had purchased subdivided plots from a private firm, which issued them with what they believed were legitimate title deeds.",2026,2026-05,2026 Q2
2026-05-07,Homicide & Unlawful Killing,Murder,1,Tharaka Nithi,"Near Mbakuri,close to Iriani primary school",Female,3,,Unknown,,Unknown,Strangulation,The Standard Pg 7,"The report describes a disturbing incident in Tharaka Nithi County involving the killing of a young girl under brutal circumstances.A three year old child named Shirley Gatum, had gone missing on May 4, 2026, while heading to a relative’s home near Iriani Primary School. The child’s body was discovered a day later near Mbakuri.Medical and investigative reports indicate that the victim was strangled and dismembered, highlighting the extreme violence involved.",2026,2026-05,2026 Q2
2026-05-08,Corruption & Abuse of Office,Corruption,1,Kiambu,Kimbo–Matangi–Junction Road,Male and Female,,,Unknown,,Financial gain,Unknown,Daily nationpg18,"Residents and motorists using the Kimbo–Matangi–Junction Road complained about worsening road conditions and alleged corruption by police officers stationed along the route. According to reports, the officers openly collected Sh50 bribes from tuktuk drivers and other motorists, operating what locals described as an illegal “toll station",2026,2026-05,2026 Q2
2026-05-09,Homicide & Unlawful Killing,Murder,1,Machakos,Syokimau,Female,28,1.0,Male,,Domestic conflict,Blunt object,Daily nation page2,"Kristabel Anyango, a 28-year-old student, was found dead after visiting her boyfriend in Syokimau in an attempt to reconcile their troubled relationship. Family members became concerned after days of unanswered calls and cryptic text messages sent from her phone. Her boyfriend later informed the family that she had collapsed and was in hospital, but provided few details. Police later informed the family that Kristabel had died. A postmortem examination revealed she died from blunt force trauma, with defensive injuries on her hands suggesting she tried to protect herself during the attack. The family has raised concerns about the handling of the case by Syokimau Police Station, and the Directorate of Criminal Investigations has since taken over the investigation.",2026,2026-05,2026 Q2
2026-05-09,Fraud & Financial Crimes,Fraud,1,Baringo,Eldama Ravine,Unknown,,11.0,Male,,Financial gain,Abuse of office,The standard page6,"Eleven suspects connected to the management of NG-CDF funds in Eldama Ravine were arraigned in a Nakuru court over the alleged loss of more than Sh85 million intended for community development projects between the 2018/2019 and 2020/2021 financial years. The accused, including NG-CDF committee members and County Treasury officials, face charges related to abuse of office, conspiracy to commit economic crimes, and fraudulent acquisition of public property. Prosecutors allege the suspects jointly conspired to illegally acquire and misuse funds allocated for development projects in the constituency.",2026,2026-05,2026 Q2
2026-05-09,Homicide & Unlawful Killing,Murder,1,Trans Nzoia,Kiminini,Male,,1.0,Female,,Unknown,Unknown,The standardpage3,"An elderly man was found dead in a lodging room in Kiminini after reportedly checking in with a woman on Thursday. Hotel workers became suspicious when the man failed to respond after the woman had left the room and alerted the hotel owner. Police found the man dead, with his ATM and identification cards still intact, leaving uncertainty over whether theft had occurred. Authorities stated they would await postmortem results to determine the cause of death as investigations continue.",2026,2026-05,2026 Q2
2026-05-09,Corruption & Abuse of Office,Abuse Of Office,1,Kiambu,kiambu,Unknown,,1.0,Female,,Financial gain,Unknown,The standard page2,"Education Cabinet Secretary Julius Ogamba warned school principals and administrators against imposing illegal levies and engaging in financial mismanagement, citing the Alliance Girls High School case as an example. The government announced plans for disciplinary and legal action against implicated school heads. Concerns were raised over excessive and questionable expenditures despite schools facing reduced capitation funding. The article highlights growing scrutiny of how public school funds are managed and the financial burden placed on parents.",2026,2026-05,2026 Q2
2026-05-10,"Robbery, Theft & Burglary",Theft,1,Murang'a,"Kinyona, Muthiria and Gikoe villages",Unknown,,,Unknown,,Financial gain,Vehicle,The Standard page 15,"Residents of the tea-growing region in Kigumo Constituency, Murang’a, have taken to patrolling their own neighborhoods at night following a surge in livestock theft. Over the last three weeks, at least ten cows and goats have been stolen from Kinyona, prompting community leaders like Simon Maina to organize local security watches. During a recent patrol in Muthiria and Gikoe villages, residents intercepted a pickup truck transporting avocados after hours. This incident highlights a growing link between illegal avocado trading and livestock theft, leading local security authorities to officially ban the harvesting of avocados between 6:00 PM and 6:00 AM to curb criminal activity.",2026,2026-05,2026 Q2
2026-05-10,Homicide & Unlawful Killing,Murder,9,Mandera,Umar Jilo-Arabia Village,Unknown,,4.0,Male,,Suspected militant activity,Firearm,The Standard page 7,"Six people were killed and three critically injured when four armed men ambushed a minibus at Umar Jilo in Mandera. The vehicle was transporting 15 passengers, including community elders, to a family event in Arabia town. While most survivors have been traced, one passenger remains missing. A multi-agency security team is currently pursuing the attackers, who are suspected militants, amid a recent surge of violence in the region.",2026,2026-05,2026 Q2
2026-05-11,Fraud & Financial Crimes,Fraud,1,Nairobi,Karen,Unknown,,4.0,Unknown,,Financial gain,Abuse of office,The Daily Nation pg 10,The EACC is the process of recovering 20.17 acres of land in Karen that was allocated to KBC but was fraudulently subdivided by Sammy Mwaita during his tenure as land commissioner and allocated it to development accompanies,2026,2026-05,2026 Q2
2026-05-12,Fraud & Financial Crimes,Fraud,1,Kisumu,Miwani,Unknown,,3.0,Unknown,,Financial gain,Forgery,The Standard page 4&5,"A fierce multi-billion-shilling shadow battle is unfolding over the fraudulent acquisition of a vast 9,000-acre piece of land belonging to the state-owned Miwani Sugar Company. Internal government documents and investigation reports reveal that a powerful cartel of lawyers, land registrars, and private sector operatives successfully orchestrated a highly sophisticated scheme to secularize and transfer the public asset into private hands. The fraud relied on a dormant 1993 court case that was illegally resurrected decades later using forged signatures of a deceased deputy registrar to clear the path for a questionable public auction, where a company called Crossley Holdings Limited ""purchased"" the land for Sh352 million. Despite a highly controversial 2018 lower court ruling that acquitted the key suspects, the Director of Public Prosecutions (DPP) has appealed to the High Court, as ongoing state investigations reveal that the land ownership documents were completely fabricated, no court fees were ever paid, and the entire transaction was engineered to strip the state of one of Kenya's largest public land assets.",2026,2026-05,2026 Q2
2026-05-13,Homicide & Unlawful Killing,Attempted Murder,1,Nakuru,Lanet,Male,,4.0,Male and Female,,Unknown,Physical force,Daily Nation pg 3,Four gang members attacked the Church's security guard Bernand Nyamwaka and torturing him for hours.The guard survived despite serious injuries and is now under protection as a key witness.,2026,2026-05,2026 Q2
2026-05-13,Homicide & Unlawful Killing,Murder,1,Siaya,Barkowino  forest,Female,20,1.0,Male,,Unknown,Unknown,The Standard Pg 25,Alice's  body was found last Saturday  in  a forest in Barkowino by women who had gone to fetch firewood. Her boyfriend is the current suspect as he was the one who had contact with the Alice. Alice had been  missing for a while before her body was discovered in the forest.,2026,2026-05,2026 Q2
2026-05-13,"Robbery, Theft & Burglary",Theft,1,Nairobi,Parklands,Unknown,,3.0,Male,,Financial gain,Physical force,Daily Nation pg 2,"Police in Nairobi are investigating a coordinated car-part theft syndicate after a United Nations vehicle was targeted in Parklands. The suspects forcefully removed the car’s front grille while the driver was inside, despite resistance. Dashboard camera footage captured the incident and enabled police to identify three suspects.Two key suspects, James Omuya and John Owiti, were arrested shortly afterward, along with another accomplice.",2026,2026-05,2026 Q2
2026-05-14,Assault & Bodily Harm,Assault,1,Nakuru,Njoro boys high school,Male,,1.0,Male,,Defamation,Unknown,The standardpg14,Bonface ondara a teacher in Njoro boys highschool reported that on May 6 he was attacked by the principal at the reception at around 11am following a disagreementof which the principal John Githaiga did not update his Teacher management information management details amid him joining the school and transferring his previous details from his previous school to Njoro boys.,2026,2026-05,2026 Q2
2026-05-14,Fraud & Financial Crimes,Impersonation,1,Nyamira,,Unknown,,1.0,Male,,Extortion,Unknown,Daily Nation pg 13,"Advocate Reuben is alledged to have filed lawsuits on behalf of 5 groups of cooperative societies seeking to stop the lenders annual general meeting yet the societies claim they did not instruct any lawyer to institute the proceedings on their behalf, thus this is seen as impersonation with intent to extort the bank",2026,2026-05,2026 Q2
2026-05-15,Sexual & Gender-Based Violence,Defilement,1,Uasin Gishu,Kapsisoya Estate,Female,15,1.0,Male,,Sexual exploitation,Unknown,The standardpg17,"A 15-year-old girl was acquitted of manslaughter charges for the death of her infant, which she allegedly threw into a pit latrine after birth, causing suffocation. The girl claimed she became pregnant after being defiled by a priest, and killed the baby when he refused to take responsibility.",2026,2026-05,2026 Q2
2026-05-15,Public Order & Administration of Justice,Breach Of Peace,1,Nairobi,"University of Nairobi,",Unknown,,5.0,Male and Female,,Unknown,Stones,Daily nationpg22,"Five University of Nairobi students—Beres Muthomi, Trace Phanice Auma, Patience Gitau, Kenneth Juma, and Samuel Jomanga—were charged at the Milimani Law Courts with offensive conduct likely to cause a breach of peace. The prosecution alleged that on May 11, 2026, during the Africa Forward Summit at the University of Nairobi, they threw stones and shouted, disrupting proceedings attended by Kenyan President William Ruto and French President Emmanuel Macron.",2026,2026-05,2026 Q2
2026-05-15,"Robbery, Theft & Burglary",Robbery,1,Nairobi,Kayole,Unknown,,4.0,Unknown,,Theft,Firearm,The standardpg5,"Police in Kayole arrested four suspects believed to be involved in a mobile phone-snatching gang targeting residents in the area. The May 12 operation in the Saika area along Kangundo Road led to the recovery of 62 mobile phones, three motorcycles, a television set, and other stolen household items. Officers also recovered a Falcon pistol and 16 rounds of ammunition.",2026,2026-05,2026 Q2
2026-05-15,Homicide & Unlawful Killing,Murder,1,Bungoma,Forest View area along Musikoma–Bumula Road,Male,,1.0,Female,,Unknown,Unknown,The standardpg9,"A public health officer, Pascal Wakafura, was killed in the Forest View area along the Musikoma–Bumula Road in Bungoma County on the evening of May 11, 2026. Neighbours later discovered his body lying in a pool of blood with severe injuries.",2026,2026-05,2026 Q2
2026-05-15,Fraud & Financial Crimes,Forgery,1,Kakamega,Kakamega Anti-Corruption Court,Unknown,,1.0,Female,,To secure employment at the university,Forgery,The standardpg17,A former employee of Masinde Muliro University of Science and Technology was arraigned before the Kakamega Anti-Corruption Court for allegedly forging academic certificates to obtain employment at the institution.,2026,2026-05,2026 Q2
2026-05-15,Homicide & Unlawful Killing,Manslaughter,1,Uasin Gishu,Kapsisoya Estate,Female,,1.0,Female,15,Unknown,Unknown,The standardpg17,"A 15-year-old girl was acquitted of manslaughter charges for the death of her infant, which she allegedly threw into a pit latrine after birth, causing suffocation. The girl claimed she became pregnant after being defiled by a priest, and killed the baby when he refused to take responsibility.",2026,2026-05,2026 Q2
2026-05-15,Homicide & Unlawful Killing,Murder,1,Kilifi,Baricho village,Male,20,,Male and Female,,Retaliation,Unknown,The standardpg17,"A 20-year-old man identified as Shukran Mwarambai was lynched by an angry mob in Baricho village, Magarini Sub-County in Kilifi County after being accused of stealing two cows.",2026,2026-05,2026 Q2
2026-05-16,Corruption & Abuse of Office,Abuse Of Office,1,Nyeri,Kiganjo,Female,,,Unknown,,Enforce police recruitment standards and discipline.,Forged documents,The standard page3,"The dismissal of 54police recruits from training colleges, especially in Kiganjo, exposing broader concerns about flaws within Kenya’s police recruitment system. Authorities defended the removals as part of enforcing discipline and professional standards, citing pregnancy, forged documents, criminal records, and medical conditions among reasons for dismissal. ",2026,2026-05,2026 Q2
2026-05-16,Fraud & Financial Crimes,Fraud,1,Nairobi,Football Kenya Federation,Unknown,,,Unknown,,Concealment of federation funds.,Abuse of office,The standard page2,"authorities have launched investigations into millions of shillings allegedly missing from FKF accounts. The probe follows concerns over suspected financial irregularities, poor accounting practices, and unaccounted sponsorship funds within the federation. Former FKF officials, including Nick Mwendwa, are mentioned in connection with earlier investigations by the DCI into alleged financial misconduct. The article highlights ongoing scrutiny over how football revenues and sponsorship money were managed and whether funds were illegally diverted or misused.",2026,2026-05,2026 Q2
2026-05-16,Fraud & Financial Crimes,Fraud,1,Nairobi,Kenya wild service offices,Unknown,,1.0,Female,38,Financial gain,Diversion of funds,Daily nation page7,"Wildlife Principal Secretary Silvia Museiya faced criticism after lawmakers questioned the diversion of Sh300 million from a compensation fund meant for victims of wildlife attacks to a digital consultancy project. Members of the National Assembly Committee on Tourism and Wildlife demanded explanations over the expenditure, arguing that many victims and affected families were still waiting for compensation. State department officials defended the spending, saying the funds supported a pilot digitisation programme for processing compensation claims. However, MPs expressed concern about transparency, value for money, and the continued suffering of victims awaiting justice and financial support.",2026,2026-05,2026 Q2
2026-05-16,Property Destruction & Arson,Arson,1,Nakuru,Naivasha,Unknown,,4.0,Unknown,,Burn down the dormitory,Fire,The standard page17,"Four students from Magereza Academy in Naivasha were arrested after a dormitory fire destroyed school property worth thousands of shillings and forced the indefinite closure of the institution. The blaze occurred while students were attending evening classes, and some students sustained minor injuries while attempting to rescue their belongings before firefighters contained the fire. CCTV footage allegedly placed the four students at the scene, leading to their arrest by police investigators.",2026,2026-05,2026 Q2
2026-05-17,"Robbery, Theft & Burglary",Robbery With Violence,1,Migori,Isebania border,Unknown,,1.0,Male,32,Financial gain,Firearm,The Standard page 3,"Police in Migori have apprehended a 32-year-old man suspected of being behind a string of violent robberies in the region. According to Suna East Sub-County Police Commander Harriet Hailey, the suspect—who claims to be a businessman—had been under police surveillance for nearly two months prior to his arrest at the Isebania border. During the operation, authorities discovered a Taurus revolver and ten rounds of ammunition hidden inside his vehicle near the gear shift. The suspect is currently being held at the Migori Police Station pending ballistic testing of the weapon and is expected to face charges in court on Monday.",2026,2026-05,2026 Q2
2026-05-17,Corruption & Abuse of Office,Abuse Of Office,4,Nairobi,"The Nairobi Hospital, Pumwani Maternity Hospital, Nairobi Women’s Hospital, Elgon View Hospital and Mater Misericordiae Hospital.",Male and Female,,5.0,Unknown,,Financial recovery,Withholding of discharge papers,The Standard page 4,"The article examines the ongoing crisis of hospitals illegally detaining patients and deceased bodies due to unsettled medical bills, a practice widely condemned by the Kenyan judiciary as a violation of human rights. Despite a decade of clear court precedents stating that hospitals have no legal authority to act as ""holding cells,"" many facilities continue to ignore these rulings to secure payment. The report highlights several harrowing cases, such as mothers forced to sleep on floors and heart patients held for months after being cleared for discharge, which leads to the accumulation of even higher ""detention fees."" While judges have ordered structural changes and the Ministry of Health to intervene, health advocates argue that the lack of enforcement mechanisms and a failing insurance system leave vulnerable Kenyans trapped between medical necessity and illegal imprisonment.",2026,2026-05,2026 Q2
2026-05-18,Abduction & Kidnapping,Abduction,1,Kajiado,Kitengela,Male,34,3.0,Male,,Unknown,Handcuffs,The Daily Nation pg3,Detectives are investigating the alleged abduction of Fortune Muthina who was linked to a caller ID spoofing fraud syndicate and had an ongoing case at the Kahawa law courts.,2026,2026-05,2026 Q2
2026-05-19,Property Destruction & Arson,Destruction Of Property,1,Kajiado,Kitengela,Unknown,,,Unknown,,Opportunism,Mob infiltration,Daily nation Pg 8,Goons stormed CocaCola depot in Kitengela shortly after midday and vandalised and looted from the premises during the fuel hike protests.,2026,2026-05,2026 Q2
2026-05-19,Corruption & Abuse of Office,Corruption,1,Nairobi,Southern bypass Kikuyu,Unknown,,,Unknown,,Financial gain,Blocking road,Daily nation Pg 8,"Motorists, commuters and pedestrians along southern bypass were extorted by armed goons who blocked the road with trailers and bonfires demanding cash from drivers and harassing pedetrians.",2026,2026-05,2026 Q2
2026-05-20,Homicide & Unlawful Killing,Murder,1,Nairobi,Mwiki,Female,,3.0,Unknown,,Unknown,Acid,The Standard pg 3,Racheal Wandeto was alledgly attacked by three people on her way home with an unknown liquid .She suffered severe burns from the liquid and was rushed to KNH for treatment but she succumbed to her injuries on Monday. The reason for the attack is yet to be determined.,2026,2026-05,2026 Q2
2026-05-20,Police Misconduct,Police Brutality,12,Unknown,,Male and Female,,,Unknown,,Unknown,Firearm,Daily Nation pg 4,Across Nairobi and other parts of the country kenyans conducted protests against the rise of fuel prices and some were caught up in the battle between the police and the protesters and were shot to death even though they were not armed.,2026,2026-05,2026 Q2
2026-05-20,Homicide & Unlawful Killing,Attempted Murder,1,Nairobi,,Female,,,Unknown,,Crowd control during protests,Firearm,The Standard Pg 8,"Valery Amondi was injured after being shot in the torso and is currently recovering in hospital. According to the victim’s statement, Valery Amondi was not involved in the protests that were taking place and was instead on the way to work, maintaining distance from the demonstrators at the time the shooting occurred.",2026,2026-05,2026 Q2
2026-05-20,"Robbery, Theft & Burglary",Robbery With Violence,2,Makueni,Wote,Unknown,,,Unknown,,Protest over rising fuel prices,Stones,The standaed pg 10,"During demonstrations in Wote, Makueni County, violent clashes broke out between a large group of youths and police officers. The confrontation escalated into physical attacks on law enforcement, resulting in two police officers sustaining injuries and being hospitalised.Amid the chaos caused by tear gas deployment and crowd dispersal, a group of youths reportedly surrounded police officers and stole a firearm from one officer before fleeing.",2026,2026-05,2026 Q2
2026-05-20,Homicide & Unlawful Killing,Murder,1,Nairobi,Marurui,Female,20,,Unknown,,Crowd control during protests,Firearm,The Standard Pg 8,"A 20-year-old individual identified as Prudence Imali was shot and killed in Marurui, a location within Nairobi. The body of Prudence Imali was transferred to the Kenyatta National Hospital mortuary following the incident.",2026,2026-05,2026 Q2
2026-05-20,Property Destruction & Arson,Arson,12,Nakuru,Naivasha,Unknown,,,Unknown,,Protest over rising fuel prices,Fire,The Standard Pg 8,"A total of nine trucks were burned,while three supermarkets were looted and subsequently set on fire during protest unrest.The scale of property destruction had a severe impact on local businesses.",2026,2026-05,2026 Q2
2026-05-20,Homicide & Unlawful Killing,Murder,1,Kakamega,Maraba area,Male,22,,Unknown,,Crowd control during protests,Firearm,The Standard Pg 3,"The incident occurred during nationwide protests against rising fuel prices, which led to unrest across several Kenyan counties. In Kakamega, tensions escalated when police attempted to disperse demonstrators moving from the central business district toward Maraba.During the confrontation, police reportedly opened fire on protesters. One of the victims, Derrick Machanja, a student at Sigalagala National Polytechnic, was shot and later died from head injuries. Reports indicate that he collapsed after being shot while protests were being dispersed.",2026,2026-05,2026 Q2
2026-05-20,Assault & Bodily Harm,Assault,1,Nairobi,Kangemi,Male,,,Unknown,,Protest related unrest,Unknown,Daily Nation Pg 15,"Nairobi Regional Police Commander Issa Mohamud was attacked by a group of youths in Kangemi and later hospitalised. The Directorate of Criminal Investigations (DCI) intended to charge several suspects with serious offences including assault, arson, and robbery with violence.",2026,2026-05,2026 Q2
2026-05-20,Homicide & Unlawful Killing,Murder,1,Nairobi,Ndonyo shopping centre in dagoretti,Male,32,,Unknown,,Crowd control during protests,Firearm,The Standard Pg 3,"A 32-year-old boda boda rider, George Kariuki, was fatally shot during protests linked to rising fuel prices and a matatu strike. The incident occurred near a shopping centre in the Dandora/Dagoretti area, only a few metres from his residence in an informal settlement.",2026,2026-05,2026 Q2
2026-05-22,Homicide & Unlawful Killing,Murder,1,Vihiga,,Female,,,Unknown,,Sexual Satisfaction,Unknown,The Standard Pg 2,A grade 8 pupil of Masana Secondary School was found Dead after going missing on Monday evening after school.,2026,2026-05,2026 Q2
2026-05-22,Homicide & Unlawful Killing,Murder And Sexual Assault,1,Nakuru,Njoro ,Female,12,1.0,Male,16,Unknown,Strangulation,The Standard Pg 2,"A grade 6 pupil Mercy Nyambura was found dead in a maize plantation at lare, Njoro sub county. Allegedly defilled, tortoured and killed. Her body bore multiple injuries, bruises on the neck and severe injuries on the face.",2026,2026-05,2026 Q2
2026-05-22,Corruption & Abuse of Office,Abuse Of Office,1,Nairobi,Nairobi Central Police Station,Male and Female,,1.0,Male,,Bribery,Unknown,The Standard Pg 5,Dishen  Angoya (OCS Nairobi central police station) was arrested after abuse of office by releasing 64 suspect arrested over public order offence.,2026,2026-05,2026 Q2
2026-05-22,Corruption & Abuse of Office,Abuse Of Office,1,Siaya,Governor’s residences,Male,,2.0,Male,,Alleged political retaliation,Abuse of office,The Standard Pg 11,"A lobby group known as the Centre for Litigation Trust filed a petition in the High Court seeking orders compelling Interior CS Kipchumba Murkomen and Inspector General Douglas Kanja to immediately reinstate the security detail assigned to Siaya Governor James Orengo. According to court filings and Orengo’s protest letter, his personal and residential security officers were abruptly withdrawn on May 19, 2026, without prior notice, explanation, or replacement officers being assigned.",2026,2026-05,2026 Q2
2026-05-23,Homicide & Unlawful Killing,Murder,1,Isiolo,Isiolo,Male,,,Unknown,,Unknown,Unknown,The Standard Page3,"Residents of Isiolo County were shocked after authorities and family members discovered suspected human remains along with clothes and shoes believed to belong to missing businessman George Gitonga. Gitonga had disappeared on the night of May 1 at around 9 pm. Police confirmed the discovery during an active search operation. Investigators stated that the recovered clothing and shoes appear to match what the trader was wearing before he vanished. The case remains under investigation, with no suspects or motive identified so far.",2026,2026-05,2026 Q2
2026-05-23,Homicide & Unlawful Killing,Attempted Murder,1,Bomet,Chemalal Mixed Day and Boarding Secondary School,Female,17,1.0,Male,23,Love triangle,Sharp object,The Standard Page3,A 17-year-old Form Three student from Chemalal Mixed Day and Boarding Secondary School in Bomet County was seriously injured after allegedly being stabbed by her 23-year-old classmate during a Christian Union session. Police say the attack may have been linked to a suspected love triangle and a secret relationship between the two students. The suspect reportedly used a knife to stab the girl in the chest and left arm before members of the public responded to her screams and attacked him. He was later rescued and handed over to the police as investigations continue.,2026,2026-05,2026 Q2
2026-05-23,Homicide & Unlawful Killing,Murder,1,Nakuru,Naivasha,Male,17,,Unknown,,Violence connected to fuel-related demonstrations and unrest,Firearm,The Standard Page11,"A 17-year-old boy identified as Harrison Karanja died after being shot in the head during fuel-related protests in Naivasha. The unrest resulted in widespread destruction, including vandalism of supermarkets and the burning of trucks. Authorities reported that at least 11 people suffered gunshot injuries while more than 100 suspects were arrested over the chaos and looting. Another student was reportedly injured by a stray bullet during the demonstrations. The incident raised the death toll from the protests to three as investigations and arrests continued.",2026,2026-05,2026 Q2
2026-05-23,"Robbery, Theft & Burglary",Robbery With Violence,1,Uasin Gishu,The Nakuru-Eldoret-Webuye highway,Female,,3.0,Male,,Financial Gain,Firearm,Daily Nation page12,"The case involves police officer Philip Edasi and his accomplices, Mahat Abdullahi and Earnest Odongo, who were charged with robbery with violence after using a fake highway checkpoint to rob businesswoman Suad Zaid Abdi of over Sh14.1 million in cash and electronics.",2026,2026-05,2026 Q2
2026-05-24,Organized Crime & Terrorism,Organized Crime,1,Nairobi,"Kariobangi area, backsreets, garages, slum areas, industrial zones in Nairobi",Unknown,,,Unknown,,Financial gain,Chop shop method,Daily Nation page 2,"An Organized criminal syndicate in Nairobi is involved in stealing vehicles, dismantling them and selling the parts through illegal spare-parts networks involving gangs, mechanics, dealers and cartels for financial gain.",2026,2026-05,2026 Q2
2026-05-24,Corruption & Abuse of Office,Abuse Of Office,1,Bungoma,,Unknown,,,Unknown,,Financial gain,System manipulation,The Standard page9,"Bungoma Governor Kenneth Lusaka raised concerns over the existence of about 1,000 alleged ghost workers within the county government payroll. He warned county officials accused of facilitating the fraudulent recruitment scheme that stern disciplinary and legal action would be taken. Lusaka announced that a forensic audit would be conducted to identify how the ghost workers contributed to the county’s growing wage bill. Some employees had already been suspended pending investigations.",2026,2026-05,2026 Q2
2026-05-24,Homicide & Unlawful Killing,Murder,1,Kiambu,Ngarariga,Male,,1.0,Male,,Dispute that escalated into a physical confrontation,Sharp object,The Standard page3,"A man identified as Stephen Mbugua Mwangi was arrested in Limuru, Kiambu County, for allegedly stabbing his neighbour, George Kimani, after a dispute in the Ngarariga area escalated into a physical fight. Kimani was rushed to Limuru Nursing Home by good Samaritans but died from his injuries upon arrival. Police obtained 21 days to detain the suspect as investigations continue. Following the incident, angry residents allegedly attempted to burn down the suspect’s house, but police intervened and prevented the attack.",2026,2026-05,2026 Q2
2026-05-24,Homicide & Unlawful Killing,Murder,1,Kiambu,Kiambu police station,Male,22,,Unknown,,Theft allegations,Blunt object,The Standard page3,"The death of 22-year-old university student Brian Njuguna Ndungu while in police custody. His family says he was arrested over alleged theft accusations but later died under unclear circumstances. Police reportedly claimed Brian died by suicide after hanging himself using a shoelace, but the family strongly disputes this explanation. Relatives who viewed the body reported visible injuries, blood stains, and swelling, raising suspicions of torture or assault while in detention. The family is demanding justice and an independent investigation into the events leading to his death.",2026,2026-05,2026 Q2
2026-05-25,Fraud & Financial Crimes,Fraud,1,Nairobi,,Unknown,,,Unknown,,Financial gain,Identity theft,The daily nation Pg2,A sophisticated student loan and financial aid fraud involving identity theft has been linked to operators in Nairobi. The US government has lost Sh 12 billion through the fraud.,2026,2026-05,2026 Q2
2026-05-25,Homicide & Unlawful Killing,Murder,1,Kisumu,Wayside Junction along Nyerere Road Kisumu ,Male,39,,Unknown,,Unknown,Blunt object,The daily nation Pg6,A 39 year old Were was beaten to death at Wayside Junction in Kisumu County. The Police are still investigating the matter.,2026,2026-05,2026 Q2
2026-05-26,Fraud & Financial Crimes,Forgery,1,Uasin Gishu,,Male,,,Unknown,,Property acquisition,False documents,The Standard Pg 3,"A former soldier, David Muigei, discovered that he had been falsely declared dead and issued with a death certificate while still alive, raising allegations of forgery and fraud.",2026,2026-05,2026 Q2
2026-05-26,Police Misconduct,Police Brutality,1,Nakuru,Free Area Estate(near gate of their home) Nakuru,Male,13,,Unknown,,Protest over high fuel prices,Firearm,The Standaed pg 19,"During a nationwide protest over fuel prices in Nakuru County, 13-year-old Grade Seven pupil Joseph Njuguna was shot in the jaw by anti-riot police using live bullets while playing near his home's gate in the Free Area estate. He narrowly survived after undergoing surgery at Nakuru Level V Hospital to remove the bullet, leaving his family with heavy medical bills and severe psychological trauma. While his mother reported the matter to the Mwariki Police Station and the Independent Policing Oversight Authority (IPOA), local human rights defenders and neighbors have strongly condemned the police's use of excessive, lethal force within residential areas.",2026,2026-05,2026 Q2
2026-05-27,Public Order & Administration of Justice,Contempt Of Court,1,Multiple Counties,Minjila junction along the Lamu-Witu -Garsen road,Male and Female,,,Unknown,,Demand enforcement of high court ruling,Blocking road,The Daily Nation Pg 19,"Residents and human rights activists in Lamu County protested against the continued enforcement of a night travel curfew (6pm–7am) that has been in place since 2017. The protests followed a High Court ruling issued in Garsen suspending the curfew, pending the determination of a legal petition challenging its legality.",2026,2026-05,2026 Q2
2026-05-28,Assault & Bodily Harm,Assault,2,Nairobi,"Rhapta Road, Kileleshwa",Female,,,Unknown,,Dispute over illegal high rise development,Physical force,Daily Nation pg 22,The two chiefs were attacked  during a meeting in Kileleshwa over dispute of high-rise developments in Kileleshwa. Mr. Alai accussed the administrators of colluding with developers to manipulate public participation process to facilitate illegal construction projects.,2026,2026-05,2026 Q2
2026-05-29,Assault & Bodily Harm,Assault,1,Nakuru,Githioro,Female,17,1.0,Male,24,Retaliation,Acid,Daily Nation pg30,A 17-year-old Form Four student in Nakuru County was allegedly attacked with acid by a 24-year-old man after she rejected his romantic advances. The incident occurred early in the morning while she was walking to school.,2026,2026-05,2026 Q2
2026-05-29,Land & Eviction Offences,Forced Eviction,1,Nairobi,Nairobi Central Business District,Unknown,,,Male and Female,,Enforcement of CBD decongestion and relocation policy,Abuse of office,Daily Nation pg27,"A committee of the Nairobi County Assembly criticised the Nairobi City County Government over the eviction of book vendors from Nairobi CBD, saying enforcement officers violated traders’ constitutional rights through harassment, confiscation of goods and discriminatory crackdowns.",2026,2026-05,2026 Q2
2026-05-29,Public Order & Administration of Justice,Defamation,1,Kajiado,Rombo Group Ranch,Male,,1.0,Male,,False accusation,Online publication,Daily Nation pg27,A political dispute emerged in Kajiado County after journalist Jonathan Teikan was ordered by court to pay Sh16 million to Katoo Ole Metito in a defamation case. The case arose from an online story alleging Mr Metito’s involvement in irregular land acquisition at Rombo Group Ranch.,2026,2026-05,2026 Q2
2026-05-30,"Robbery, Theft & Burglary",Robbery,1,Unknown,"Cross-border routes linking Kenya, Uganda, and areas towards Ethiopia",Unknown,,,Unknown,,Financial gain,Panya route,Daily Nation page12,"The growing threat posed by organized cross-border motorcycle theft syndicates operating across Kenya and neighboring countries. In one incident, Noah Simiyu was attacked by two men and a woman armed with a machete in Bungoma County as they attempted to steal his motorcycle, while in another case thieves stole John Bitok's motorcycle from Nandi Hills before it was recovered in Kisumu. Investigators say these crimes are increasingly carried out by coordinated criminal networks that steal motorcycles, disable tracking systems, alter identification details, and smuggle the bikes through unofficial border routes into neighboring countries where they are resold, dismantled, or re-registered. Authorities in Kenya and Uganda have responded by enhancing cross-border cooperation and intelligence sharing to combat the growing criminal enterprise, which threatens the livelihoods of thousands of boda boda operators who depend on motorcycles as their primary source of income.",2026,2026-05,2026 Q2
2026-05-30,Property Destruction & Arson,Arson,25,Nyeri,St Pauls Githakwa Secondary School,Female,,4.0,Female,,Dispute involving missing school uniforms,Fire,Daily Nation page5,"Four students—three Form Four girls and one Form Three girl—were arrested in connection with a dormitory fire at St Paul’s Githakwa Secondary School in Nyeri County. The fire, which broke out in the Blessed Sister Irene Nyaatha Dormitory on the night of May 26, destroyed property belonging to 25 students but caused no fatalities or serious injuries after a student spotted the blaze and raised the alarm, allowing all occupants to evacuate safely. Preliminary investigations suggest the fire was premeditated and may have been motivated by fear of upcoming end-of-term examinations, influence from recent school unrest, and tensions arising from a dispute over missing school uniforms. Police recovered an empty matchbox and a container suspected to have held an inflammable substance, and investigations into the incident are ongoing.",2026,2026-05,2026 Q2
2026-05-30,Homicide & Unlawful Killing,Murder,1,Bomet,Konoin,Male,17,,Unknown,,Illegal tea harvesting,Physical force,The Standard page7,"A 17-year-old boy died after allegedly being assaulted by security guards at a multinational tea estate in Konoin, Bomet County. According to Area Police Commander Muhammed Godana, the guards reportedly beat the teenager and left him unconscious. Good Samaritans rushed him to Kaptebengwet Dispensary before he was transferred to Longisa County Referral Hospital for specialized treatment. Although he initially presented with bruises on his face and hands, medical reports indicated that he ultimately died from internal bleeding. Police investigations into the incident are ongoing.",2026,2026-05,2026 Q2
2026-05-31,Homicide & Unlawful Killing,Manslaughter,1,Trans Nzoia,"Samor Clinic, Kitale",Male,,1.0,Male,,Financial gain,Unsterilized surgical equipments,The Standard page 8,"A patient named Brian Simiyu died at Tophill Hospital in Eldoret following a botched stomach surgery performed on May 17, 2026, by an unlicensed doctor at Samor Clinic in Kitale. According to the victim's sister, Lydia Sizie, the operation was conducted under horrific conditions in a dirty room lacking basic surgical equipment, where the fake doctor even used a standard cloth instead of cotton wool to wipe blood. After the family paid Sh32,000 for the procedure, Simiyu's condition rapidly deteriorated at home, suffering from an intestinal infection and kidney failure that led to his death on May 28. The tragedy sparked local protests demanding a crackdown on illegal clinics, prompting the Surgical Society of Kenya to condemn the incident and county authorities to arrest the suspect and shut down the unlicensed facility.",2026,2026-05,2026 Q2
2026-05-31,Property Destruction & Arson,Arson,16,Nakuru,Utumishi Girls Senior School in Gilgil,Female,,8.0,Female,,Protest against the school administration,Fire,Daily Nation page 6,"Homicide detectives have narrowed down their investigation to eight Form Three female students implicated in a horrific arson attack at Utumishi Girls Senior School that killed 16 students and injured 79 others. The fire, which broke out in the middle of the night at the Meline Waithera Block B dormitory, was reportedly started by disgruntled students protesting administrative high-handedness. Investigators successfully isolated the eight suspects out of an initial group of 30 after reviewing CCTV footage, securing confessions from guilt-ridden participants, and analyzing witness accounts from fellow students. Beyond the students facing criminal charges, Education Cabinet Secretary Julius Ogamba revealed that the tragic outcome was severely compounded by safety violations—including a congested floor plan and a locked exit door—resulting in immediate disciplinary action against the school principal and two teachers who ignored advance warnings of the plot.",2026,2026-05,2026 Q2
2026-06-01,Sexual & Gender-Based Violence,Defilement,1,Bomet,Bomet East Sub-County,Male and Female,,,Male and Female,,Unknown,Physical force,The Standard pg 3,There has been a surge in defilement and GBV in Bomet. This is according to Bomet East Sub-County police commander Michael Singa.,2026,2026-06,2026 Q2
2026-06-01,Property Destruction & Arson,Destruction Of Property,1,Kericho,Samburet,Unknown,,3000.0,Male and Female,,Land dispute,Demolition,The Standard pg 3,More than 3000 residents of Samburet joined by members of the Ogiek community pulled the fence of Browns Tea Company siting alleged land grabbing.,2026,2026-06,2026 Q2
2026-06-02,Homicide & Unlawful Killing,Murder,1,Nakuru,Lake Elementaita,Male,30,,Unknown,,Unknown,Unknown,Daily Nation pg 17,"30 Year old Kenneth Toroitich vanishes following a series of phone calls only for his body to be found near Lake Elementaita a week later with serious injuries.A post-mortem examination revealed that Kenneth died from severe head injuries and strangulation. The body also showed signs of violence, including neck injuries and burns suspected to have been caused by a corrosive substance. Detectives are investigating the circumstances surrounding his disappearance and murder, while family members and the Baringo community are demanding justice and the arrest of those responsible.",2026,2026-06,2026 Q2
2026-06-02,Fraud & Financial Crimes,Fraud,1,Nairobi,"Kileleshwa, Lavington, Kilimani, Eastleigh, South C and Minnesota USA",Unknown,,4.0,Male,,Financial gain,Forged document,The Standard pg 8,"Muhammad Abdulqadir Omar, a suspect in a massive US$90 million (Sh11.7 billion) Minnesota healthcare fraud scheme, was arrested by the FBI after months on the run. Omar and his business partner, Ibrahim Bashir Abdi, allegedly used two home healthcare companies to fraudulently bill Minnesota's Medicaid programme by forging client signatures and claiming payments for services that were never rendered or were billed for hospitalized or deceased clients. The illicit proceeds were subsequently wired to Kenya to purchase lucrative real estate investments in high-end Nairobi neighbourhoods like Kileleshwa and Lavington. During a raid on his Minnesota apartment, Omar attempted a dramatic escape by jumping from a fourth-floor balcony, breaking his leg before being captured hours later. Following his arrest, discussions intensified between the FBI and Kenya's Directorate of Criminal Investigations (DCI) to strengthen international cooperation on combating transnational financial fraud, cybercrime, and money laundering.",2026,2026-06,2026 Q2
2026-06-03,Fraud & Financial Crimes,Fraud,1,Kilifi,Kilifi county government ,Unknown,,10.0,Male and Female,,Financial gain,Unknown,The Standard pg 9,"The case involved the fraudelent diversion of ksh 51.69 million from Kilifi county procurement fraud.The direct victim was Kilifi County and its residents,while 10 individuals and companies were convicted",2026,2026-06,2026 Q2
2026-06-03,Homicide & Unlawful Killing,Extra-Judicial Killing,1,Trans Nzoia,Agricultural Development Corporation(ADC) farms,Male,40,6.0,Unknown,,Enforcement against illegal grazing on ADC land,Firearm,The Standard Pg 9,"A series of alleged extra-judicial killings linked to security operations at Agricultural Development Corporation (ADC) farms in Trans Nzoia County has raised serious concerns among residents. The situation reflects long-standing tensions over land ownership, illegal grazing, and security enforcement in the region.The most recent incident involved the fatal shooting of a 40-year-old Kitale resident, Dennis Kwemoi, during a police operation. According to a police report, six Kenya Police Reserve (KPR) officers were on patrol in the Arran area when they intercepted approximately 20 cows allegedly grazing illegally on a sugarcane plantation.",2026,2026-06,2026 Q2
2026-06-03,Homicide & Unlawful Killing,Murder,2,Homa Bay,Kong'onge village,Male and Female,1 and 3,1.0,Female,30,Domestic dispute,Petrol,The Standard pg 8,"A tragic domestic incident occurred in Kong’onge Village in Rachuonyo West, Homabay County, where a 30-year-old parent killed two young children before taking own life. Reports indicate that the incident was linked to alleged fears of a marital dispute involving the possibility of a co-wife",2026,2026-06,2026 Q2
2026-06-03,Assault & Bodily Harm,Political Violence,1,Kakamega,Bomani ground in Mumias West Constituency,Unknown,,,Unknown,,Political tensions,Stones and Physical force,The Standard pg 16,"The report highlights violent clashes that erupted in Mumias West Constituency in Kakamega County following Madaraka Day celebrations at Bomani Grounds. The unrest occurred after an event attended by political leaders, including Kakamega Governor Fernandes Barasa.Groups of youths engaged in confrontations with police, leading to widespread disorder. The clashes escalated into running battles, with demonstrators erecting roadblocks, lighting bonfires, and blocking major roads such as the Kakamega–Mumias and Kakamega–Musanda highways. This disruption significantly affected transport and local economic activities.",2026,2026-06,2026 Q2
2026-06-04,Corruption & Abuse of Office,Abuse Of Office,1,Narok,Narok County Assembly,Unknown,,35.0,Male and Female,,Dispute over changes in House leadership,Physical force,The Standard pg 4,"The Ethics and Anti-Corruption Commission (EACC) has officially summoned 35 Members of the Narok County Assembly to record statements following a violent brawl that erupted inside the assembly chambers on May 19. In a letter sent by EACC Deputy Director David Kiboro to County Assembly Clerk Joseph Lengeny, the legislators were ordered to appear before investigators at the Integrity Centre in Nairobi between June 9 and June 22. The physical confrontation, which disrupted assembly proceedings and shocked local residents, stemmed from deep political divisions regarding changes in House leadership and allegations that the County Executive was interfering with Assembly committee structures. The EACC is investigating the incident as a matter of serious unethical conduct, highlighting growing political tensions in the region ahead of the 2027 polls.",2026,2026-06,2026 Q2
2026-06-04,Homicide & Unlawful Killing,Murder,2,Laikipia,Nanyuki,Unknown,,,Unknown,,Unknown,Firearm,The Standard pg 13,"Two protesters were killed on Monday in Nanyuki, during proetests over planned US Ebola quarantine facility at the Laikipia Air Base. It is yet to be determined who made the shot either the millitary or the police.",2026,2026-06,2026 Q2
2026-06-05,Corruption & Abuse of Office,Corruption,1,Nairobi,Nairobi,Unknown,,,Male,,Unknown,Unknown,Daily Nation Pg 3,"Detectives raided a Nairobi County official's Syokimau home and recovered about KSh 63 million in cash and assets suspected to be inconsistent with his known income, as part of an anti-corruption investigation.",2026,2026-06,2026 Q2
2026-06-05,Property Destruction & Arson,Arson,1,Kiambu,Alliance High School,Male and Female,,10.0,Male,,Unknown,Fire,The standardpg2,"Ten students from Alliance High School were arrested after a fire gutted a school store containing old mattresses. The incident reportedly began as student misconduct and classroom disturbances before escalating into arson, with CCTV evidence allegedly capturing two boys involved in setting the fire. The school administration, education officials, and security agencies are investigating the incident, which has raised nationwide concern over increasing school unrest and fire outbreaks.",2026,2026-06,2026 Q2
2026-06-06,Homicide & Unlawful Killing,Causing Death By Dangerous Driving,17,Nairobi,Enterprise road,Male and Female,,1.0,Male,,Attention seeking stunts,Dangerous stunt,Daily nation page2,"Witnesses and industry insiders stated that the vehicle had successfully performed the stunt at one roundabout before attempting it again at a second roundabout, where it lost balance and rolled over. Family members of the victims accused authorities of failing to curb dangerous matatu practices and alleged that the driver had been behaving irresponsibly. The incident has reignited public debate about Nairobi's ""Nganya"" culture and the risks posed by stunt driving in the public transport sector.",2026,2026-06,2026 Q2
2026-06-06,Corruption & Abuse of Office,Abuse Of Office,1,Nairobi,City hall,Unknown,,2.0,Male and Female,,Personal financial enrichment through abuse of authority,Abuse of office,Daily nation page8,"The Ethics and Anti-Corruption Commission (EACC) raided the Syokimau home of Nairobi County Chief Officer for Urban Planning Patrick Analo Akivaga and recovered approximately KSh 65.3 million in cash, alongside land documents, vehicle records, electronic devices, and Nairobi County approval documents. Investigators are examining allegations of bribery, abuse of office, conflict of interest, and possession of unexplained wealth, suspecting that Mr. Analo may have accumulated assets disproportionate to his known income while serving in influential positions within Nairobi County's planning department. The case has intensified scrutiny of the department's role in development approvals and longstanding complaints about corruption, illegal developments, and questionable planning decisions. Investigations remain ongoing, and no court has yet determined Mr. Analo's guilt.",2026,2026-06,2026 Q2
2026-06-06,Homicide & Unlawful Killing,Extra-Judicial Killing,1,Trans Nzoia,ADC Olng’atongo Farm,Male,40,,Unknown,,Enforcement action against illegal grazing,Firearm,Daily Nation page,"A fatal shooting at the ADC Olng’atongo Farm in Endebess, Trans Nzoia County, left 40-year-old Dennis Kwemoi dead after an alleged confrontation between Kenya Police Reservists and local residents over cattle grazing on government land. Police claim the victim charged at an officer, prompting the shooting, while critics and human rights groups view the incident as part of a broader pattern of alleged extrajudicial killings by security personnel guarding state-owned land. The incident sparked violent protests, with residents torching sugarcane fields and property worth millions, and has intensified calls for accountability, compensation, and investigations by the Independent Policing Oversight Authority (IPOA), which is already handling multiple similar cases.",2026,2026-06,2026 Q2
2026-06-07,Assault & Bodily Harm,Political Violence,2,Kisii,A garage near Gusii Stadium,Male,,10.0,Unknown,,Intimidating and harming local political rival leaders.,"Sharp,blunt objects and physical force",The Standard page 31,"Kisii County is experiencing growing concern over a wave of political violence targeting political leaders and public figures. The latest incident involved Kitutu Ward MCA Wycliffe Siocha, who was attacked near Gusii Stadium while waiting for his vehicle to be serviced. Witnesses reported that a group of approximately 10 assailants, believed to have been trailing him, descended on him and assaulted him with kicks, blows, and sharp objects. Political leaders and residents have expressed concern over increasing acts of violence allegedly carried out by organized groups of political goons. Police have acknowledged the incidents and pledged to investigate and arrest those responsible. The attacks have intensified fears about political intolerance and insecurity in Kisii County.",2026,2026-06,2026 Q2
2026-06-07,Homicide & Unlawful Killing,Murder,1,Nairobi,Thika road,Male,19,2.0,Male,,Fare dispute,Physical force,The Standard page 3,"Police are investigating the death of Eugene Mutuku, a 19-year-old KMTC Yatta student, who died after allegedly falling from a moving matatu along Thika Road. Reports indicate that the student may have been pushed out of the vehicle following a dispute over fare payment.",2026,2026-06,2026 Q2
2026-06-07,Homicide & Unlawful Killing,Murder,1,Homa Bay,"Wakula North, Suba West",Male,,1.0,Male,,Land dispute,Sharp object,The Standard page 3,"Police in Homa Bay County arrested a man accused of murdering his brother, Lucas Killion, following a dispute over the ownership of a tree located on a contested land boundary in Wakula North, Suba West. The two brothers had reportedly been involved in a prolonged disagreement over the boundary.According to police, the brothers convened a meeting to resolve the dispute, and the victim was advised by his mother to end the matter peacefully. However, before the meeting concluded, the suspect allegedly left, went to his house, retrieved a panga, and attacked his brother. Lucas Killion died at the scene from the injuries sustained.",2026,2026-06,2026 Q2
2026-06-07,Property Destruction & Arson,Destruction Of Property,1,Multiple Counties,"Nairobi School, Maranda High School, Lenana School, Kisii School, Alliance High School, Moi Forces Academy Lanet, Loreto High School, Highway Secondary School, Pumwani Secondary School, and Our Lady of Mercy Shauri Moyo Girls Secondary School",Unknown,,,Male and Female,,"Exam anxiety, peer pressure, congestion,",Fire,The Standard page 2,"The article details a rising wave of unrest and violent protests spreading across Kenya’s previously stable, prestigious national and elite boarding schools, forcing multiple institutions to close indefinitely and send students home. In response to the growing chaos—which has seen classrooms, labs, and CCTV networks destroyed at Lenana School and a captain's room torched at Kisii School—Education Principal Secretary Belio Kipsang issued a stern warning that the government will show zero tolerance, promising that culprits will be identified and criminally prosecuted. While students' immediate triggers ranged from complaints about entertainment choices to the management of festival funds, education stakeholders and religious leaders point to deeper systemic crises. They attribute the breakdown to poor communication, mental health struggles, severe congestion in boarding facilities, and intense academic pressure, prompting some religious leaders to call for the gradual phasing out of the traditional boarding school model entirely.",2026,2026-06,2026 Q2
2026-06-08,Homicide & Unlawful Killing,Murder,1,Lamu,Faza mosque,Male,33,2.0,Male,,Dispute linked to the management of the mosque,Unknown,Daily Nation pg 16,"Muslim clerics and residents of Lamu county condemned the killing of Khalid Maka inside Faza mosque during prayers. The act is described as violation of the sanctity of places of worship and called for peace and unity.They urged parents,comunity leaders, and securityagencies to work together to prevent violence and promote moral values.",2026,2026-06,2026 Q2
2026-06-08,Homicide & Unlawful Killing,Murder,1,Garissa,,Male,18,,Unknown,,Unknown,Sharp object,The Standard pg 11,"Osman Aweeys, an 18 -year old US citizen was allegedly robbed and fatally Tstabbed by a knife-wielding gang riding on two motorcycles while he visited his family in Garissa. The incident has heightened fears over the rising insecurity and inccreasing cases of violent crime in the county.R esidents and  leaders have urged security agencies to take swift action and bring the perpetrators to justice.",2026,2026-06,2026 Q2
2026-06-09,Police Misconduct,Police Brutality,1,Kisumu,Attela Beach lakeside resort,Male and Female,,10.0,Unknown,,Unknown,Firearm and tear gas canisters,Daily Nation pg 12,"An unannounced evening raid by over ten police officers at Kisumu's Attela Beach resort escalated into chaos after an unknown individual threw a stone at the forces. Police retaliated by firing tear gas into the crowd, and during the ensuing commotion, security guard Undrine Adhiambo Sire was shot in the thigh while attempting to stop an officer from deploying more gas. The heavy-handed operation—which appeared targeting shisha usage as pots were confiscated—resulted in several patron injuries, significant property damage, and severe financial losses from unpaid bills. In response to the violence, resort management filed an official complaint with the Independent Policing Oversight Authority (IPOA), while local tourism bodies have strongly condemned the raid for threatening the region's waterfront economy.",2026,2026-06,2026 Q2
2026-06-09,Public Order & Administration of Justice,Conspiracy To Commit A Misdemeanour,1,Nairobi,Thika Road,Male,19,2.0,Male,,To facilitate the escape of the accused crew members and prevent them from being arrested by law enforcement,Vehicle,The Standard Pg 25,"Two operations managers at Nicco Sacco, Whines Momanyi Mogire and Alex Mwai Kabuthi, have been charged with conspiring to conceal evidence and helping a minibus crew flee from law enforcement after a fatal accident. The charges stem from a June 5 incident where 19-year-old student Eugine Mutuku fell from a moving minibus on the Thika Road service lane and was subsequently run over by the vehicle. Instead of reporting the accident, the managers allegedly chose to hide the minibus and facilitate the escape of the driver and conductor. Mutuku later succumbed to severe injuries at Kenyatta National Hospital after a Good Samaritan notified the police. Appearing before Makadara Principal Magistrate Gilbert Shikwe, the two managers denied the charges and were each granted a Sh1 million bond with no cash bail alternative, with the hearing scheduled for September 15.",2026,2026-06,2026 Q2
2026-06-09,Property Destruction & Arson,Arson,1,Nakuru,"Magereza Academy,Naivasha",Unknown,,5.0,Female,,Unknown,Fire,The Standard Pg 9,Five students from Magereza Academy have been charged in court with arson and malicious damage to property after being accused of planning and carrying out an attack that set part of a dormitory ablaze forcing closure of the school.,2026,2026-06,2026 Q2
2026-06-10,Public Order & Administration of Justice,Unlawful Assembly,1,Laikipia,Nanyuki town,Unknown,,,Unknown,,"Block set-up of an Ebola isolation unit for the US citizens exposed to Ebola in the DR Congo due to perceived health, safety, and economic risks",Blocking road,Daily Nation pg 3,"Dozens of protesters were arrested in Nanyuki town following day-long, chaotic demonstrations against the establishment of a Sh17 billion, US-funded Ebola quarantine facility at the Laikipia Air Base. Residents engaged in running battles with police, who were forced to call for reinforcements from Kiganjo Police College after a late-night ban on the protests was defied by the public. The 50-bed bio-isolation unit, intended to quarantine US nationals exposed to Ebola in the Democratic Republic of Congo, has sparked fierce local outrage over a complete lack of public participation and the defiance of a court order halting its construction. Joining the uproar, the Laikipia County Government has backed high court petitions filed by the Katiba Institute and the Law Society of Kenya, accusing President Ruto's administration of completely sidelining them from critical health and safety decisions that have already triggered immediate economic damage, including widespread tourist cancellations for local hotels.",2026,2026-06,2026 Q2
2026-06-10,Environmental & Wildlife Crimes,Environmental Pollution,1,Meru,Imenti Forest,Unknown,,,Unknown,,"Building a new state lodge, an airstrip, and a golf course",Abuse of office,Daily Nation pg 16,"A wave of public anger has erupted over a controversial directive from President William Ruto’s administration to clear 100 acres of Meru County's pristine Imenti Forest for a new state lodge, golf course, and airstrip. Local communities, conservationists, and the Green Belt Movement have fiercely condemned the project, warning that it threatens a critical elephant migration corridor and an essential water catchment zone. Opponents argue that destroying protected land is unnecessary given that another state lodge is located barely 100 kilometers away in Nyeri. While Meru Governor Eric Mutuma and Forestry Principal Secretary Gitonga Mugambi defend the move as an economic boost for the youth, critics call out the blatant hypocrisy of slicing up a gazetted forest while the national government simultaneously promotes an ambitious campaign to plant 15 billion trees.",2026,2026-06,2026 Q2
2026-06-10,Public Order & Administration of Justice,Contempt Of Court,1,Laikipia,Nanyuki town,Unknown,,,Unknown,,"Establish a Sh17 billion, 50-bed bio-isolation unit to quarantine and treat American citizens exposed to Ebola in the Democratic Republic of Congo",Abuse of office,Daily Nation pg 3,"Dozens of protesters were arrested in Nanyuki town following day-long, chaotic demonstrations against the establishment of a Sh17 billion, US-funded Ebola quarantine facility at the Laikipia Air Base. Residents engaged in running battles with police, who were forced to call for reinforcements from Kiganjo Police College after a late-night ban on the protests was defied by the public. The 50-bed bio-isolation unit, intended to quarantine US nationals exposed to Ebola in the Democratic Republic of Congo, has sparked fierce local outrage over a complete lack of public participation and the defiance of a court order halting its construction. Joining the uproar, the Laikipia County Government has backed high court petitions filed by the Katiba Institute and the Law Society of Kenya, accusing President Ruto's administration of completely sidelining them from critical health and safety decisions that have already triggered immediate economic damage, including widespread tourist cancellations for local hotels.",2026,2026-06,2026 Q2
2026-06-11,Property Destruction & Arson,Attempted Arson,1,Kisumu,Kisumu Boys High School,Unknown,,3.0,Male,,Expulsion,Fire,The Standard pg 9,Three students from Kisumu Boys High School were arrested and charged with attempted arson.Their bond was denied because the court determined the applicants faced immediate threat to life if released.The court deemed it necesarry for a pre-bail report to be prepared before a determination in bond is made.,2026,2026-06,2026 Q2
2026-06-12,Corruption & Abuse of Office,Abuse Of Office,1,Homa Bay,County government human resouce department,Unknown,,,Unknown,,Unknown,Unknown,Daily nation pg19,"The Auditor-General, Nancy Gathungu, found that eight county governments—Bomet County, Garissa County, Isiolo County, Samburu County, Nyeri County, Migori County, Nyamira County and Embu County—continued paying salaries and allowances to employees who had already reached the mandatory retirement age.",2026,2026-06,2026 Q2
2026-06-12,Fraud & Financial Crimes,Fraud,1,Nairobi,Ash Plaza,Unknown,,1.0,Male,,Financial gain,Fraudlent claims,The standardpg27,"Former Tigania East Member of Parliament Joseph Kinyua Mwirabua (David Kabebea) was detained after being charged with 24 counts of obtaining money by false pretences from land buyers. The prosecution alleges that between March and June 2017, he fraudulently obtained approximately Sh1.1 million from victims through land transactions at Ash Plaza on Biashara Street in Nairobi",2026,2026-06,2026 Q2
2026-06-12,Fraud & Financial Crimes,Fraud,1,Nairobi,"Nairobi City Water and Sewerage Company (NCWSC),",Unknown,,1.0,Male,,To secure employment and earn salary benefits,Forged certificates,The standardpg27,"Okandah John, a former employee of the Nairobi City Water and Sewerage Company, was convicted of fraud-related offences after using a forged University of Nairobi degree certificate to obtain employment in 2016. He remained on the public payroll until 2023, earning approximately Sh4.75 million in salaries.",2026,2026-06,2026 Q2
2026-06-12,Police Misconduct,Police Brutality,6,Nairobi,Multimedia University,Male and Female,,,Unknown,,Unknown,Firearm,Daily nation pg18,"Families of Multimedia University (MMU) students shot by police during a Monday protest are demanding the identification and interdiction of the officers responsible for firing live ammunition. The demonstrations erupted after students protested a university staff strike and the suspension of exams, accusing lecturers of refusing to administer tests despite students being prepared. The police response left at least four students seriously injured, including third-year finance student Abubakar Fugicha, who has a live bullet lodged in his esophagus, and first-year journalism student Victor Kariuki, who was shot in the back and has a bullet lodged near his spine. Civil society group Vocal Africa, led by Executive Director Hussein Khallid, strongly condemned the police's deployment of excessive force against citizens exercising their constitutional right to peaceful assembly, urging law enforcement to respect human lives and utilize non-violent crowd-control methods.",2026,2026-06,2026 Q2
2026-06-13,Fraud & Financial Crimes,Fraud,1,Nairobi,,Female,,1.0,Male,,Financial gain through alleged fraudulent gold transaction,Manipulation,The standard page11,"A senior Somali government official, Ismael Abukar Osman, was charged in Nairobi with allegedly defrauding a businessman of KSh 3.5 million through a fake gold scam. Prosecutors opposed his release on bail, arguing that he poses a flight risk and has links to ongoing terrorism-related investigations. The court ordered that he remain in custody at the Industrial Area Remand Prison pending a ruling on his bail application.",2026,2026-06,2026 Q2
2026-06-13,Assault & Bodily Harm,Political Violence,1,Nairobi,All-Saints Cathedral,Unknown,,200.0,Male,,Political facilitation and financial gain,Motorcycles and physical force,"Daily Nation: https://nation.africa/kenya/counties/nairobi/-chini-ya-mnazi-gang-members-arraigned-over-all-saints-cathedral-attack-5498684, The Standard 21-06-2026 page 9","On Friday, June 12, 2026, a violent mob of approximately 200 hired individuals on motorcycles stormed the grounds of the All Saints Cathedral in Kilimani, Nairobi, forcibly disrupting an ongoing church budget review meeting. The invading group confronted security guards, overwhelmed responding police officers, and caused widespread panic, forcing congregants to flee while robbing some of their mobile phones. Order was only restored after police fired warning shots into the air. Following the incident, the Directorate of Criminal Investigations (DCI) used forensic CCTV analysis to track down and arrest key suspects in Mathare North, identifying them as members of the notorious ""Chini ya Mnazi"" criminal gang. Arraigned before the Kibera Law Courts, the chief magistrate ordered the suspects detained for 10 working days to allow detectives to extract mobile phone data, trace witnesses, and map out the gang's operational network. Investigations have taken a highly political turn after a suspect confessed that the group was financed by a Member of Parliament and assisted by plain-clothes officers to initially disrupt an opposition-linked meeting for a payout of Ksh 2,000 per person, prompting the Inspector General of Police to vow that no politician or officer involved will be shielded from justice.",2026,2026-06,2026 Q2
2026-06-13,Organized Crime & Terrorism,Organized Crime,54,Mombasa,Kilwa waters,Unknown,,7.0,Male,,Financial gain,Fishing boat,The Standard page 7,"Seven Kenyan seafarers who were detained in Tanzania on human trafficking charges since March 31 have been successfully repatriated following diplomatic intervention by Cabinet Secretary Hassan Joho. The crew of the fishing vessel FV Sea Ndovu had been sentenced by Tanzanian authorities to 10 years in prison or a fine of roughly Sh3.3 million (Tsh90 million) after being caught carrying 54 undocumented migrants from the DRC and Burundi. While the seafarers claimed they had no operational control over the illegal voyage, CS Joho ultimately paid their fines to secure their freedom after weeks of bilateral negotiations. Upon their emotional arrival at Moi International Airport, officials urged Kenyan maritime workers to strictly adhere to international maritime laws to avoid future entrapment in regional smuggling operations.",2026,2026-06,2026 Q2
2026-06-13,Cybercrime,Breach Of Data Protection Laws,1,Nairobi,Nairobi town,Unknown,,1.0,Unknown,,Providing commercial tele-radiology,AI-assisted radiology,The Standard page15,"The High Court of Kenya in Nairobi, under Justice Patricia Nyaudi, has issued a landmark ruling halting the operations of Rology Medical Kenya Limited. The suspension follows a lawsuit filed by the Kenya Association of Radiologists, who alleged that the company's AI-assisted tele-radiology platform lacked sufficient oversight and unlawfully exposed and transferred sensitive patient data. In response, the court ordered the immediate cessation of the firm's activities and directed the Ministry of Health and the Kenya Medical Practitioners and Dentists Council to revoke its licenses and approvals. While Rology Medical Kenya Limited has denied the allegations and defended its services, it must remain suspended until it fully complies with the nation's digital health and data protection laws.",2026,2026-06,2026 Q2
2026-06-13,Homicide & Unlawful Killing,Causing Death By Dangerous Driving,5,Nairobi,Ngong road near Lenana sch,Male,Minors,2.0,Male,34 and minor,Negligence and to evade criminal prosecution,Vehicle,Daily Nation pg 2,"Following a Peponi School leavers' dinner at Muthaiga Country Club, an Isuzu D-Max carrying five students rolled along Ngong Road at 3:50 AM. The crash killed two foreign students instantly and left a third in a coma. While the school’s headmaster and initial witness accounts indicated that a prominent businessman’s minor son was driving drunk and speeding, the family later claimed his 34-year-old cousin was behind the wheel. Alleging a high-profile cover-up by the family, the school, and local police, the comatose student's family (represented by Murgor & Murgor Advocates) has petitioned the DCI for a full forensic probe, citing text-message apologies from the minor and warning of potential diplomatic fallout.",2026,2026-06,2026 Q2
2026-06-15,"Robbery, Theft & Burglary",Robbery With Violence,2,Kiambu,Juja,Female,,,Male,,Unknown,Physical force,The Daily Nation pg 4,Two rape cases from late last year remain unresolved despite happening around the same area. The detectives in charge of the case are cracking on protest planners.,2026,2026-06,2026 Q2
2026-06-15,Corruption & Abuse of Office,Abuse Of Office,1,Multiple Counties,,Unknown,,,Unknown,,Financial gain,Abuse of office,The Standard pg 6&7,There has been a rising matter of foreign nationals acquiring the Kenyan IDs and passports after bribing some officials at the registry and immigration departments. Several cases of Somali nationals holding Kenyan IDs have been highlighted.,2026,2026-06,2026 Q2
2026-06-16,Environmental & Wildlife Crimes,Environmental Pollution,1,Meru,"Upper Imenti Forest, Nkunga crater lake",Unknown,,,Unknown,,Convenience and reckless waste disposal due to easy roadside access,Harmfull wastes,The Daily Nation page 14,"The Imenti Forest in Meru County is currently under severe ecological threat from both human pollution and commercial development. Long celebrated as a serene recreational space and a vital wildlife sanctuary for elephants and monkeys, the forest is increasingly marred by the illegal, large-scale dumping of soiled baby diapers along major traversing roads. This waste, often dumped deliberately in large sacks, emits foul odors, ruins the area's therapeutic value, and threatens to contaminate critical river catchments that feed into major national water sources. Simultaneously, environmental groups like Rhino Ark are fiercely opposing a government proposal to excise over 100 acres of this protected land for a state lodge, golf course, and airstrip. Activists and the National Environment Management Authority (Nema) are urging a halt to these development plans—suggesting safer alternatives like upgrading nearby existing airstrips—to prevent irreversible damage to a critical water tower and biodiversity hotspot.",2026,2026-06,2026 Q2
2026-06-17,Property Destruction & Arson,Destruction Of Property,2,Kilifi,Malindi Beachfront,Male,,,Unknown,,Land dispute,Firearm,The Standard pg 2,"A businessman and family administrator, Twahir Salim Swod, has accused security officers of executing an illegal midnight raid on a disputed beachfront property in Kilifi County. Armed with rifles and driving official vehicles, the officers stormed the property on a Friday night, arrested Swod and several workers, and held them in custody at the Malindi Police Station. While the victims were detained, the property's structures were torched and business equipment was looted and loaded onto a pickup truck. Following his release, Swod discovered that solar panels, batteries, life jackets, and other items valued at approximately Sh5 million were missing, leaving behind only burnt tents and mattresses. The family claims the raid stems from an ongoing land dispute, alleging that workers from a hotel linked to the Kenya Wildlife Service (KWS) have previously issued threats. Swod has officially called for an independent investigation into the incident.",2026,2026-06,2026 Q2
2026-06-18,Fraud & Financial Crimes,Fraud,1,Taita Taveta,Voi,Unknown,,1.0,Male,,Enrichment,Unknown,The Standard pg 9,"Geoffrey Kimongo, a former political advisor of governer  John Mruttu,Kimonge was arrested and charged with fraud,for emblezzling funds from the county government to enrich himself.The amount that he fraudently acquired sums up to sh12,458,990,the court ordered him to pay back the money.",2026,2026-06,2026 Q2
2026-06-18,Organized Crime & Terrorism,Organized Crime,1,Mombasa,"Jua Kali area,Cabo Delgado region, northern Mozambique (intended final destination)",Unknown,,2.0,Male,,Expanding an emerging Islamic State (ISIS) recruitment network,Mobile phone,Daily Nation pg 18,"Two Kenyan nationals, Yusuf Mbashir Swaleh and Abdulkarim Mohamed Salim, were intercepted by Tanzanian authorities at the Horohoro border point while allegedly trying to travel to the conflict-ridden Cabo Delgado region in northern Mozambique. Following their arrest, Kenyan security agencies launched an investigation into a cross-border recruitment pipeline linking Kenyan youths to ISIS cells. Charged under Kenya's Prevention of Terrorism Act, Swaleh is accused of funding Salim’s travel via an Sh8,000 mobile money transfer and possessing radical material on a Samsung smartphone, while Salim allegedly organized recruitment meetings in Mombasa. The Anti-Terror Police Unit (ATPU) successfully opposed their bail in a Kwale court, arguing that the suspects lack stable income, possess valid passports, have ties to associates in Mozambique, and present a high flight risk through porous regional borders.",2026,2026-06,2026 Q2
2026-06-19,Land & Eviction Offences,Trespass,1,Taita Taveta,Kasigau Location,Unknown,,,Unknown,,Searching for water and pasture,Unknown,The standardpg7,"A dispute arose in Kasigau Location, Taita-Taveta County, after residents complained that herders from a neighbouring county were repeatedly driving camels into private farms and settlement areas in search of water and pasture. Angry farmers protested at the Voi Police Station, accusing authorities of failing to act and alleging collusion with the herders.",2026,2026-06,2026 Q2
2026-06-19,"Robbery, Theft & Burglary",Robbery With Violence,10,Kisumu,Chemelil Sugar Academy,Male and Female,,30.0,Male,,Unknown,Crude weapons,Daily nationpg3,"About 30 armed attackers stormed Chemelil Sugar Academy in Kisumu County as students returned from the half-term break. The gang forced its way through the school gate, assaulted teachers, parents, workers, and security personnel, vandalized offices, and stole cash, mobile phones, and other valuables. Many victims fled into surrounding sugarcane plantations to escape the attack. At least 10 people, including teachers, a parent, the bursar, and a supplier, were injured,",2026,2026-06,2026 Q2
2026-06-20,Environmental & Wildlife Crimes,Environmental Pollution,1,Kisumu,Winam Gulf of Lake Victoria,Male and Female,,,Male and Female,,Negligence and poor waste management practices,Harmfull wastes,Daily Nation page 3,"The ecological deterioration of Lake Victoria has severely disrupted Kisumu City with an invasive, foul-smelling stench caused by a combination of climate change and human pollution. Local businesses and residents are dumping sewage, plastics, and agricultural runoff into the lake's feeding rivers, overloading the water with excess nutrients. This nutrient buildup fuels massive algal blooms which, upon dying and decomposing, deplete oxygen levels and release noxious gases like hydrogen sulphide. As a result, the Kisumu Water and Sanitation Company (Kiwasco) has been forced to reduce water production and ramp up chemical treatments, causing widespread supply shortages, while public health officials warn of rising health risks like nausea, headaches, and skin irritation.",2026,2026-06,2026 Q2
2026-06-20,Public Order & Administration of Justice,Conspiracy To Commit A Misdemeanour,1,Nyandarua,Ol Kalou constituency,Male and Female,,,Male and Female,,Speculated attempts to skew the upcoming local by-election by bringing in non-resident individuals,Vehicle,The standard page 8,"Tension flared up in Kaimbaga Ward, Ol Kalou constituency, ahead of a highly anticipated July 16 by-election, after local residents intercepted and surrounded school buses suspected of being involved in electoral malpractice. Angry locals blocked the vehicles and forced the passengers to alight before chasing them away, driven by allegations that the buses were transporting individuals involved in an illegal national identity card auction scheme to influence the upcoming vote. The confrontation, recorded and widely shared on social media, has intensified regional political friction and fueled speculation pointing towards UDA party involvement. While local UDA leaders—who recently campaigned for candidate Samuel Muchina Nyaga—have completely dismissed allegations of importing outsiders and accused critics of discrediting the IEBC, security agencies have yet to issue an official statement clarifying the true nature and destination of the buses",2026,2026-06,2026 Q2
2026-06-21,Assault & Bodily Harm,Political Violence,3,Nakuru,"Umoja Senior School, Kuresoi North",Male and Female,,56.0,Unknown,,Political rivalry and supremacy battle,Firearm and crude weapons,The Standard page 9,"A violent political clash erupted at Umoja Senior School in Kuresoi North, Nakuru County, during a youth empowerment rally, prompting police to launch a manhunt for the area MP, Alfred Mutai. The confrontation began when MP Mutai, accompanied by roughly 200 supporters, attempted to enter the venue but was blocked by youth groups allegedly allied with Nakuru Governor Susan Kihika. As the situation quickly escalated into chaos, police report that MP Mutai drew his personal firearm and shot into the crowd in self-defense, injuring three civilians. Following the clashes, which also resulted in the torching of a minibus and heavy vandalism of several vehicles, authorities arrested 56 suspects at the MP’s residence and recovered an assortment of crude weapons alongside spent ammunition. While MP Mutai denies shooting anyone and blames Governor Kihika for mobilizing outside youth to trigger the violence, security agencies are under pressure to conduct impartial investigations into both political factions involved.",2026,2026-06,2026 Q2
2026-06-21,Assault & Bodily Harm,Political Violence,1,Kakamega,Matungu,Male and Female,,,Unknown,,Political posturing and intimidation,Crude weapons,The Standard page 9,"John Makokha witnessed a chaotic scene at a recent burial in Matungu where the peaceful mourning process was completely disrupted by political goons. Groups of youth aligned with rival political factions invaded the funeral while chanting political slogans and wearing distinct regalia to identify their allegiances. Makokha noted that these youth marched aggressively through the crowd, shouting, carrying crude weapons, and physically pushing mourners aside. These youths were moving in large numbers, dressed in matching or intimidating outfits (such as specific buttons, scarves, or colored regalia to identify themselves with different political factions). The atmosphere became so hostile and unpredictable that helpless residents felt entirely powerless to stop them, highlighting the growing trend of politicians weaponizing funerals for aggressive political mobilization.",2026,2026-06,2026 Q2
2026-06-21,Public Order & Administration of Justice,Unlawful Assembly,1,Migori,"Sirare–Sare A1 Road, Migori–Isebania highway",Unknown,,,Unknown,,Protest against government inaction,Blocking road,The Standard page 13,"Residents, matatu operators, and traders in Migori staged a protest over prolonged government delays in repairing the structurally compromised Migori Footbridge on the Sirare–Sare A1 Road. The demonstrators blocked a key diversion route, severely disrupting transit and commercial business operations along the busy Migori–Isebania highway. Migori Bus Park chairman Jared Oketch noted that the community resorted to demonstrations after exhausting all formal avenues to seek government intervention for the bridge, which developed severe structural weaknesses back in February and forced motorists onto lengthy alternative routes. While local operators have vowed to sustain weekly protests until physical rehabilitation begins, Public Investments Principal Secretary Cyrell Wagunda stated that the government is currently working to secure the necessary funds to repair the infrastructure.",2026,2026-06,2026 Q2
2026-06-21,Land & Eviction Offences,Forced Eviction,1,Nairobi,Kwa Njoroge village near City Park,Male and Female,,,Unknown,,Land acquisition and displacement,Firearm and crude weapons,Daily Nation page 2,"On a Friday night, residents of Kwa Njoroge village—an informal settlement near Nairobi's City Park—faced a violent eviction attempt by armed men accompanied by police officers. The attackers, allegedly acting on behalf of a private developer who claims ownership of the land, invaded the settlement with pangas, guns, and teargas, forcing sleeping families from their homes and assaulting an elderly resident. The community, many of whom have lived there for decades, successfully repulsed the attackers and subsequently staged protests demanding government intervention and transparency. While residents maintain this was an illegal and forceful land grab involving measly compensation offers of Sh3,000, an anonymous police officer defended the nighttime raid as a lawful execution of a court order against residents who had allegedly refused to vacate after being paid.",2026,2026-06,2026 Q2
2026-06-22,Property Destruction & Arson,Arson,2,Nairobi,Gikomba,Male and Female,,,Unknown,,Unknown,Fire,The Daily Nation pg3,A fire broke out in Gikomba market killing 2 people and massive destruction of business. Traders fear that the fires are deliberately set to facilitate land grabbing.,2026,2026-06,2026 Q2
2026-06-22,Police Misconduct,Police Brutality,49,Nairobi,,Male and Female,,,Unknown,,Suppression,Firearm,The Standard pg 4,49 young people have been killed by police between January and May 2026 with the recent fuel protests leaving 24 dead. This is according to Social Justice Centre Working Group and other Human Rights Groups' data.,2026,2026-06,2026 Q2
2026-06-23,Fraud & Financial Crimes,Fraud,1,Samburu,Samburu County Government,Unknown,,,Unknown,,Financial gain,System manipulation,The Daily Nation pg 19,"An audit by Auditor-General Nancy Gathungu for the year ended June 30, 2025, has exposed widespread human resource and payroll fraud within Governor Lati Lelelit’s Samburu County Government. The report reveals that between July 2024 and June 2025, at least 83 employees were paid millions of shillings despite having no designated job titles, roles, or clear deployment, with some personnel records missing vital biodata or sharing duplicate national ID numbers. Furthermore, the administration illegally spent Sh60 million on an unapproved ""Governor’s Delivery Unit"" containing 29 staff hired completely outside the County Public Service Board's jurisdiction and without any legal due process. Compounding these severe compliance failures, the county bypassed National Treasury regulations by paying Sh59.4 million in salaries completely outside the standard Integrated Payroll and Personnel Database (IPPD) and unlawfully deducted Sh2.7 million in taxes from employees with disabilities who were legally exempt, prompting urgent calls for systemic corrective action to safeguard public funds.",2026,2026-06,2026 Q2
2026-06-23,Corruption & Abuse of Office,Corruption,1,Nairobi,Standard Gauge Railway,Unknown,,,Unknown,,"Vested interests and elite networks using a secretive, investor-led framework to bypass public accountability",Abuse of office,The Daily Nation pg 12,"A new report by Transparency International (TI) Kenya, titled Corruption Risk Assessment of Infrastructure Projects in Kenya, reveals that the country is facing a massive debt burden due to critical governance failures and high corruption risks embedded in the Standard Gauge Railway (SGR) project. Assessed between September 2025 and March 2026, the SGR received a staggering vulnerability score of 4.49 out of 5 using the Infrastructure Corruption Risk Assessment Tool (ICRAT). This systemic lack of due diligence caused the original 539 billion Shilling loan—heavily sourced from Chinese lenders—to balloon to 737.5 billion Shillings by late 2024 due to accumulated interest from delayed repayments. The report flags that the project was pushed through via an opaque, investor-led process that cut out public participation, limited parliamentary oversight, and hid final contract costs. Furthermore, highly restrictive clauses locked any dispute resolutions into arbitration in Beijing while enforcing strict confidentiality. TI Kenya warns that the country loses over 600 billion Shillings annually to stalled or mismanaged infrastructure, and urges the government to enforce strict transparency and proactive documentation before proceeding with planned SGR extensions to Malaba.",2026,2026-06,2026 Q2
2026-06-24,Homicide & Unlawful Killing,Murder,1,Kiambu,Kiang'ombe estate in Thika,Female,21,1.0,Male,,Relationship conflict,Sharp Object,The Standard Pg 3,"A 21-year-old Thika Technical Training Institute student, Elizabeth Ngina, was found murdered in a rented room in Kiang’ombe Estate, Thika, Kiambu County. The body showed signs of extreme violence, including beheading, missing fingers, and approximately 32 stab wounds to the back.According to police reports, the victim was allegedly in a relationship with the suspect, who has since been arrested.",2026,2026-06,2026 Q2
2026-06-24,Homicide & Unlawful Killing,Illegal Exhumation Of A Body,1,Homa Bay,"Kawera Sub Location,East Kabuoch Location",Female,,2.0,Male,,Marital disputes,Unknown,The Standard Pg 3,"A man identified as Charles Paya was arrested in Ndhiwa Sub-County, Homa Bay County, for exhuming the body of his first wife, Agnes Otieno, shortly after her burial. The body had initially been buried at his homestead following her death.However, due to prior disputes and personal differences, Paya reportedly objected to her burial at the family home and preferred that she be buried in a maize plantation outside the compound. A few days after the burial, Paya, with the assistance of his son, exhumed the body and reburied it in a grave dug in a maize farm.Police investigations revealed that the action was driven by longstanding disagreements between Paya and his first wife, as well as tensions arising from his remarriage. Authorities are now handling the case as an unlawful exhumation and improper handling of human remains.",2026,2026-06,2026 Q2
2026-06-24,Public Order & Administration of Justice,Contempt Of Court,1,Laikipia,Laikipia Air Base in Nanyuki,Unknown,,1.0,Male,,Misinterpretation of court orders,Unknown,Daily Nation pg 11,"The case concerns Kenya’s Health Cabinet Secretary, Aden Duale, who was found guilty of contempt of court for allowing continued construction of an Ebola isolation facility at Laikipia Air Base in Nanyuki, despite court orders halting the project.The High Court had issued conservatory orders suspending the implementation of the project, which is backed by the United States as part of Ebola preparedness efforts. However, construction activities reportedly continued, prompting legal action by petitioners.After being found in contempt, Mr. Duale appeared before the court for mitigation. He apologised, explaining that he had misunderstood the court’s orders, believing they only applied to the Kenya–US collaboration aspect and not to Kenya’s independent public health actions.",2026,2026-06,2026 Q2
2026-06-25,Fraud & Financial Crimes,Fraud,1,Mombasa,Kipevu,Unknown,,,Unknown,,Unknown,Unknown,Daily  Nation pg 18,Documents submitted to the National Assembly Transport  and infrastructure committee seen by the nation indicates that Kenya Ports Authority allocated a public land to a private firm owned by a prominent  figure.Its a fraudulent tender that breaches the constitutions provisions,2026,2026-06,2026 Q2
2026-06-25,Corruption & Abuse of Office,Abuse Of Office,1,Unknown,,Male and Female,,,Unknown,,Favourism and enrichment,Abuse of office,The Standard pg 7,"The High Court has found that weaknesses in education funding framework is fuelling discrimination, political interference and poor oversight while giving bursaries. A destitute student ends up losing bursarsary chance to a student from a well connected household. In some cases a well-connected student receives bursary from the ministry and NG-CDF simultaneously.",2026,2026-06,2026 Q2
2026-06-26,Other Offences,Suicide,1,Nakuru,A house in Aberdare National Park,Male,,1.0,Male,,Suicide,Firearm,The standard pg11,"A Kenya Wildlife Service (KWS) officer, Cpl Leonard Odero, was found dead inside a house in Aberdare National Park, Nakuru County, in what police initially described as a suspected suicide. According to the preliminary police report, the officer sustained six gunshot wounds to different parts of his body.",2026,2026-06,2026 Q2
2026-06-26,Homicide & Unlawful Killing,Murder,1,Kisii,Kisii and Nyamira counties,Female,,,Unknown,,Plot to end whitchcraft,Fire,The standardpg13,"The High Court dismissed a public interest petition filed by Kitui Chief Magistrate Judith Sialo, which sought judicial intervention over the persistent killings of elderly women accused of witchcraft in Kisii and Nyamira counties.",2026,2026-06,2026 Q2
2026-06-26,"Robbery, Theft & Burglary",Robbery,1,Garissa,Garissa Town,Unknown,,140.0,Male,11 and 20,Unknown,Sharp object,The standard pg13,"Garissa Town, Garissa County, has experienced a surge in violent crime over recent months, including fatal stabbings, robberies, and daytime attacks.",2026,2026-06,2026 Q2
2026-06-26,Public Order & Administration of Justice,Unlawful Assembly,1,Multiple Counties,"Nairobi (161), Kajiado (123), Kiambu (36), Murang'a (12), Bungoma (9), Meru (6), Laikipia (5), and Machakos (3).",Unknown,,355.0,Male and Female,,"To commemorate the second anniversary of the Gen-Zs who were killed during the 25th June, 2024 Nationwide Anti-Finance bill protests",Blocking road,The standardpg9,"During the Gen Z anniversary demonstrations in Kenya, security forces arrested at least 355 people nationwide, with Nairobi County recording the highest number of detentions. Interior Cabinet Secretary Kipchumba Murkomen stated that those arrested would face charges ranging from robbery and vandalism to road obstruction. Among those targeted by police were activists, grieving families of past protest victims—such as Gillian Munyao, mother of the late Rex Masai—and former Chief Justice David Maraga, who were accosted by armed officers while attempting to peacefully march to the Parliament Buildings. Former CJ Maraga strongly condemned the state's deployment of excessive force, accusing the government of trying to evade accountability for the 65 deaths from the previous anti-Finance Bill protests and calling on President William Ruto to issue a public apology and ensure justice is served.",2026,2026-06,2026 Q2
2026-06-27,Public Order & Administration of Justice,Unlawful Assembly,1,Nairobi,"Landhies Road and various major roadways leading into the central business district of Nairobi, Kenya",Unknown,,203.0,Male and Female,,To commemorate the second anniversary of the historic Gen Z protest killings by State security forces and continue pushing anti-government grievances,Blocking road,The Daily Nation pg 11,"The state arraigned more than 100 protesters at the Milimani Law Courts following their arrests during the June 25, 2026, Gen Z anniversary demonstrations. The protests, organized to mark two years since more than 60 people were killed by State security agents, resulted in a wave of arrests across Nairobi, with suspects processed through major stations including Kamukunji, Shauri Moyo, Industrial Area, and Central. The prosecution alleged that the demonstrators unlawfully assembled and intentionally gridlocked traffic on Landhies Road using stones and burning tires. Conversely, the defense team countered that the gridlock was entirely manufactured by police roadblocks that locked down the city. While all arraigned suspects pleaded not guilty, the Office of the Director of Public Prosecutions (ODPP) dropped all charges against a young mother who had been brought into the courtroom holding her toddler, evoking an emotional response from onlookers.",2026,2026-06,2026 Q2
2026-06-28,Homicide & Unlawful Killing,Murder And Sexual Assault,1,Kisumu,"Chief's area at Kona Mbuta, Manyatta",Female,,,Male,,Unknown,Physical force,The Standard page 2,"Police in Kisumu are investigating the brutal sexual assault and murder of an unidentified middle-aged woman whose body was discovered in the Kona Mbuta area of Manyatta. Local residents reported that the victim, a mother who had left her home to seek casual work, appeared to have fought her attackers before she was raped and killed. The shocking incident has caused uproar, spreading fear among local women and sparking renewed demands for heightened security in the region as DCI detectives work to track down the assailants.",2026,2026-06,2026 Q2
2026-06-28,Other Offences,Violating Construction Regulations,1,Mombasa,Mombasa town,Unknown,,,Unknown,,Commercial gain,Addition of extra floors,The Standard page 15,"The National Construction Authority (NCA) has launched a crackdown in Mombasa against rogue developers who are illegally adding extra floors to buildings without regulatory approval. According to NCA Compliance Manager Stephen Mwilu, an enforcement operation resulted in the arrest of a developer who breached a seven-storey limit, highlighting a dangerous trend where builders ignore suspension orders and compromise public safety. The authority has linked these unauthorized extensions to past building collapses and warned that non-compliant projects will remain shut down, with offenders facing stiff penalties of up to Sh3 million in fines, three years of imprisonment, or both.",2026,2026-06,2026 Q2
2026-06-28,Police Misconduct,Police Brutality,7,Nairobi,"Parliament Buildings,Central Police Station, Parklands, and Ngong Road",Male and Female,,,Unknown,,Interrogation and intimidation,Firearm and vehicle,The Standard page 6,"Seven human rights activists experienced a harrowing 48-hour ordeal after being abducted by plain-clothes police officers outside the Parliament Buildings during a memorial event marking the second anniversary of the Gen Z protests. The activists were bundled into a police truck and later transferred into the boots of three Subaru Outbacks by masked, armed men who drove them to an undisclosed location. During their secret detention, they were stripped of their phones, locked in separate rooms, and subjected to severe beatings while being aggressively interrogated about who was funding their protests to embarrass the President and the Kenya Kwanza administration. Following their release, several of the victims required urgent admission to Nairobi Women's Hospital for extensive injuries, drawing fierce condemnation from civil society organisations like the Kenya Human Rights Commission, which called out the state for violating citizens' constitutional rights.",2026,2026-06,2026 Q2
2026-06-28,Police Misconduct,Police Brutality,1,Nakuru,Along the Mercy Njeri-Mastoo Road,Male,,4.0,Male,,Targeted intimidation linked to The Standard Group's editorial stance,Firearm,The Standard page 6,"Four armed men brandishing AK-47 rifles attempted to abduct Standard Group Associate Editor Alex Kiprotich along Mercy Njeri-Mastoo Road in Nakuru. The attackers used a Probox to overtake and block Kiprotich's vehicle, but he managed to lock his doors and swiftly swerve away to escape after one of the gunmen momentarily closed a passenger door. According to his lawyer, Gordon Ogola, the incident followed a pattern of suspicious surveillance involving a Subaru, and he strongly linked the attempted kidnapping to state-driven intimidation following harsh public criticism from President William Ruto regarding the media house's editorial stance. In response, leadership from The Standard Group and the Kenya Union of Journalists (KUJ) condemned the attack as a direct assault on press freedom, declaring they would not be intimidated while demanding a transparent investigation from authorities.",2026,2026-06,2026 Q2
2026-06-29,Assault & Bodily Harm,Political Violence,1,Nyandarua,Ol Kalou,Male,,,Unknown,,Political intolerence and intimidation,Unknown,The standard page2,"Unknown youths allegedly vandalized Samuel Muchina's campaign billboard in Captain Town ahead of the Ol Kalou by-election. The incident is believed to have been politically motivated, aimed at intimidating a rival candidate. The matter was reported to the police as malicious damage, and an investigation was requested.",2026,2026-06,2026 Q2
2026-06-30,Police Misconduct,Police Brutality,1,Narok,Ang'ata Barikoi,Female,,,Unknown,,Security Operation,Fire,The Standard PG 3,"35 Year-old widow, Gladys Rotich lost her house and everything after a police operation, leaving her and her family homeless.",2026,2026-06,2026 Q2
2026-06-30,Corruption & Abuse of Office,Abuse Of Office,1,Narok,Ang'ata Barikoi,Male,,,Unknown,,Security Operation,Stealing,The Standard PG 3,"Alfred Mutai's generator was stolen during the security operation, leaving him counting his losses.",2026,2026-06,2026 Q2
2026-06-30,Police Misconduct,Police Brutality,1,Narok,Ang'ata Barikoi,Unknown,,,Unknown,,Security Operation,Fire,The Standard PG 3,"Homes and businesses were allegedly set ablaze during a security operation, leaving hundreds of residents homeless.",2026,2026-06,2026 Q2
2026-07-11,Police Misconduct,Police Brutality,1,Kiambu,,Male,,,Unknown,,Incapacitation,Firearm,The Standard pg 6,The 14 year old boy was shot on the leg during the saba saba protests while playing football. He was taken to the hospital where the bullets were removed under police watch and then thrown to the police cells where he stayed without the required mediacal attention before being released on a free bond.,2026,2026-07,2026 Q3
2026-07-11,Homicide & Unlawful Killing,Murder,1,Nairobi,,Male,,1.0,Male,,Political intimidation,Firearm,Daily Nation Pg 2,A police officer captured on camera shooting a mask vendor during the Gen-z protests charged with murder after the DPP amended his chargesheet from assult to murder. He will however be remanded awaiting for mental assessment to ensure he is stable to stand trial.,2026,2026-07,2026 Q3
2026-07-11,Homicide & Unlawful Killing,Murder,1,Nakuru,,Female,,1.0,Unknown,,Unknown,Blunt object,The Standard pg 12,The search of a missing medic from Naivasha ended tragically after the body of a missing clinical officer was discovered buried in a shallow grave within her compound after her househelp was arrested in connection with her disappearance.,2026,2026-07,2026 Q3
2026-07-12,Homicide & Unlawful Killing,Extra-Judicial Killing,1,Laikipia,,Male,,1.0,Male,,Incapacitation,Firearm,Daily Nation Pg 7,"Murder report of a 23 yr old, form 3 student, James Wambugu following confrontations between the public and police officers on Sabasaba protests at Likii Estate Nanyuki Town, where in a viral video a police officer is recorded shooting into a crowd and Wambugu falls, He is then rushed to Nanyuki Teaching and Referral Hospital where he succumbs to his injuries and dies the following morning. The family of the deceased left in anguish and calling for Justice of their son who was ambitious to become a doctor.",2026,2026-07,2026 Q3
